index,implicit,explicit,target_groups,annotator_sentiment,abuse_level
1861,1,0,0,2,1
17955,1,0,0,2,1
15485,1,0,0,2,1
1015,1,0,0,0,1
16627,1,0,0,1,1
15715,1,0,0,0,1
14956,1,0,0,2,1
297,0,1,0,1,1
4720,1,0,0,1,1
1637,0,1,0,2,2
10943,1,0,0,7,1
11200,1,0,0,6,1
2542,0,1,0,2,1
16458,0,1,0,5,2
18520,1,0,0,1,3
14922,0,1,0,0,1
1038,1,0,0,0,3
2337,1,0,0,2,1
12352,1,0,0,4,1
7906,1,0,0,1,1
13996,1,0,0,4,1
2113,1,0,0,0,1
5831,1,0,0,8,1
439,0,1,0,2,2
13901,1,0,0,2,1
15222,0,1,0,2,2
6598,1,0,0,2,2
2743,1,0,0,7,2
3334,1,0,0,2,1
15825,1,0,0,0,1
17006,0,1,0,2,1
18157,1,0,0,0,3
1391,0,1,0,2,1
14859,0,1,0,2,1
11227,1,0,0,7,1
1300,1,0,0,2,2
10652,1,0,0,7,1
8012,1,0,0,2,1
553,1,0,0,0,1
7865,1,0,0,3,2
14668,0,1,0,2,1
12873,1,0,0,7,1
2964,1,0,0,2,2
3216,1,0,0,0,1
12346,0,1,0,8,1
1653,1,0,0,2,1
18351,1,0,0,1,1
73,1,0,0,0,1
15650,0,1,0,0,2
7047,1,0,0,4,1
3866,1,0,0,4,1
18227,1,0,0,1,1
15421,0,1,0,0,1
2207,1,0,0,6,1
16679,0,1,0,2,1
12875,1,0,0,2,2
18073,0,1,0,1,1
3257,1,0,0,2,1
373,0,1,0,0,1
7313,1,0,0,1,1
2161,0,1,0,0,3
16288,0,1,0,7,2
18002,1,0,0,0,1
2770,1,0,0,2,1
2201,0,1,0,0,1
759,1,0,0,2,1
1899,1,0,0,0,1
2321,1,0,0,0,1
18319,1,0,0,0,1
850,1,0,0,4,3
1071,1,0,0,1,2
8020,1,0,0,1,1
18146,1,0,0,2,2
133,0,1,0,0,1
12400,1,0,0,7,2
7759,1,0,0,4,1
13617,1,0,0,2,1
3246,1,0,0,0,1
869,0,1,0,2,1
17022,0,1,0,2,1
9979,1,0,0,2,1
15504,1,0,0,2,1
465,0,1,0,0,1
15532,0,1,0,4,1
11407,0,1,0,2,1
17492,1,0,0,2,1
1725,1,0,0,1,1
13864,1,0,0,4,1
14209,1,0,0,3,2
3708,1,0,0,7,2
13564,1,0,0,1,1
18069,1,0,0,0,1
2221,1,0,0,2,1
1097,0,1,0,0,1
1883,1,0,0,0,1
485,1,0,0,0,1
3226,1,0,0,2,3
1868,1,0,0,2,1
14431,1,0,0,6,1
1217,1,0,0,0,1
5431,1,0,0,7,1
4671,1,0,0,4,1
15929,1,0,0,2,1
2283,1,0,0,0,1
5048,1,0,0,7,1
16201,1,0,0,2,1
15669,0,1,0,2,1
13027,0,1,0,3,3
13858,1,0,0,4,1
3956,1,0,0,6,1
15381,0,1,0,6,1
13595,1,0,0,7,1
17393,1,0,0,0,1
2964,1,0,0,2,2
7313,1,0,0,1,1
4597,1,0,0,9,1
3335,1,0,0,0,1
7853,1,0,0,7,1
16146,1,0,0,0,1
9698,0,1,0,4,1
2821,1,0,0,1,1
18375,0,1,0,2,1
13460,1,0,0,2,1
2780,1,0,0,2,1
1532,1,0,0,2,2
17919,1,0,0,2,1
1424,1,0,0,0,1
7489,1,0,0,4,1
16631,1,0,0,0,1
17907,0,1,0,0,1
3246,1,0,0,0,1
16156,0,1,0,2,1
17941,1,0,0,0,1
6215,1,0,0,6,1
2797,0,1,0,2,1
17110,1,0,0,1,1
16668,1,0,0,2,1
4338,0,1,0,2,1
17742,0,1,0,0,1
15210,0,1,0,7,1
15650,0,1,0,0,2
1510,0,1,0,0,1
8822,1,0,0,3,1
18484,1,0,0,2,1
1846,0,1,0,2,1
16713,0,1,0,1,1
4930,1,0,0,6,1
14231,1,0,0,4,1
5169,1,0,0,6,1
16819,0,1,0,3,1
472,0,1,0,0,1
15998,0,1,0,4,1
1632,0,1,0,4,1
10381,1,0,0,2,1
14979,0,1,0,0,1
452,0,1,0,2,1
6827,1,0,0,2,1
17115,1,0,0,1,4
1315,0,1,0,0,1
16039,1,0,0,0,4
2461,1,0,0,0,1
16500,0,1,0,1,2
11988,1,0,0,8,1
5768,1,0,0,6,1
1417,0,1,0,4,2
14600,1,0,0,1,1
2976,1,0,0,2,1
7388,1,0,0,2,1
326,1,0,0,2,1
15867,1,0,0,0,1
14942,0,1,0,6,1
5207,1,0,0,3,1
6129,1,0,0,4,1
1059,1,0,0,0,1
15131,1,0,0,0,1
7090,1,0,0,2,1
10902,1,0,0,3,1
14956,1,0,0,2,1
5803,1,0,0,1,2
18437,0,1,0,3,1
16375,1,0,0,2,1
598,1,0,0,0,1
1346,1,0,0,2,1
2201,0,1,0,0,1
17483,0,1,0,1,1
7911,1,0,0,1,1
17869,0,1,0,0,1
15550,1,0,0,0,2
18474,1,0,0,2,2
7971,1,0,0,2,1
15712,1,0,0,1,1
4703,1,0,0,9,1
9864,1,0,0,2,1
2474,0,1,0,0,2
15784,0,1,0,4,1
4807,1,0,0,1,1
18317,1,0,0,0,1
4478,1,0,0,4,1
3140,1,0,0,0,1
18197,1,0,0,0,1
574,1,0,0,0,1
15764,1,0,0,0,1
12351,1,0,0,3,2
221,1,0,0,2,2
9235,1,0,0,7,1
15066,1,0,0,2,1
17964,0,1,0,0,1
14799,1,0,0,1,3
15906,1,0,0,0,1
17989,0,1,0,1,1
2071,1,0,0,2,1
18444,0,1,0,2,1
370,1,0,0,0,1
2812,1,0,0,1,1
18308,0,1,0,2,1
3328,1,0,0,7,1
2628,1,0,0,0,1
15532,0,1,0,4,1
13909,1,0,0,2,1
2066,1,0,0,0,1
16634,1,0,0,2,1
2249,1,0,0,6,1
4782,1,0,0,4,1
16600,0,1,0,0,1
1214,0,1,0,2,2
11722,1,0,0,1,2
16334,1,0,0,0,1
517,1,0,0,4,1
2087,0,1,0,2,1
15399,0,1,0,2,1
1759,0,1,0,0,2
15579,1,0,0,0,1
34,1,0,0,4,1
2685,1,0,0,0,1
9277,0,1,0,7,1
12107,1,0,0,3,2
2306,0,1,0,0,1
16627,1,0,0,1,1
12386,1,0,0,2,2
2285,0,1,0,2,1
10381,1,0,0,2,1
16565,0,1,0,0,1
666,1,0,0,2,1
1313,1,0,0,2,3
15712,1,0,0,1,1
1512,1,0,0,0,1
2441,1,0,0,2,1
442,0,1,0,0,1
10160,1,0,0,6,3
2122,0,1,0,0,3
15124,0,1,0,2,1
2542,0,1,0,2,1
16231,0,1,0,6,1
16495,1,0,0,3,1
290,1,0,0,2,1
8034,1,0,0,3,1
5913,1,0,0,4,1
1229,1,0,0,0,1
6556,1,0,0,7,1
13899,1,0,0,4,1
18112,0,1,0,0,1
18351,1,0,0,1,1
14906,0,1,0,2,1
4721,1,0,0,7,1
15236,1,0,0,0,1
349,0,1,0,0,1
12181,1,0,0,4,2
3066,0,1,0,2,3
18430,1,0,0,0,3
1669,1,0,0,1,1
15728,1,0,0,1,1
14547,1,0,0,1,1
1167,0,1,0,0,1
6101,1,0,0,8,1
11418,1,0,0,1,2
1141,0,1,0,0,1
15033,1,0,0,0,2
18542,1,0,0,2,1
18517,1,0,0,1,2
10700,1,0,0,1,2
18087,0,1,0,4,1
13637,1,0,0,6,1
2104,1,0,0,0,1
2508,0,1,0,2,1
14210,1,0,0,3,1
7316,1,0,0,8,3
1843,1,0,0,1,1
18571,1,0,0,1,1
17893,1,0,0,0,3
17952,0,1,0,4,2
1241,0,1,0,0,1
16011,1,0,0,1,1
2462,0,1,0,0,1
4988,1,0,0,3,2
18098,1,0,0,2,1
11788,1,0,0,3,1
13323,1,0,0,2,2
15585,1,0,0,1,1
15359,1,0,0,2,1
10,0,1,0,2,1
1896,1,0,0,0,1
2151,1,0,0,2,2
18563,1,0,0,0,2
1374,1,0,0,0,1
4782,1,0,0,4,1
4703,1,0,0,9,1
273,1,0,0,2,1
1798,1,0,0,4,1
17632,0,1,0,3,1
2976,1,0,0,2,1
1581,1,0,0,2,1
264,1,0,0,0,1
14719,0,1,0,1,1
2464,1,0,0,4,1
6830,1,0,0,2,1
2187,1,0,0,2,1
4607,1,0,0,4,2
2336,0,1,0,2,2
1119,1,0,0,0,2
14748,1,0,0,1,2
1208,0,1,0,0,1
17610,1,0,0,0,1
16296,0,1,0,2,1
18447,1,0,0,1,1
3198,1,0,0,2,1
1259,0,1,0,2,1
10113,1,0,0,8,2
15636,1,0,0,0,1
4680,1,0,0,4,1
16809,0,1,0,1,1
13976,1,0,0,2,1
16341,0,1,0,1,1
18406,1,0,0,0,1
2685,1,0,0,0,1
15574,1,0,0,0,1
8690,1,0,0,2,1
15380,0,1,0,2,1
15063,0,1,0,0,2
9924,1,0,0,9,1
11638,1,0,0,2,1
4330,1,0,0,3,1
5431,1,0,0,7,1
8068,1,0,0,6,1
14748,1,0,0,1,2
15985,1,0,0,2,1
17883,1,0,0,6,1
11772,1,0,0,4,1
4299,1,0,0,3,1
14641,1,0,0,2,1
2200,1,0,0,0,1
2925,1,0,0,0,1
15460,1,0,0,2,1
14726,1,0,0,1,1
756,0,1,0,0,1
1933,1,0,0,0,1
16960,0,1,0,2,1
1841,0,1,0,0,1
4730,1,0,0,8,1
6830,1,0,0,2,1
17915,1,0,0,2,1
11129,1,0,0,4,1
3669,1,0,0,3,2
18329,1,0,0,1,1
13938,1,0,0,7,1
16783,1,0,0,1,1
18184,1,0,0,0,1
2300,1,0,0,2,1
11301,1,0,0,3,2
18506,0,1,0,1,2
16388,0,1,0,2,2
18263,1,0,0,0,1
12244,1,0,0,7,2
1604,1,0,0,4,1
8147,1,0,0,1,1
14210,1,0,0,3,1
14881,0,1,0,1,1
18656,1,0,0,1,1
1653,1,0,0,2,1
4231,1,0,0,2,1
15409,0,1,0,1,4
929,0,1,0,2,1
260,0,1,0,2,1
1334,1,0,0,1,1
18278,0,1,0,1,1
16025,0,1,0,0,1
1780,1,0,0,1,1
3297,0,1,0,4,1
15634,1,0,0,0,1
918,0,1,0,0,1
1561,1,0,0,0,1
16317,0,1,0,1,1
14555,1,0,0,1,2
1444,0,1,0,2,2
16687,0,1,0,2,1
11925,1,0,0,2,1
15093,1,0,0,0,1
14382,1,0,0,7,2
2404,1,0,0,0,2
18459,1,0,0,0,1
3713,1,0,0,7,1
8701,1,0,0,4,3
4730,1,0,0,8,1
18544,1,0,0,2,1
18091,0,1,0,1,1
16616,0,1,0,0,1
17947,0,1,0,1,1
10374,1,0,0,2,2
14951,1,0,0,2,1
18240,0,1,0,2,1
1284,0,1,0,2,1
1561,1,0,0,0,1
2970,0,1,0,2,1
1510,0,1,0,0,1
876,0,1,0,0,1
18623,1,0,0,0,1
11901,1,0,0,1,1
5928,1,0,0,8,1
1543,1,0,0,2,2
14319,1,0,0,2,1
17094,1,0,0,0,1
320,1,0,0,1,2
15616,0,1,0,0,1
15003,1,0,0,1,1
17437,0,1,0,1,1
15872,1,0,0,2,1
2510,0,1,0,0,1
12914,1,0,0,6,1
2288,0,1,0,0,1
8800,1,0,0,7,1
15148,1,0,0,0,1
16124,1,0,0,0,1
2485,1,0,0,0,1
1571,0,1,0,0,1
2064,0,1,0,1,1
12204,1,0,0,1,1
16224,0,1,0,1,2
16136,1,0,0,0,1
3391,1,0,0,2,1
2561,1,0,0,0,1
15183,1,0,0,0,1
13503,1,0,0,3,1
2627,1,0,0,2,1
3374,1,0,0,1,1
15912,1,0,0,6,1
10903,1,0,0,2,2
17861,1,0,0,0,1
3021,0,1,0,0,1
6226,1,0,0,2,1
2970,0,1,0,2,1
1094,1,0,0,0,1
4693,1,0,0,4,1
1112,0,1,0,1,1
2871,0,1,0,2,1
2477,1,0,0,2,2
5992,1,0,0,4,1
15619,1,0,0,2,1
16736,0,1,0,4,1
5855,1,0,0,7,1
14963,1,0,0,1,3
9402,1,0,0,3,1
1538,1,0,0,0,1
17215,1,0,0,1,4
18547,0,1,0,5,2
16846,0,1,0,2,1
2685,1,0,0,0,1
17790,1,0,0,2,1
2336,0,1,0,2,2
995,1,0,0,0,1
1932,0,1,0,0,1
3012,1,0,0,4,2
7089,1,0,0,4,1
15418,1,0,0,0,1
7478,1,0,0,1,1
1101,0,1,0,0,1
2620,1,0,0,0,1
3340,1,0,0,0,1
16616,0,1,0,0,1
1778,0,1,0,2,1
2006,0,1,0,0,1
300,1,0,0,2,1
8349,1,0,0,2,1
17393,1,0,0,0,1
6193,1,0,0,4,2
18635,1,0,0,0,1
14986,1,0,0,0,1
16097,1,0,0,2,1
14600,1,0,0,1,1
2709,0,1,0,2,1
16822,1,0,0,2,1
2718,1,0,0,1,1
16399,1,0,0,2,4
16736,0,1,0,4,1
17127,0,1,0,1,1
3035,1,0,0,0,1
17447,0,1,0,0,1
16246,0,1,0,1,1
13648,1,0,0,1,1
1024,0,1,0,4,1
2945,1,0,0,0,1
14346,1,0,0,3,1
14690,1,0,0,0,1
805,0,1,0,2,1
15264,0,1,0,2,1
1433,0,1,0,0,1
2455,1,0,0,0,1
18656,1,0,0,1,1
17861,1,0,0,0,1
13986,1,0,0,6,1
1171,1,0,0,2,1
14299,1,0,0,3,1
18551,1,0,0,2,1
17960,0,1,0,0,1
11980,1,0,0,3,1
14299,1,0,0,3,1
1991,1,0,0,2,1
15048,0,1,0,0,1
3848,1,0,0,9,3
16224,0,1,0,1,2
577,0,1,0,2,1
6061,1,0,0,7,1
6932,1,0,0,2,2
19,1,0,0,1,1
14807,1,0,0,2,1
1704,1,0,0,0,1
2200,1,0,0,0,1
5984,1,0,0,4,2
15607,0,1,0,2,1
9171,1,0,0,7,1
509,0,1,0,1,1
18601,1,0,0,0,1
18201,1,0,0,0,1
18329,1,0,0,1,1
4323,1,0,0,3,1
8762,1,0,0,7,1
1112,0,1,0,1,1
859,1,0,0,0,1
897,1,0,0,2,1
7501,1,0,0,4,1
14078,1,0,0,7,1
4641,1,0,0,7,1
3176,1,0,0,2,2
17437,0,1,0,1,1
13833,1,0,0,2,1
18641,1,0,0,4,1
7909,1,0,0,1,2
18571,1,0,0,1,1
1542,1,0,0,0,1
5980,1,0,0,8,2
8145,1,0,0,7,2
16562,0,1,0,0,1
3751,1,0,0,7,1
567,0,1,0,0,1
1441,1,0,0,0,2
8867,1,0,0,3,1
1638,0,1,0,2,1
18254,1,0,0,0,1
7351,1,0,0,6,1
2322,1,0,0,0,1
539,1,0,0,0,1
864,0,1,0,0,1
15311,1,0,0,0,3
6180,1,0,0,7,2
14615,1,0,0,1,1
16390,1,0,0,1,1
16076,1,0,0,0,1
2711,1,0,0,0,1
18298,1,0,0,2,1
8498,1,0,0,2,1
8745,1,0,0,3,1
2887,0,1,0,2,2
2953,0,1,0,2,1
11691,1,0,0,4,1
7689,1,0,0,4,1
2892,1,0,0,2,2
2953,0,1,0,2,1
15744,1,0,0,0,1
8566,1,0,0,7,2
9050,1,0,0,2,1
309,1,0,0,0,1
16709,0,1,0,0,1
14693,1,0,0,6,1
17101,1,0,0,7,1
15296,1,0,0,0,1
18612,0,1,0,1,1
12710,1,0,0,7,1
18037,1,0,0,4,1
18554,1,0,0,2,1
18042,1,0,0,2,1
18400,0,1,0,2,1
6630,1,0,0,7,4
1619,1,0,0,4,1
16631,1,0,0,0,1
1940,0,1,0,4,1
15026,1,0,0,2,1
5034,1,0,0,1,4
619,0,1,0,1,2
16022,1,0,0,2,1
6474,1,0,0,7,2
16022,1,0,0,2,1
1432,1,0,0,4,2
1439,0,1,0,2,1
7171,1,0,0,6,1
18596,1,0,0,3,1
15581,0,1,0,0,2
18167,1,0,0,2,1
1139,1,0,0,2,1
10956,1,0,0,2,1
15571,0,1,0,0,1
12710,1,0,0,7,1
7169,1,0,0,2,1
5393,1,0,0,2,1
10117,1,0,0,3,1
9897,1,0,0,2,1
10065,0,1,0,2,1
14833,0,1,0,2,1
18564,1,0,0,0,2
17486,0,1,0,0,1
7970,1,0,0,8,1
2771,1,0,0,2,1
14146,1,0,0,2,1
668,1,0,0,2,2
1380,0,1,0,0,1
118,0,1,0,0,1
1145,1,0,0,2,2
18526,1,0,0,0,1
8527,1,0,0,3,1
16106,1,0,0,0,1
828,1,0,0,0,1
4443,1,0,0,3,4
1975,0,1,0,0,1
14492,1,0,0,6,2
3340,1,0,0,0,1
16307,0,1,0,0,1
6630,1,0,0,7,4
15459,0,1,0,1,1
8102,1,0,0,6,2
1538,1,0,0,0,1
2288,0,1,0,0,1
7226,1,0,0,6,3
2805,0,1,0,2,2
284,0,1,0,4,1
17170,0,1,0,3,1
16087,1,0,0,0,1
3994,1,0,0,4,1
137,0,1,0,0,1
535,1,0,0,0,1
8800,1,0,0,7,1
2516,0,1,0,2,1
8817,1,0,0,4,1
3242,0,1,0,0,1
18340,1,0,0,0,1
11577,1,0,0,3,1
13323,1,0,0,2,2
13939,1,0,0,2,1
5480,1,0,0,7,1
16826,1,0,0,2,1
7217,1,0,0,7,2
10650,1,0,0,1,1
1896,1,0,0,0,1
18026,1,0,0,4,1
16638,1,0,0,0,1
2837,0,1,0,0,1
3176,1,0,0,2,2
13695,1,0,0,1,1
10368,1,0,0,2,1
5169,1,0,0,6,1
4008,1,0,0,2,1
12374,1,0,0,7,1
16566,1,0,0,2,1
16831,0,1,0,0,1
10978,1,0,0,2,1
17892,1,0,0,2,1
14800,1,0,0,2,1
2493,0,1,0,2,1
556,0,1,0,0,1
12664,1,0,0,6,1
2292,1,0,0,0,1
12738,1,0,0,6,4
1976,1,0,0,7,1
11,1,0,0,0,1
1017,1,0,0,2,1
18622,1,0,0,0,1
7,1,0,0,0,1
1390,1,0,0,0,1
266,1,0,0,4,2
14974,0,1,0,5,1
12295,1,0,0,7,1
1833,0,1,0,2,1
14118,1,0,0,3,4
2446,0,1,0,2,1
5855,1,0,0,7,1
1552,1,0,0,2,2
510,0,1,0,0,1
7909,1,0,0,1,2
3733,1,0,0,2,1
6007,1,0,0,1,1
6707,1,0,0,7,1
7758,1,0,0,4,1
17911,1,0,0,2,1
1943,1,0,0,4,1
7859,1,0,0,3,1
19,1,0,0,1,1
591,1,0,0,0,1
4655,1,0,0,1,1
9448,1,0,0,1,4
8011,1,0,0,3,1
17821,1,0,0,2,1
4170,1,0,0,3,1
721,0,1,0,1,1
2915,1,0,0,4,2
10759,1,0,0,4,1
14693,1,0,0,6,1
14668,0,1,0,2,1
7462,1,0,0,2,1
15055,1,0,0,0,1
7853,1,0,0,7,1
16753,0,1,0,1,1
17646,1,0,0,2,1
2397,0,1,0,2,1
4005,1,0,0,2,1
18371,1,0,0,0,1
539,1,0,0,0,1
7171,1,0,0,6,1
6635,1,0,0,8,1
845,1,0,0,2,1
16885,1,0,0,0,1
13127,1,0,0,8,2
3708,1,0,0,7,2
12361,1,0,0,6,1
16481,0,1,0,0,1
15087,1,0,0,3,2
17483,0,1,0,1,1
18090,1,0,0,1,2
1888,0,1,0,2,2
2711,1,0,0,0,1
2839,1,0,0,1,2
14890,0,1,0,1,2
166,1,0,0,0,1
12967,1,0,0,1,1
1300,1,0,0,2,2
2297,1,0,0,0,1
8649,1,0,0,3,1
11363,1,0,0,7,1
10502,1,0,0,4,1
6286,1,0,0,2,1
2852,1,0,0,4,2
17186,1,0,0,7,1
17939,0,1,0,2,1
9146,1,0,0,2,1
2152,1,0,0,0,1
13741,1,0,0,7,1
9168,1,0,0,3,1
2700,1,0,0,2,1
15367,1,0,0,1,1
18379,1,0,0,2,1
7484,1,0,0,2,1
17695,0,1,0,3,1
8758,1,0,0,4,1
18357,0,1,0,2,1
15552,1,0,0,1,3
7183,1,0,0,2,2
452,0,1,0,2,1
13055,1,0,0,3,1
2590,1,0,0,2,1
7809,1,0,0,2,2
1043,0,1,0,2,1
2716,1,0,0,0,1
1980,0,1,0,2,2
931,0,1,0,4,1
9264,1,0,0,6,1
12752,1,0,0,4,1
2399,0,1,0,0,1
15402,0,1,0,3,1
2059,1,0,0,0,1
10469,1,0,0,3,1
9792,1,0,0,1,1
13201,1,0,0,6,1
6234,1,0,0,4,3
6293,1,0,0,4,1
14945,1,0,0,0,1
14757,1,0,0,2,2
15891,1,0,0,1,1
17861,1,0,0,0,1
15891,1,0,0,1,1
10717,1,0,0,3,1
14868,1,0,0,2,1
17929,0,1,0,0,1
213,0,1,0,0,1
13456,1,0,0,3,1
7047,1,0,0,4,1
1695,1,0,0,1,1
6028,1,0,0,4,1
8429,1,0,0,4,1
18499,1,0,0,1,1
16225,0,1,0,1,1
14956,1,0,0,2,1
12752,1,0,0,4,1
15835,1,0,0,0,1
1755,1,0,0,1,2
780,1,0,0,0,1
10525,1,0,0,4,1
818,1,0,0,1,1
11297,1,0,0,7,1
9924,1,0,0,9,1
9143,1,0,0,7,1
15222,0,1,0,2,2
16083,1,0,0,0,1
2133,1,0,0,1,1
4343,1,0,0,6,1
1788,0,1,0,4,1
13863,1,0,0,4,1
16892,1,0,0,2,1
14997,1,0,0,0,2
18130,1,0,0,0,1
289,0,1,0,0,1
15744,1,0,0,0,1
15375,0,1,0,2,1
1304,1,0,0,0,1
16641,1,0,0,0,2
18571,1,0,0,1,1
16901,0,1,0,2,1
16369,1,0,0,2,1
16373,0,1,0,2,1
18001,1,0,0,0,1
5710,1,0,0,6,2
14777,1,0,0,0,1
16718,1,0,0,0,1
16558,1,0,0,1,2
4436,1,0,0,7,1
2596,1,0,0,0,1
15294,0,1,0,5,1
14809,0,1,0,0,1
15418,1,0,0,0,1
6216,1,0,0,7,1
18360,0,1,0,5,1
13693,1,0,0,7,2
16795,1,0,0,0,1
2893,0,1,0,2,1
466,1,0,0,2,1
16810,1,0,0,2,1
1241,0,1,0,0,1
1166,0,1,0,2,2
4231,1,0,0,2,1
8498,1,0,0,2,1
860,1,0,0,0,1
16083,1,0,0,0,1
1038,1,0,0,0,3
929,0,1,0,2,1
17208,0,1,0,0,1
2066,1,0,0,0,1
2596,1,0,0,0,1
18523,0,1,0,2,2
7403,1,0,0,7,1
17064,1,0,0,0,1
18601,1,0,0,0,1
13747,1,0,0,2,1
9257,1,0,0,4,1
15579,1,0,0,0,1
2097,1,0,0,0,1
16592,1,0,0,0,2
1487,0,1,0,0,1
17759,0,1,0,1,2
769,1,0,0,2,1
5055,0,1,0,3,1
5710,1,0,0,6,2
5451,1,0,0,4,1
15853,1,0,0,3,1
2144,1,0,0,0,1
9902,1,0,0,3,1
11691,1,0,0,4,1
2062,1,0,0,2,1
1550,0,1,0,0,1
16470,0,1,0,1,1
8128,1,0,0,2,1
13766,1,0,0,2,1
10443,1,0,0,3,2
16399,1,0,0,2,4
3257,1,0,0,2,1
634,0,1,0,2,1
16775,1,0,0,0,1
8034,1,0,0,3,1
1635,0,1,0,0,1
15378,1,0,0,1,2
8825,1,0,0,3,1
16123,0,1,0,2,1
2050,1,0,0,1,1
16263,0,1,0,2,1
18582,0,1,0,2,1
3221,1,0,0,0,1
6608,1,0,0,4,2
16654,0,1,0,2,1
18440,1,0,0,0,1
117,1,0,0,2,1
5980,1,0,0,8,2
16680,0,1,0,2,2
15435,1,0,0,0,1
1800,0,1,0,4,1
14547,1,0,0,1,1
11784,1,0,0,2,1
737,0,1,0,2,1
16183,0,1,0,0,2
16133,0,1,0,1,1
17632,0,1,0,3,1
15367,1,0,0,1,1
8701,1,0,0,4,3
2834,1,0,0,1,1
15784,0,1,0,4,1
12185,1,0,0,4,1
18302,1,0,0,1,1
378,0,1,0,0,1
1774,1,0,0,0,1
2045,1,0,0,2,1
1650,0,1,0,4,1
9216,1,0,0,4,1
15668,0,1,0,0,1
17740,0,1,0,0,1
16657,1,0,0,1,2
1966,0,1,0,3,1
2826,1,0,0,2,1
18639,1,0,0,0,1
1121,1,0,0,1,1
6752,0,1,0,2,1
17155,1,0,0,0,1
3066,0,1,0,2,3
15779,1,0,0,0,1
3560,1,0,0,2,1
1725,1,0,0,1,1
2776,0,1,0,2,1
17094,1,0,0,0,1
14906,0,1,0,2,1
3019,1,0,0,4,2
14105,1,0,0,4,3
13487,1,0,0,3,1
8351,1,0,0,6,1
14161,1,0,0,7,1
18243,1,0,0,1,2
15770,1,0,0,1,4
16082,0,1,0,0,1
12497,1,0,0,1,1
12773,1,0,0,3,4
18379,1,0,0,2,1
541,1,0,0,6,2
2819,0,1,0,2,1
16587,0,1,0,2,2
2814,0,1,0,0,1
12218,1,0,0,3,1
7922,1,0,0,8,1
967,0,1,0,0,1
8111,1,0,0,2,3
15755,0,1,0,1,1
13299,1,0,0,9,1
18002,1,0,0,0,1
1725,1,0,0,1,1
154,0,1,0,0,1
8986,1,0,0,9,1
18199,1,0,0,1,1
8230,1,0,0,1,2
88,1,0,0,0,1
8145,1,0,0,7,2
4194,1,0,0,2,4
769,1,0,0,2,1
18423,1,0,0,0,1
8094,1,0,0,6,1
1390,1,0,0,0,1
1316,1,0,0,0,1
993,1,0,0,2,2
15038,1,0,0,0,2
4934,1,0,0,2,1
16709,0,1,0,0,1
15104,1,0,0,0,1
15287,0,1,0,1,3
13503,1,0,0,3,1
17405,0,1,0,2,1
15399,0,1,0,2,1
3016,0,1,0,2,1
17962,0,1,0,2,1
14796,1,0,0,0,1
16356,0,1,0,2,1
18528,1,0,0,0,1
331,0,1,0,4,1
18090,1,0,0,1,2
7999,1,0,0,2,1
2438,1,0,0,1,1
427,1,0,0,1,1
14758,1,0,0,2,1
2709,0,1,0,2,1
2897,0,1,0,0,1
18582,0,1,0,2,1
13735,1,0,0,7,1
5680,1,0,0,8,2
1600,1,0,0,0,1
5501,1,0,0,6,1
18194,0,1,0,1,1
1047,1,0,0,0,1
348,1,0,0,4,1
3323,0,1,0,0,1
8486,1,0,0,7,1
10502,1,0,0,4,1
2680,1,0,0,2,2
127,1,0,0,2,1
2034,1,0,0,0,1
4343,1,0,0,6,1
18523,0,1,0,2,2
17059,0,1,0,2,2
2711,1,0,0,0,1
393,1,0,0,2,1
3168,1,0,0,0,1
16983,0,1,0,3,1
10345,1,0,0,3,2
4338,0,1,0,2,1
15563,1,0,0,0,1
18474,1,0,0,2,2
15219,0,1,0,0,1
743,0,1,0,2,1
17464,1,0,0,1,1
18161,1,0,0,1,1
18506,0,1,0,1,2
2914,0,1,0,2,1
17562,1,0,0,0,1
500,0,1,0,0,1
760,1,0,0,0,1
18438,0,1,0,0,1
13693,1,0,0,7,2
15650,0,1,0,0,2
5359,1,0,0,2,1
11102,1,0,0,2,1
1532,1,0,0,2,2
17876,0,1,0,6,1
17478,1,0,0,0,1
18319,1,0,0,0,1
1059,1,0,0,0,1
100,1,0,0,4,1
16347,0,1,0,1,1
892,1,0,0,0,1
18312,1,0,0,1,1
15669,0,1,0,2,1
868,0,1,0,0,1
18096,0,1,0,0,1
1359,1,0,0,0,1
14978,0,1,0,2,1
3311,1,0,0,0,1
1783,1,0,0,0,1
3257,1,0,0,2,1
16124,1,0,0,0,1
11093,1,0,0,1,2
2029,1,0,0,2,2
15331,1,0,0,5,1
3193,1,0,0,0,1
17022,0,1,0,2,1
1330,1,0,0,2,1
2538,1,0,0,2,1
15874,0,1,0,2,1
13413,0,1,0,6,1
297,0,1,0,1,1
15149,1,0,0,0,1
85,0,1,0,2,1
18250,0,1,0,0,1
17133,1,0,0,1,1
1977,1,0,0,2,2
14174,1,0,0,4,1
18512,0,1,0,0,1
1071,1,0,0,1,2
2427,1,0,0,0,1
16845,1,0,0,2,1
690,1,0,0,0,1
1578,1,0,0,0,1
15928,1,0,0,5,1
1184,0,1,0,2,1
11449,1,0,0,4,1
5809,1,0,0,1,1
15853,1,0,0,3,1
18021,1,0,0,2,1
1754,0,1,0,4,1
18528,1,0,0,0,1
7799,1,0,0,3,1
560,0,1,0,2,1
608,1,0,0,0,1
16820,1,0,0,0,1
5561,1,0,0,1,1
2733,1,0,0,0,1
11111,1,0,0,6,4
1977,1,0,0,2,2
16587,0,1,0,2,2
13017,1,0,0,3,1
17936,1,0,0,0,1
7917,1,0,0,3,1
16788,1,0,0,1,1
2507,1,0,0,0,1
845,1,0,0,2,1
7801,1,0,0,2,1
323,0,1,0,0,1
951,1,0,0,0,1
1521,1,0,0,2,3
13083,1,0,0,3,2
2094,1,0,0,2,1
9673,1,0,0,4,1
7865,1,0,0,3,2
6007,1,0,0,1,1
8361,1,0,0,1,1
18445,0,1,0,0,1
2034,1,0,0,0,1
1731,1,0,0,2,1
3185,1,0,0,0,3
16552,1,0,0,4,2
20,0,1,0,0,1
6314,1,0,0,6,1
1907,0,1,0,0,1
17036,0,1,0,0,1
3022,1,0,0,2,1
16512,1,0,0,0,1
1779,1,0,0,0,2
9924,1,0,0,9,1
2031,1,0,0,0,1
14511,1,0,0,2,1
12341,1,0,0,7,1
18079,0,1,0,2,1
5773,1,0,0,4,1
116,0,1,0,2,1
1559,1,0,0,0,2
13918,1,0,0,3,1
15712,1,0,0,1,1
6656,1,0,0,3,1
3918,1,0,0,4,1
6663,1,0,0,3,1
11501,1,0,0,4,1
13935,1,0,0,7,1
1839,1,0,0,2,1
8363,1,0,0,1,1
6,1,0,0,2,2
18446,1,0,0,0,1
1926,0,1,0,0,1
7784,1,0,0,9,1
15673,0,1,0,2,1
10759,1,0,0,4,1
6834,1,0,0,3,1
3005,1,0,0,2,1
17664,0,1,0,0,1
2796,1,0,0,1,1
4355,1,0,0,1,1
13507,1,0,0,4,1
2142,1,0,0,1,1
2628,1,0,0,0,1
2949,1,0,0,1,1
18550,1,0,0,1,1
3578,1,0,0,4,1
3081,1,0,0,0,1
2066,1,0,0,0,1
2132,1,0,0,0,1
2110,1,0,0,2,1
18546,1,0,0,0,1
18274,1,0,0,2,1
1964,1,0,0,0,1
79,1,0,0,4,1
16465,0,1,0,0,3
4963,1,0,0,1,4
15266,1,0,0,2,1
1699,0,1,0,0,1
18389,1,0,0,2,1
15554,0,1,0,0,1
2871,0,1,0,2,1
715,0,1,0,2,1
10973,1,0,0,4,2
8830,1,0,0,2,2
13986,1,0,0,6,1
3886,1,0,0,7,1
15554,0,1,0,0,1
18208,1,0,0,0,2
7478,1,0,0,1,1
2837,0,1,0,0,1
2790,1,0,0,0,1
10880,1,0,0,4,2
15923,0,1,0,0,3
8668,1,0,0,1,4
4886,1,0,0,1,1
818,1,0,0,1,1
12804,1,0,0,7,1
4992,1,0,0,4,1
17895,1,0,0,7,1
11542,1,0,0,6,3
1203,1,0,0,0,1
1780,1,0,0,1,1
14555,1,0,0,1,2
13777,1,0,0,2,1
16812,1,0,0,0,1
17905,1,0,0,0,2
3751,1,0,0,7,1
18327,1,0,0,0,1
8567,1,0,0,7,1
11014,0,1,0,4,1
16244,1,0,0,0,1
1274,1,0,0,0,1
7613,1,0,0,4,1
3430,1,0,0,7,1
653,1,0,0,0,1
7373,0,1,0,7,1
15571,0,1,0,0,1
4749,1,0,0,4,1
2438,1,0,0,1,1
8033,1,0,0,3,2
2180,1,0,0,1,2
12034,1,0,0,4,3
16872,0,1,0,1,2
2699,1,0,0,0,1
18169,1,0,0,2,1
3117,1,0,0,2,1
1234,1,0,0,1,1
10862,1,0,0,7,1
2695,0,1,0,2,1
8151,1,0,0,7,1
615,1,0,0,4,1
6474,1,0,0,7,2
2738,1,0,0,2,2
2244,1,0,0,0,1
1974,0,1,0,0,1
1909,1,0,0,2,1
14032,1,0,0,2,1
45,1,0,0,0,1
15784,0,1,0,4,1
10558,1,0,0,2,1
1484,1,0,0,2,1
632,1,0,0,1,1
17917,0,1,0,7,1
1624,1,0,0,0,3
11145,1,0,0,4,1
11951,1,0,0,3,1
56,0,1,0,0,1
1953,0,1,0,2,2
15532,0,1,0,4,1
18328,1,0,0,2,1
15188,1,0,0,2,1
11938,1,0,0,8,1
17275,0,1,0,6,1
16994,0,1,0,1,2
3158,1,0,0,7,2
16341,0,1,0,1,1
1125,1,0,0,0,1
85,0,1,0,2,1
16288,0,1,0,7,2
1910,1,0,0,2,2
14741,1,0,0,1,1
9264,1,0,0,6,1
2366,1,0,0,1,2
5980,1,0,0,8,2
15818,1,0,0,1,1
15666,1,0,0,2,1
15488,0,1,0,2,1
16885,1,0,0,0,1
17966,1,0,0,0,1
14881,0,1,0,1,1
16662,1,0,0,1,1
16820,1,0,0,0,1
2143,1,0,0,2,1
18519,1,0,0,0,4
18370,1,0,0,0,1
18642,1,0,0,1,1
4703,1,0,0,9,1
18256,1,0,0,0,1
2028,1,0,0,0,1
17198,0,1,0,1,1
15904,1,0,0,0,1
7286,1,0,0,4,2
6224,1,0,0,2,1
15375,0,1,0,2,1
1692,1,0,0,0,1
1684,1,0,0,0,1
5854,1,0,0,4,2
9864,1,0,0,2,1
17276,1,0,0,2,1
4055,0,1,0,6,1
2133,1,0,0,1,1
17642,0,1,0,2,1
16438,0,1,0,0,2
1131,0,1,0,2,1
1277,1,0,0,0,1
2257,1,0,0,4,1
17423,0,1,0,2,1
2087,0,1,0,2,1
1495,0,1,0,0,1
18166,1,0,0,1,1
15023,1,0,0,4,1
1149,1,0,0,0,2
15879,1,0,0,0,1
9860,1,0,0,6,1
16306,1,0,0,6,1
18259,1,0,0,2,1
6372,1,0,0,9,1
5504,1,0,0,2,1
1134,1,0,0,7,2
2201,0,1,0,0,1
264,1,0,0,0,1
11200,1,0,0,6,1
1266,1,0,0,0,1
875,0,1,0,4,1
17982,1,0,0,2,1
14161,1,0,0,7,1
18616,1,0,0,1,1
18108,0,1,0,1,1
610,1,0,0,0,1
7615,1,0,0,8,1
3022,1,0,0,2,1
17040,1,0,0,0,1
379,1,0,0,0,1
3659,1,0,0,7,1
1561,1,0,0,0,1
7874,1,0,0,4,1
16778,1,0,0,1,1
1660,0,1,0,2,2
496,0,1,0,0,3
17939,0,1,0,2,1
3755,1,0,0,6,1
11362,1,0,0,7,4
14998,0,1,0,0,1
15571,0,1,0,0,1
1278,0,1,0,2,1
13781,1,0,0,4,1
1538,1,0,0,0,1
2030,0,1,0,2,2
2,1,0,0,0,1
14747,1,0,0,2,1
18404,1,0,0,0,1
6978,1,0,0,4,1
1974,0,1,0,0,1
15721,1,0,0,2,1
9767,1,0,0,8,1
200,1,0,0,2,1
4937,1,0,0,6,1
8903,1,0,0,9,1
15330,0,1,0,0,1
237,0,1,0,4,1
1910,1,0,0,2,2
946,0,1,0,0,1
6556,1,0,0,7,1
711,1,0,0,0,1
1372,1,0,0,2,1
6798,1,0,0,1,3
7971,1,0,0,2,1
15629,1,0,0,0,1
9945,1,0,0,7,1
3125,1,0,0,0,1
1198,0,1,0,0,1
1541,1,0,0,0,1
18182,0,1,0,2,1
4968,1,0,0,1,1
16470,0,1,0,1,1
2380,0,1,0,0,1
568,0,1,0,2,1
11165,1,0,0,4,1
7962,1,0,0,7,1
1002,0,1,0,0,1
488,1,0,0,0,1
1940,0,1,0,4,1
16679,0,1,0,2,1
16458,0,1,0,5,2
45,1,0,0,0,1
910,0,1,0,2,2
1932,0,1,0,0,1
1123,0,1,0,0,1
18508,1,0,0,0,1
8626,1,0,0,6,1
17161,0,1,0,2,2
15048,0,1,0,0,1
3578,1,0,0,4,1
2741,0,1,0,2,1
8903,1,0,0,9,1
17455,0,1,0,0,1
1599,0,1,0,2,1
16580,0,1,0,2,1
6814,1,0,0,8,1
18010,0,1,0,2,1
17760,1,0,0,2,1
10600,1,0,0,2,1
10464,1,0,0,6,1
681,1,0,0,2,1
17576,1,0,0,3,1
7398,1,0,0,4,1
1421,0,1,0,0,1
691,0,1,0,0,1
14957,1,0,0,0,1
2337,1,0,0,2,1
15114,1,0,0,1,1
1605,1,0,0,0,1
18541,1,0,0,0,1
793,1,0,0,1,1
1947,1,0,0,0,1
18154,0,1,0,4,1
365,0,1,0,0,1
7242,1,0,0,3,1
2071,1,0,0,2,1
8075,1,0,0,7,1
895,0,1,0,2,1
14299,1,0,0,3,1
3019,1,0,0,4,2
16662,1,0,0,1,1
2067,0,1,0,2,1
4964,0,1,0,7,1
2761,1,0,0,2,1
18025,1,0,0,1,1
13027,0,1,0,3,3
10862,1,0,0,7,1
3130,1,0,0,0,1
15139,1,0,0,2,1
5777,1,0,0,4,1
18343,1,0,0,1,1
3033,1,0,0,0,1
2753,1,0,0,0,1
17824,0,1,0,2,1
1153,1,0,0,4,1
17353,1,0,0,2,1
15055,1,0,0,0,1
14951,1,0,0,2,1
17149,0,1,0,1,1
8731,1,0,0,3,1
16375,1,0,0,2,1
2035,1,0,0,2,1
1145,1,0,0,2,2
2,1,0,0,0,1
844,0,1,0,0,1
10495,1,0,0,9,3
18335,0,1,0,2,1
15360,0,1,0,6,1
10694,1,0,0,1,1
3324,1,0,0,2,1
4443,1,0,0,3,4
23,0,1,0,0,1
9979,1,0,0,2,1
15666,1,0,0,2,1
292,0,1,0,2,1
18031,0,1,0,4,1
15862,1,0,0,0,4
15003,1,0,0,1,1
18204,0,1,0,0,1
7864,1,0,0,3,1
55,1,0,0,0,1
8385,1,0,0,4,1
2711,1,0,0,0,1
7894,1,0,0,6,1
18364,0,1,0,7,1
16390,1,0,0,1,1
16688,0,1,0,0,1
15439,0,1,0,2,1
17966,1,0,0,0,1
1360,1,0,0,2,1
605,1,0,0,0,1
13157,1,0,0,4,1
7454,1,0,0,8,1
14868,1,0,0,2,1
16592,1,0,0,0,2
2778,1,0,0,0,1
10625,1,0,0,2,2
1243,1,0,0,0,1
2822,1,0,0,0,1
15786,1,0,0,0,1
15745,1,0,0,0,1
13901,1,0,0,2,1
9383,1,0,0,4,1
10551,1,0,0,4,1
17054,1,0,0,2,1
4522,1,0,0,8,1
3794,1,0,0,6,1
9257,1,0,0,4,1
3024,1,0,0,0,1
5300,1,0,0,3,1
6798,1,0,0,1,3
1340,0,1,0,0,3
2766,1,0,0,0,1
2071,1,0,0,2,1
6893,0,1,0,2,1
18243,1,0,0,1,2
10860,1,0,0,6,2
2100,0,1,0,2,2
2843,1,0,0,0,1
2247,0,1,0,0,1
621,0,1,0,2,1
14741,1,0,0,1,1
2277,1,0,0,0,3
12153,1,0,0,7,1
18050,1,0,0,0,1
2181,0,1,0,4,1
2653,0,1,0,0,1
2234,0,1,0,2,1
612,0,1,0,0,3
13944,1,0,0,7,1
10081,1,0,0,7,1
2679,0,1,0,0,1
284,0,1,0,4,1
18442,1,0,0,1,1
18118,0,1,0,1,1
2602,1,0,0,0,1
15974,1,0,0,6,1
1975,0,1,0,0,1
18197,1,0,0,0,1
7171,1,0,0,6,1
14456,1,0,0,8,1
1925,0,1,0,0,1
7801,1,0,0,2,1
2965,1,0,0,2,1
291,1,0,0,2,1
2196,1,0,0,0,1
5789,1,0,0,6,2
3300,1,0,0,6,1
18646,1,0,0,0,1
2581,1,0,0,2,1
18126,1,0,0,3,2
11591,1,0,0,7,1
16734,0,1,0,2,2
18415,1,0,0,1,1
17861,1,0,0,0,1
668,1,0,0,2,2
18240,0,1,0,2,1
2136,0,1,0,4,1
6286,1,0,0,2,1
15418,1,0,0,0,1
15585,1,0,0,1,1
2884,1,0,0,0,1
11039,1,0,0,4,2
17615,1,0,0,1,1
16117,0,1,0,0,1
18379,1,0,0,2,1
1518,1,0,0,2,1
1241,0,1,0,0,1
15903,1,0,0,0,1
13083,1,0,0,3,2
18050,1,0,0,0,1
15897,0,1,0,2,1
1059,1,0,0,0,1
2922,0,1,0,2,1
17664,0,1,0,0,1
15719,1,0,0,0,3
4620,1,0,0,4,3
4339,1,0,0,2,1
18516,1,0,0,0,1
16994,0,1,0,1,2
2166,1,0,0,0,1
1840,1,0,0,0,1
3021,0,1,0,0,1
17805,0,1,0,1,1
2973,1,0,0,0,1
1773,0,1,0,2,1
993,1,0,0,2,2
4214,1,0,0,7,1
14203,1,0,0,8,1
17876,0,1,0,6,1
15636,1,0,0,0,1
18473,1,0,0,0,1
9146,1,0,0,2,1
1973,1,0,0,2,1
18307,0,1,0,1,1
14823,1,0,0,0,1
3129,1,0,0,2,1
1574,0,1,0,0,1
17054,1,0,0,2,1
16273,0,1,0,3,1
15254,1,0,0,0,1
14862,0,1,0,2,1
2089,1,0,0,2,1
15165,1,0,0,0,1
18088,0,1,0,2,1
2217,1,0,0,0,1
18114,0,1,0,2,1
14790,1,0,0,0,1
11892,1,0,0,1,1
6962,1,0,0,2,2
2529,1,0,0,0,1
21,1,0,0,0,1
16358,1,0,0,1,2
15271,0,1,0,2,1
16381,0,1,0,1,1
14689,1,0,0,0,1
91,0,1,0,0,1
2045,1,0,0,2,1
10941,1,0,0,7,3
12243,0,1,0,7,1
11049,1,0,0,4,2
2175,0,1,0,0,1
41,1,0,0,2,1
902,1,0,0,0,1
2196,1,0,0,0,1
6061,1,0,0,7,1
15776,1,0,0,0,1
1540,0,1,0,2,2
18571,1,0,0,1,1
18098,1,0,0,2,1
316,1,0,0,1,1
2094,1,0,0,2,1
838,1,0,0,6,1
17435,0,1,0,2,3
12218,1,0,0,3,1
17276,1,0,0,2,1
4767,1,0,0,4,2
237,0,1,0,4,1
4695,1,0,0,2,1
18484,1,0,0,2,1
18354,0,1,0,2,1
13138,1,0,0,1,1
8654,1,0,0,8,1
16556,1,0,0,0,1
16885,1,0,0,0,1
2791,0,1,0,2,2
15752,1,0,0,0,1
17535,1,0,0,2,1
10624,1,0,0,8,2
973,1,0,0,1,3
74,1,0,0,2,1
3209,1,0,0,0,1
18248,1,0,0,0,1
5779,1,0,0,3,2
6140,1,0,0,6,1
3062,1,0,0,0,1
4934,1,0,0,2,1
15003,1,0,0,1,1
2812,1,0,0,1,1
2685,1,0,0,0,1
18285,1,0,0,1,1
15500,0,1,0,0,1
19,1,0,0,1,1
11113,1,0,0,2,1
4562,1,0,0,3,4
13076,1,0,0,3,1
2312,1,0,0,1,1
15884,0,1,0,0,1
2843,1,0,0,0,1
18569,1,0,0,1,2
17671,1,0,0,1,1
16040,1,0,0,1,1
323,0,1,0,0,1
15325,0,1,0,2,1
3184,1,0,0,0,1
3860,1,0,0,4,1
1048,1,0,0,2,1
15752,1,0,0,0,1
2706,1,0,0,2,1
1361,1,0,0,0,1
1421,0,1,0,0,1
16800,1,0,0,0,1
14755,0,1,0,0,1
11501,1,0,0,4,1
2142,1,0,0,1,1
3416,1,0,0,2,2
1397,1,0,0,1,2
2100,0,1,0,2,2
13146,1,0,0,4,4
2368,1,0,0,2,1
966,0,1,0,7,1
1637,0,1,0,2,2
2916,0,1,0,1,1
17881,1,0,0,6,1
18176,0,1,0,2,1
3764,1,0,0,3,1
18341,1,0,0,1,1
16325,1,0,0,0,1
10525,1,0,0,4,1
17215,1,0,0,1,4
2683,0,1,0,2,2
2409,1,0,0,1,1
12785,1,0,0,2,1
2560,1,0,0,0,1
18542,1,0,0,2,1
150,1,0,0,2,1
6663,1,0,0,3,1
11577,1,0,0,3,1
15336,1,0,0,0,3
1525,0,1,0,2,1
5809,1,0,0,1,1
17821,1,0,0,2,1
12383,1,0,0,4,3
11614,1,0,0,2,1
17276,1,0,0,2,1
14663,1,0,0,0,1
5210,1,0,0,2,2
3866,1,0,0,4,1
137,0,1,0,0,1
15388,0,1,0,2,1
11145,1,0,0,4,1
18587,1,0,0,7,1
769,1,0,0,2,1
14210,1,0,0,3,1
14643,0,1,0,6,1
13326,1,0,0,2,1
2661,0,1,0,2,1
18128,1,0,0,0,1
11002,1,0,0,1,1
3245,1,0,0,2,1
1421,0,1,0,0,1
18145,1,0,0,5,1
17340,1,0,0,5,1
6314,1,0,0,6,1
10457,0,1,0,4,1
16390,1,0,0,1,1
2201,0,1,0,0,1
488,1,0,0,0,1
13398,1,0,0,3,1
11817,1,0,0,4,1
1368,1,0,0,2,1
8328,1,0,0,2,1
15063,0,1,0,0,2
15455,0,1,0,1,1
6830,1,0,0,2,1
17861,1,0,0,0,1
12368,1,0,0,4,1
4680,1,0,0,4,1
541,1,0,0,6,2
3374,1,0,0,1,1
18227,1,0,0,1,1
825,0,1,0,2,1
10700,1,0,0,1,2
634,0,1,0,2,1
331,0,1,0,4,1
18391,1,0,0,3,1
5518,1,0,0,4,1
2187,1,0,0,2,1
14690,1,0,0,0,1
11951,1,0,0,3,1
3317,0,1,0,0,1
14376,1,0,0,1,1
12346,0,1,0,8,1
17872,0,1,0,1,1
3980,1,0,0,5,1
11039,1,0,0,4,2
766,0,1,0,2,1
14643,0,1,0,6,1
11847,1,0,0,7,1
5069,1,0,0,6,2
4743,1,0,0,3,1
16025,0,1,0,0,1
594,1,0,0,2,1
3132,1,0,0,2,1
899,0,1,0,2,1
9146,1,0,0,2,1
559,1,0,0,2,1
18506,0,1,0,1,2
1209,0,1,0,7,1
18552,0,1,0,2,1
13841,1,0,0,2,1
1280,1,0,0,0,1
5991,1,0,0,4,1
15895,0,1,0,0,1
16106,1,0,0,0,1
18451,0,1,0,2,1
300,1,0,0,2,1
15614,0,1,0,2,2
18192,1,0,0,1,1
150,1,0,0,2,1
15136,0,1,0,2,1
7373,0,1,0,7,1
1692,1,0,0,0,1
213,0,1,0,0,1
2433,1,0,0,0,1
543,1,0,0,2,2
15023,1,0,0,4,1
12143,1,0,0,6,1
7091,1,0,0,8,2
2255,0,1,0,0,1
12139,1,0,0,1,1
15076,1,0,0,1,1
2094,1,0,0,2,1
1166,0,1,0,2,2
17652,0,1,0,4,3
17871,1,0,0,0,1
1175,0,1,0,0,1
1829,1,0,0,0,1
17216,1,0,0,0,1
15309,0,1,0,2,2
11825,1,0,0,3,1
13777,1,0,0,2,1
6457,1,0,0,3,2
18554,1,0,0,2,1
15818,1,0,0,1,1
13719,1,0,0,4,3
7006,1,0,0,2,1
18090,1,0,0,1,2
1488,1,0,0,2,2
6981,1,0,0,4,2
997,0,1,0,0,1
8574,1,0,0,1,2
18285,1,0,0,1,1
2531,0,1,0,0,1
17039,0,1,0,0,1
1904,1,0,0,0,1
888,1,0,0,2,2
1315,0,1,0,0,1
4342,1,0,0,2,1
8739,1,0,0,8,1
3007,1,0,0,2,2
3044,1,0,0,0,1
1770,1,0,0,1,1
16120,1,0,0,0,1
1770,1,0,0,1,1
931,0,1,0,4,1
16146,1,0,0,0,1
3274,1,0,0,0,1
1633,0,1,0,0,1
7882,1,0,0,7,2
8668,1,0,0,1,4
15293,1,0,0,0,1
3455,1,0,0,2,1
5505,1,0,0,1,1
13201,1,0,0,6,1
17840,0,1,0,1,1
10105,1,0,0,7,1
13693,1,0,0,7,2
1941,1,0,0,0,1
15456,0,1,0,5,1
7586,1,0,0,3,2
553,1,0,0,0,1
10902,1,0,0,3,1
1439,0,1,0,2,1
377,1,0,0,0,1
1010,0,1,0,2,1
15331,1,0,0,5,1
11285,1,0,0,7,1
10582,1,0,0,3,1
12351,1,0,0,3,2
1184,0,1,0,2,1
18063,1,0,0,1,1
1280,1,0,0,0,1
18010,0,1,0,2,1
3169,1,0,0,0,2
16768,0,1,0,2,1
12785,1,0,0,2,1
11301,1,0,0,3,2
13452,1,0,0,4,1
34,1,0,0,4,1
15784,0,1,0,4,1
870,1,0,0,0,1
938,0,1,0,0,3
1234,1,0,0,1,1
17407,0,1,0,2,1
2399,0,1,0,0,1
553,1,0,0,0,1
18164,1,0,0,0,1
18481,1,0,0,0,1
9984,1,0,0,3,2
1679,1,0,0,0,1
1540,0,1,0,2,2
14748,1,0,0,1,2
1653,1,0,0,2,1
18370,1,0,0,0,1
9803,1,0,0,2,1
168,0,1,0,0,1
18202,0,1,0,5,4
1848,1,0,0,2,1
8739,1,0,0,8,1
2225,0,1,0,0,1
16036,1,0,0,2,1
17088,0,1,0,0,2
18647,1,0,0,0,1
16667,1,0,0,0,1
16809,0,1,0,1,1
904,1,0,0,0,1
13735,1,0,0,7,1
15461,1,0,0,0,1
4641,1,0,0,7,1
327,1,0,0,2,1
18164,1,0,0,0,1
6981,1,0,0,4,2
829,0,1,0,2,2
4656,1,0,0,2,2
12244,1,0,0,7,2
1214,0,1,0,2,2
17023,0,1,0,2,2
11772,1,0,0,4,1
1642,1,0,0,0,1
7843,1,0,0,4,1
16572,1,0,0,2,1
12395,1,0,0,7,1
3733,1,0,0,2,1
17728,0,1,0,1,1
16117,0,1,0,0,1
2698,1,0,0,1,1
17861,1,0,0,0,1
18068,0,1,0,6,1
807,1,0,0,2,1
10759,1,0,0,4,1
15236,1,0,0,0,1
15183,1,0,0,0,1
2093,1,0,0,2,1
17420,0,1,0,1,1
5992,1,0,0,4,1
4136,1,0,0,6,2
4355,1,0,0,1,1
9424,1,0,0,1,1
847,1,0,0,0,1
834,1,0,0,0,1
9199,1,0,0,3,1
17917,0,1,0,7,1
1401,1,0,0,2,1
1637,0,1,0,2,2
11102,1,0,0,2,1
1662,1,0,0,0,1
4992,1,0,0,4,1
18302,1,0,0,1,1
2834,1,0,0,1,1
16347,0,1,0,1,1
1138,0,1,0,0,1
1135,1,0,0,0,1
10329,1,0,0,2,1
2030,0,1,0,2,2
9629,1,0,0,4,1
18394,1,0,0,2,1
17749,0,1,0,1,1
14710,1,0,0,0,1
18467,1,0,0,0,1
11449,1,0,0,4,1
15934,0,1,0,0,1
16347,0,1,0,1,1
1476,1,0,0,2,2
8822,1,0,0,3,1
18309,0,1,0,5,1
18443,1,0,0,0,1
3659,1,0,0,7,1
85,0,1,0,2,1
12239,1,0,0,3,1
2718,1,0,0,1,1
15168,0,1,0,0,1
9199,1,0,0,3,1
16691,0,1,0,2,2
13693,1,0,0,7,2
666,1,0,0,2,1
1391,0,1,0,2,1
5451,1,0,0,4,1
1292,0,1,0,0,1
1421,0,1,0,0,1
2975,1,0,0,0,1
12558,1,0,0,1,1
18118,0,1,0,1,1
16913,1,0,0,1,1
622,1,0,0,2,2
17647,0,1,0,3,1
3230,0,1,0,2,1
18464,1,0,0,0,1
18648,1,0,0,0,1
1004,1,0,0,0,1
10370,0,1,0,1,2
17927,1,0,0,0,3
11520,1,0,0,4,1
5055,0,1,0,3,1
2999,1,0,0,1,2
13972,1,0,0,1,1
1123,0,1,0,0,1
1516,1,0,0,0,1
4520,1,0,0,3,1
8041,1,0,0,6,1
49,1,0,0,0,1
11446,1,0,0,6,1
2819,0,1,0,2,1
16133,0,1,0,1,1
814,0,1,0,0,1
17877,1,0,0,0,1
2786,1,0,0,2,2
1123,0,1,0,0,1
980,1,0,0,2,2
6224,1,0,0,2,1
17023,0,1,0,2,2
12089,1,0,0,2,1
15439,0,1,0,2,1
3103,1,0,0,0,2
18261,0,1,0,2,1
1980,0,1,0,2,2
15608,0,1,0,0,1
8821,0,1,0,4,1
12252,1,0,0,3,1
15139,1,0,0,2,1
10001,1,0,0,4,1
13239,1,0,0,1,1
697,0,1,0,2,2
12875,1,0,0,2,2
15455,0,1,0,1,1
9867,1,0,0,6,1
2237,0,1,0,0,1
16746,1,0,0,1,1
13126,1,0,0,8,1
18302,1,0,0,1,1
5619,1,0,0,4,2
18162,1,0,0,2,1
2407,0,1,0,0,2
1505,0,1,0,4,2
9030,1,0,0,2,1
3046,1,0,0,2,1
2247,0,1,0,0,1
6817,1,0,0,4,4
2188,1,0,0,2,1
521,0,1,0,0,1
6007,1,0,0,1,1
7741,1,0,0,2,1
11376,1,0,0,1,1
8166,1,0,0,3,2
2331,0,1,0,2,1
10329,1,0,0,2,1
15779,1,0,0,0,1
13071,1,0,0,2,1
12374,1,0,0,7,1
16120,1,0,0,0,1
17131,0,1,0,2,1
15026,1,0,0,2,1
18250,0,1,0,0,1
14612,1,0,0,2,2
12565,1,0,0,4,2
373,0,1,0,0,1
1280,1,0,0,0,1
16007,1,0,0,2,3
18592,1,0,0,0,1
15073,0,1,0,0,1
18154,0,1,0,4,1
16478,1,0,0,0,1
1424,1,0,0,0,1
2430,1,0,0,2,1
1174,1,0,0,3,1
15123,0,1,0,5,2
1875,1,0,0,0,2
8041,1,0,0,6,1
951,1,0,0,0,1
2600,1,0,0,0,1
12130,1,0,0,2,1
2516,0,1,0,2,1
1798,1,0,0,4,1
4507,1,0,0,3,2
2438,1,0,0,1,1
14573,1,0,0,2,2
1039,1,0,0,0,1
14573,1,0,0,2,2
2883,1,0,0,0,1
2205,0,1,0,0,1
6043,1,0,0,2,1
11362,1,0,0,7,4
2783,1,0,0,0,1
1417,0,1,0,4,2
7594,1,0,0,3,1
882,1,0,0,0,1
5169,1,0,0,6,1
8527,1,0,0,3,1
8930,1,0,0,4,1
154,0,1,0,0,1
16707,0,1,0,2,1
1807,0,1,0,0,1
1094,1,0,0,0,1
309,1,0,0,0,1
8279,1,0,0,8,1
17742,0,1,0,0,1
6461,1,0,0,2,1
14084,1,0,0,1,2
18194,0,1,0,1,1
6607,1,0,0,4,1
12856,1,0,0,3,1
18307,0,1,0,1,1
3144,0,1,0,2,1
1185,0,1,0,2,2
7511,1,0,0,2,1
8272,1,0,0,2,1
1518,1,0,0,2,1
11014,0,1,0,4,1
4231,1,0,0,2,1
16249,0,1,0,0,1
15136,0,1,0,2,1
14726,1,0,0,1,1
16455,1,0,0,0,1
13320,1,0,0,7,1
6265,1,0,0,7,1
14763,1,0,0,0,1
1476,1,0,0,2,2
4170,1,0,0,3,1
3112,1,0,0,0,1
1894,1,0,0,1,1
11449,1,0,0,4,1
2970,0,1,0,2,1
2685,1,0,0,0,1
375,1,0,0,0,1
7210,1,0,0,7,1
16117,0,1,0,0,1
605,1,0,0,0,1
1362,0,1,0,0,1
1952,0,1,0,6,1
16707,0,1,0,2,1
15994,1,0,0,0,2
7616,1,0,0,2,1
4358,1,0,0,7,1
476,0,1,0,2,1
1261,1,0,0,0,1
1819,0,1,0,4,1
5034,1,0,0,1,4
13183,1,0,0,7,1
10123,1,0,0,3,4
1892,1,0,0,8,1
1488,1,0,0,2,2
18329,1,0,0,1,1
15619,1,0,0,2,1
3093,0,1,0,7,2
1439,0,1,0,2,1
2518,1,0,0,0,1
17876,0,1,0,6,1
2045,1,0,0,2,1
3144,0,1,0,2,1
17894,1,0,0,0,1
12204,1,0,0,1,1
18250,0,1,0,0,1
10639,1,0,0,2,1
17522,0,1,0,0,1
17601,0,1,0,2,2
5393,1,0,0,2,1
10551,1,0,0,4,1
6884,1,0,0,4,1
835,0,1,0,0,1
6830,1,0,0,2,1
938,0,1,0,0,3
1932,0,1,0,0,1
1292,0,1,0,0,1
15389,0,1,0,2,1
10469,1,0,0,3,1
4730,1,0,0,8,1
1238,1,0,0,1,1
8233,1,0,0,7,1
17598,0,1,0,2,1
4323,1,0,0,3,1
3299,1,0,0,0,2
13299,1,0,0,9,1
17510,1,0,0,0,1
17134,1,0,0,3,2
3351,1,0,0,2,1
15608,0,1,0,0,1
219,0,1,0,0,1
15860,0,1,0,0,1
17921,0,1,0,3,1
15669,0,1,0,2,1
771,1,0,0,2,1
1317,0,1,0,1,1
5072,1,0,0,1,1
10087,1,0,0,4,1
6216,1,0,0,7,1
12838,1,0,0,1,1
8128,1,0,0,2,1
10368,1,0,0,2,1
2529,1,0,0,0,1
2357,0,1,0,0,1
14437,1,0,0,8,2
5334,1,0,0,1,1
13460,1,0,0,2,1
1665,0,1,0,0,1
15350,1,0,0,0,2
8349,1,0,0,2,1
18116,0,1,0,2,1
8385,1,0,0,4,1
18264,0,1,0,6,1
7415,1,0,0,3,2
2302,0,1,0,4,1
3764,1,0,0,3,1
2186,1,0,0,0,1
9969,1,0,0,6,1
5884,1,0,0,1,1
11118,1,0,0,1,1
12295,1,0,0,7,1
17544,1,0,0,1,2
14,0,1,0,2,1
12344,1,0,0,4,1
1039,1,0,0,0,1
9368,1,0,0,9,1
1053,1,0,0,0,1
10053,1,0,0,1,2
16871,1,0,0,2,2
16275,1,0,0,1,1
14660,1,0,0,0,1
14965,1,0,0,2,1
584,1,0,0,0,2
622,1,0,0,2,2
6583,1,0,0,1,1
18550,1,0,0,1,1
15131,1,0,0,0,1
9931,1,0,0,3,1
15815,1,0,0,2,1
1327,1,0,0,0,1
1485,1,0,0,2,1
17717,0,1,0,1,1
1327,1,0,0,0,1
10205,1,0,0,9,1
15245,1,0,0,1,1
5641,1,0,0,4,2
12666,1,0,0,6,1
13620,1,0,0,6,1
18249,1,0,0,0,1
1241,0,1,0,0,1
6647,1,0,0,2,1
17219,1,0,0,0,1
1436,1,0,0,0,1
2783,1,0,0,0,1
1981,1,0,0,0,1
2409,1,0,0,1,1
3335,1,0,0,0,1
3907,1,0,0,1,2
563,1,0,0,2,1
17803,1,0,0,1,1
3578,1,0,0,4,1
11001,1,0,0,6,1
9792,1,0,0,1,1
18113,1,0,0,1,1
6893,0,1,0,2,1
15409,0,1,0,1,4
521,0,1,0,0,1
16965,1,0,0,0,1
600,0,1,0,2,1
3034,1,0,0,0,1
17008,1,0,0,2,2
1390,1,0,0,0,1
15168,0,1,0,0,1
6598,1,0,0,2,2
11925,1,0,0,2,1
14203,1,0,0,8,1
2474,0,1,0,0,2
1273,1,0,0,2,1
5960,1,0,0,1,1
2135,0,1,0,0,1
18459,1,0,0,0,1
16317,0,1,0,1,1
18055,0,1,0,0,1
2683,0,1,0,2,2
439,0,1,0,2,2
2122,0,1,0,0,3
4819,1,0,0,3,1
4988,1,0,0,3,2
12710,1,0,0,7,1
18551,1,0,0,2,1
2366,1,0,0,1,2
10374,1,0,0,2,2
15965,0,1,0,2,1
1933,1,0,0,0,1
4656,1,0,0,2,2
14934,1,0,0,1,2
2011,1,0,0,1,1
1552,1,0,0,2,2
15012,1,0,0,2,2
2354,1,0,0,0,1
2030,0,1,0,2,2
10115,1,0,0,3,1
351,1,0,0,0,1
2307,1,0,0,0,1
7089,1,0,0,4,1
11892,1,0,0,1,1
18054,1,0,0,6,1
1846,0,1,0,2,1
1381,1,0,0,2,1
9722,1,0,0,3,2
3986,1,0,0,4,2
967,0,1,0,0,1
2904,1,0,0,0,1
17757,1,0,0,2,1
2053,1,0,0,0,1
16388,0,1,0,2,2
1003,1,0,0,2,1
870,1,0,0,0,1
18219,0,1,0,5,1
5689,0,1,0,4,1
9872,1,0,0,2,2
2440,1,0,0,1,1
18017,1,0,0,0,1
11407,0,1,0,2,1
3193,1,0,0,0,1
17630,0,1,0,2,1
3000,1,0,0,7,1
12752,1,0,0,4,1
318,0,1,0,0,1
13320,1,0,0,7,1
1818,1,0,0,2,2
17337,0,1,0,0,1
18189,1,0,0,2,1
1284,0,1,0,2,1
6619,1,0,0,3,2
619,0,1,0,1,2
937,1,0,0,4,1
5359,1,0,0,2,1
7155,1,0,0,7,2
18472,0,1,0,2,1
18641,1,0,0,4,1
15023,1,0,0,4,1
3144,0,1,0,2,1
10421,1,0,0,4,1
9449,1,0,0,1,1
17984,1,0,0,1,1
14573,1,0,0,2,2
3340,1,0,0,0,1
15168,0,1,0,0,1
2449,0,1,0,0,1
2028,1,0,0,0,1
3176,1,0,0,2,2
13832,1,0,0,3,1
12001,1,0,0,1,1
634,0,1,0,2,1
600,0,1,0,2,1
10698,1,0,0,1,2
16636,1,0,0,0,1
5501,1,0,0,6,1
15350,1,0,0,0,2
10860,1,0,0,6,2
9943,0,1,0,7,2
88,1,0,0,0,1
138,1,0,0,0,1
2142,1,0,0,1,1
18341,1,0,0,1,1
15804,1,0,0,2,1
12107,1,0,0,3,2
2348,1,0,0,0,1
11638,1,0,0,2,1
4782,1,0,0,4,1
10288,1,0,0,3,2
1660,0,1,0,2,2
3866,1,0,0,4,1
3241,1,0,0,2,2
1418,1,0,0,2,1
2925,1,0,0,0,1
2810,0,1,0,2,1
18221,0,1,0,0,1
7388,1,0,0,2,1
7882,1,0,0,7,2
16829,1,0,0,1,1
2277,1,0,0,0,3
2114,1,0,0,0,2
1560,1,0,0,0,1
12126,1,0,0,2,2
15607,0,1,0,2,1
770,1,0,0,0,1
3142,1,0,0,0,1
10853,1,0,0,2,1
17552,1,0,0,1,1
1149,1,0,0,0,2
6565,1,0,0,7,1
8085,1,0,0,4,1
899,0,1,0,2,1
3733,1,0,0,2,1
17902,1,0,0,2,1
6152,1,0,0,4,2
3216,1,0,0,0,1
10964,1,0,0,2,1
1641,1,0,0,1,1
1252,1,0,0,1,1
14906,0,1,0,2,1
445,1,0,0,2,2
7528,1,0,0,3,1
2543,1,0,0,0,1
10959,1,0,0,1,1
15199,1,0,0,5,1
5710,1,0,0,6,2
2383,0,1,0,0,1
18335,0,1,0,2,1
9897,1,0,0,2,1
17893,1,0,0,0,3
17995,0,1,0,0,1
6872,1,0,0,6,1
1562,0,1,0,0,1
16654,0,1,0,2,1
8687,1,0,0,2,1
4398,1,0,0,3,1
14511,1,0,0,2,1
318,0,1,0,0,1
3162,1,0,0,1,1
8272,1,0,0,2,1
2882,1,0,0,0,1
2617,1,0,0,2,1
2492,0,1,0,2,1
766,0,1,0,2,1
18050,1,0,0,0,1
7169,1,0,0,2,1
1518,1,0,0,2,1
11163,1,0,0,4,1
5792,1,0,0,2,2
1848,1,0,0,2,1
5865,1,0,0,7,3
14796,1,0,0,0,1
17478,1,0,0,0,1
418,0,1,0,2,1
15557,1,0,0,0,1
3299,1,0,0,0,2
2950,0,1,0,2,1
8942,1,0,0,3,1
17405,0,1,0,2,1
17395,0,1,0,2,2
18483,1,0,0,4,1
15923,0,1,0,0,3
17718,0,1,0,1,1
36,1,0,0,0,2
16520,1,0,0,0,1
15219,0,1,0,0,1
2430,1,0,0,2,1
16275,1,0,0,1,1
16184,1,0,0,2,1
16385,0,1,0,2,1
2142,1,0,0,1,1
16213,1,0,0,0,1
395,0,1,0,2,1
17905,1,0,0,0,2
15360,0,1,0,6,1
1559,1,0,0,0,2
17936,1,0,0,0,1
6372,1,0,0,9,1
18379,1,0,0,2,1
2144,1,0,0,0,1
17911,1,0,0,2,1
13537,1,0,0,8,1
931,0,1,0,4,1
1280,1,0,0,0,1
5583,1,0,0,8,1
11435,1,0,0,6,2
2030,0,1,0,2,2
18017,1,0,0,0,1
748,0,1,0,0,1
16641,1,0,0,0,2
13641,1,0,0,3,1
18337,1,0,0,0,1
18118,0,1,0,1,1
466,1,0,0,2,1
11853,1,0,0,1,1
6122,1,0,0,2,2
6297,1,0,0,6,1
7478,1,0,0,1,1
1957,0,1,0,0,1
15777,0,1,0,1,1
1638,0,1,0,2,1
15666,1,0,0,2,1
11892,1,0,0,1,1
13748,1,0,0,1,2
17129,0,1,0,0,1
4276,1,0,0,4,1
861,0,1,0,0,1
16566,1,0,0,2,1
18341,1,0,0,1,1
18479,0,1,0,5,1
11501,1,0,0,4,1
10036,1,0,0,4,1
6226,1,0,0,2,1
7489,1,0,0,4,1
2669,1,0,0,0,1
18565,1,0,0,1,1
2464,1,0,0,4,1
3112,1,0,0,0,1
5928,1,0,0,8,1
10368,1,0,0,2,1
2424,1,0,0,0,1
13306,1,0,0,1,1
16788,1,0,0,1,1
844,0,1,0,0,1
8486,1,0,0,7,1
18359,0,1,0,2,1
7718,1,0,0,1,1
17771,0,1,0,1,2
16007,1,0,0,2,3
16599,1,0,0,2,1
6497,0,1,0,7,2
5980,1,0,0,8,2
3208,1,0,0,2,1
9786,1,0,0,4,4
15934,0,1,0,0,1
15605,0,1,0,1,1
8068,1,0,0,6,1
807,1,0,0,2,1
7865,1,0,0,3,2
2446,0,1,0,2,1
4330,1,0,0,3,1
18329,1,0,0,1,1
6928,1,0,0,7,1
16354,1,0,0,2,1
15141,1,0,0,0,1
13,0,1,0,1,1
16025,0,1,0,0,1
3886,1,0,0,7,1
16019,1,0,0,1,4
12821,1,0,0,8,1
15867,1,0,0,0,1
16040,1,0,0,1,1
1964,1,0,0,0,1
7597,1,0,0,2,1
3132,1,0,0,2,1
15367,1,0,0,1,1
16960,0,1,0,2,1
14974,0,1,0,5,1
6008,1,0,0,1,1
1243,1,0,0,0,1
2009,0,1,0,0,1
17933,1,0,0,0,1
17753,0,1,0,0,1
3185,1,0,0,0,3
16060,0,1,0,0,1
2269,0,1,0,4,1
6607,1,0,0,4,1
3164,0,1,0,0,1
3039,1,0,0,0,1
16552,1,0,0,4,2
971,1,0,0,0,1
17518,0,1,0,2,1
2530,1,0,0,2,1
2719,1,0,0,0,1
17431,1,0,0,2,1
6101,1,0,0,8,1
10208,1,0,0,4,2
1958,0,1,0,0,1
18343,1,0,0,1,1
8903,1,0,0,9,1
8931,1,0,0,4,1
281,1,0,0,2,2
15670,1,0,0,4,1
1674,1,0,0,0,1
11083,1,0,0,4,1
1700,0,1,0,0,1
18625,0,1,0,0,1
18588,1,0,0,0,1
6872,1,0,0,6,1
8800,1,0,0,7,1
18014,1,0,0,2,1
2814,0,1,0,0,1
18610,1,0,0,2,1
15616,0,1,0,0,1
15912,1,0,0,6,1
10551,1,0,0,4,1
6832,1,0,0,3,2
13784,1,0,0,4,1
828,1,0,0,0,1
10941,1,0,0,7,3
2050,1,0,0,1,1
3000,1,0,0,7,1
3125,1,0,0,0,1
15755,0,1,0,1,1
766,0,1,0,2,1
15165,1,0,0,0,1
856,1,0,0,0,1
3564,1,0,0,7,1
663,1,0,0,1,1
311,1,0,0,2,1
806,1,0,0,1,1
3314,1,0,0,2,2
16667,1,0,0,0,1
4267,1,0,0,2,2
2817,0,1,0,7,1
2435,1,0,0,2,1
9095,1,0,0,7,2
15712,1,0,0,1,1
18063,1,0,0,1,1
8758,1,0,0,4,1
2670,1,0,0,2,2
17892,1,0,0,2,1
14703,0,1,0,0,1
2164,0,1,0,2,2
12395,1,0,0,7,1
2822,1,0,0,0,1
1413,1,0,0,0,1
13323,1,0,0,2,2
9368,1,0,0,9,1
6640,1,0,0,2,1
17883,1,0,0,6,1
7894,1,0,0,6,1
15684,1,0,0,1,1
2444,1,0,0,0,1
602,1,0,0,2,2
6140,1,0,0,6,1
4934,1,0,0,2,1
17406,0,1,0,1,1
15852,0,1,0,2,1
10105,1,0,0,7,1
17886,0,1,0,2,1
18052,1,0,0,0,1
3278,1,0,0,0,1
1039,1,0,0,0,1
2114,1,0,0,0,2
2601,1,0,0,2,1
7091,1,0,0,8,2
1205,0,1,0,2,1
1904,1,0,0,0,1
9179,1,0,0,2,1
13413,0,1,0,6,1
4092,1,0,0,4,1
16743,0,1,0,0,1
11407,0,1,0,2,1
6943,1,0,0,2,1
14555,1,0,0,1,2
18047,1,0,0,0,1
16910,1,0,0,1,1
18007,0,1,0,4,1
18639,1,0,0,0,1
7183,1,0,0,2,2
18041,1,0,0,2,1
14650,1,0,0,0,1
1947,1,0,0,0,1
828,1,0,0,0,1
15576,1,0,0,0,1
12352,1,0,0,4,1
6286,1,0,0,2,1
262,1,0,0,0,1
10885,1,0,0,6,1
18215,1,0,0,2,1
11784,1,0,0,2,1
2040,0,1,0,2,1
5055,0,1,0,3,1
10457,0,1,0,4,1
14150,1,0,0,2,1
2439,1,0,0,0,1
12126,1,0,0,2,2
18520,1,0,0,1,3
16565,0,1,0,0,1
18176,0,1,0,2,1
17447,0,1,0,0,1
15038,1,0,0,0,2
10698,1,0,0,1,2
613,0,1,0,0,1
7496,1,0,0,6,1
2651,1,0,0,0,1
17924,1,0,0,1,1
17892,1,0,0,2,1
1503,1,0,0,4,1
2829,1,0,0,0,1
18586,0,1,0,1,2
15906,1,0,0,0,1
18516,1,0,0,0,1
10228,1,0,0,4,1
14733,0,1,0,0,1
17016,0,1,0,2,1
16501,1,0,0,2,1
1174,1,0,0,3,1
13602,1,0,0,8,1
2352,0,1,0,2,1
16356,0,1,0,2,1
51,1,0,0,0,1
3720,0,1,0,4,1
15055,1,0,0,0,1
5521,1,0,0,4,1
9674,1,0,0,4,2
465,0,1,0,0,1
15804,1,0,0,2,1
579,1,0,0,0,1
17917,0,1,0,7,1
9767,1,0,0,8,1
15728,1,0,0,1,1
17221,0,1,0,1,1
16271,1,0,0,1,1
919,0,1,0,2,1
7616,1,0,0,2,1
3006,1,0,0,0,1
2366,1,0,0,1,2
16577,1,0,0,3,1
17542,1,0,0,1,1
1957,0,1,0,0,1
430,1,0,0,0,1
18404,1,0,0,0,1
17929,0,1,0,0,1
7642,1,0,0,7,1
8250,1,0,0,2,1
17486,0,1,0,0,1
8574,1,0,0,1,2
805,0,1,0,2,1
11105,1,0,0,9,1
3249,1,0,0,2,1
8817,1,0,0,4,1
12344,1,0,0,4,1
10497,1,0,0,9,1
15034,0,1,0,2,1
2677,0,1,0,0,1
2107,0,1,0,2,1
18259,1,0,0,2,1
2257,1,0,0,4,1
17759,0,1,0,1,2
14308,1,0,0,7,1
3874,1,0,0,2,1
18133,1,0,0,2,1
10700,1,0,0,1,2
960,1,0,0,0,1
14684,1,0,0,2,1
3564,1,0,0,7,1
18105,1,0,0,0,4
2819,0,1,0,2,1
10885,1,0,0,6,1
418,0,1,0,2,1
3876,1,0,0,3,1
3873,1,0,0,2,1
1417,0,1,0,4,2
367,1,0,0,0,1
18243,1,0,0,1,2
2186,1,0,0,0,1
111,1,0,0,2,1
10205,1,0,0,9,1
2652,1,0,0,2,1
2234,0,1,0,2,1
17760,1,0,0,2,1
18406,1,0,0,0,1
2737,1,0,0,2,2
6457,1,0,0,3,2
5854,1,0,0,4,2
15702,1,0,0,0,1
18001,1,0,0,0,1
10496,1,0,0,9,1
16551,1,0,0,0,3
1764,1,0,0,1,1
11254,1,0,0,2,1
1915,1,0,0,0,1
1433,0,1,0,0,1
13017,1,0,0,3,1
1765,0,1,0,0,1
9143,1,0,0,7,1
2378,0,1,0,4,1
9494,1,0,0,6,1
452,0,1,0,2,1
13450,1,0,0,4,1
16765,1,0,0,0,1
11362,1,0,0,7,4
1024,0,1,0,4,1
6967,1,0,0,4,1
18166,1,0,0,1,1
7594,1,0,0,3,1
18005,1,0,0,0,1
18521,1,0,0,0,2
17999,1,0,0,0,1
18309,0,1,0,5,1
537,1,0,0,2,1
2006,0,1,0,0,1
17223,0,1,0,0,2
1138,0,1,0,0,1
16859,0,1,0,0,1
4280,1,0,0,4,2
2843,1,0,0,0,1
14764,0,1,0,2,1
2407,0,1,0,0,2
12620,1,0,0,2,1
2210,1,0,0,2,2
3001,1,0,0,0,3
16390,1,0,0,1,1
3307,1,0,0,1,1
521,0,1,0,0,1
1925,0,1,0,0,1
18450,0,1,0,5,1
9872,1,0,0,2,2
14397,1,0,0,7,1
879,1,0,0,0,1
8121,1,0,0,2,2
15920,1,0,0,2,2
18160,1,0,0,1,1
7525,1,0,0,3,1
7674,1,0,0,3,2
15715,1,0,0,0,1
13435,1,0,0,2,1
6401,1,0,0,6,4
2578,0,1,0,0,1
5563,1,0,0,8,1
373,0,1,0,0,1
18285,1,0,0,1,1
5376,1,0,0,1,1
1653,1,0,0,2,1
2035,1,0,0,2,1
15869,1,0,0,0,1
1171,1,0,0,2,1
3183,1,0,0,2,1
800,0,1,0,3,1
17219,1,0,0,0,1
16218,1,0,0,1,1
537,1,0,0,2,1
3435,1,0,0,3,1
8272,1,0,0,2,1
8312,1,0,0,7,1
4655,1,0,0,1,1
8291,1,0,0,4,1
17544,1,0,0,1,2
17170,0,1,0,3,1
17919,1,0,0,2,1
15719,1,0,0,0,3
5885,1,0,0,3,1
18071,0,1,0,1,1
7525,1,0,0,3,1
1442,1,0,0,0,1
861,0,1,0,0,1
8817,1,0,0,4,1
13326,1,0,0,2,1
8033,1,0,0,3,2
18091,0,1,0,1,1
15994,1,0,0,0,2
1580,1,0,0,1,1
3041,0,1,0,4,1
16007,1,0,0,2,3
9978,1,0,0,4,2
18173,0,1,0,1,1
18197,1,0,0,0,1
15886,1,0,0,0,2
14690,1,0,0,0,1
17931,1,0,0,0,1
12001,1,0,0,1,1
8758,1,0,0,4,1
17632,0,1,0,3,1
13986,1,0,0,6,1
18115,1,0,0,0,2
17943,0,1,0,0,1
9482,1,0,0,7,1
14452,1,0,0,3,1
4809,0,1,0,7,1
16680,0,1,0,2,2
18439,1,0,0,2,1
3323,0,1,0,0,1
64,1,0,0,0,1
18368,0,1,0,1,1
12393,1,0,0,7,1
14529,1,0,0,7,1
18163,1,0,0,1,1
17790,1,0,0,2,1
1547,1,0,0,0,1
2106,0,1,0,2,1
17859,0,1,0,2,1
9342,1,0,0,4,2
15294,0,1,0,5,1
17078,0,1,0,0,1
15565,1,0,0,0,1
16101,0,1,0,9,1
1388,1,0,0,0,1
446,0,1,0,3,1
18322,0,1,0,1,1
1059,1,0,0,0,1
9264,1,0,0,6,1
13299,1,0,0,9,1
16064,1,0,0,0,1
2372,1,0,0,1,1
2683,0,1,0,2,2
1125,1,0,0,0,1
870,1,0,0,0,1
1361,1,0,0,0,1
17840,0,1,0,1,1
6167,1,0,0,4,1
13284,1,0,0,3,1
2119,0,1,0,1,1
16519,1,0,0,0,1
18122,0,1,0,4,1
615,1,0,0,4,1
535,1,0,0,0,1
3501,1,0,0,7,1
16035,1,0,0,0,1
11040,1,0,0,2,1
16822,1,0,0,2,1
52,1,0,0,0,1
1004,1,0,0,0,1
17943,0,1,0,0,1
16591,1,0,0,0,1
16731,1,0,0,0,1
7462,1,0,0,2,1
1065,1,0,0,0,1
2312,1,0,0,1,1
15719,1,0,0,0,3
500,0,1,0,0,1
5051,1,0,0,7,1
3893,1,0,0,4,3
12821,1,0,0,8,1
365,0,1,0,0,1
16197,0,1,0,2,1
14733,0,1,0,0,1
5603,1,0,0,9,4
7925,1,0,0,2,1
10115,1,0,0,3,1
4807,1,0,0,1,1
15183,1,0,0,0,1
11542,1,0,0,6,3
6943,1,0,0,2,1
18019,1,0,0,3,3
14346,1,0,0,3,1
17486,0,1,0,0,1
11889,1,0,0,7,1
17492,1,0,0,2,1
13201,1,0,0,6,1
10525,1,0,0,4,1
6832,1,0,0,3,2
16124,1,0,0,0,1
5431,1,0,0,7,1
2391,1,0,0,0,1
12395,1,0,0,7,1
16784,0,1,0,0,1
1071,1,0,0,1,2
16163,1,0,0,0,1
1340,0,1,0,0,3
15903,1,0,0,0,1
18042,1,0,0,2,1
10854,1,0,0,3,2
3416,1,0,0,2,2
17025,0,1,0,2,2
4008,1,0,0,2,1
17924,1,0,0,1,1
6499,1,0,0,4,2
2770,1,0,0,2,1
13972,1,0,0,1,1
11817,1,0,0,4,1
804,0,1,0,1,1
1879,0,1,0,4,1
1909,1,0,0,2,1
7503,1,0,0,3,1
2783,1,0,0,0,1
1340,0,1,0,0,3
1904,1,0,0,0,1
1700,0,1,0,0,1
17478,1,0,0,0,1
16575,1,0,0,1,1
2805,0,1,0,2,2
560,0,1,0,2,1
14880,0,1,0,6,1
2009,0,1,0,0,1
1131,0,1,0,2,1
15853,1,0,0,3,1
11040,1,0,0,2,1
14,0,1,0,2,1
12114,1,0,0,1,1
16572,1,0,0,2,1
7706,1,0,0,1,2
17585,0,1,0,1,1
17607,0,1,0,1,2
14517,1,0,0,3,1
190,0,1,0,4,1
15563,1,0,0,0,1
11520,1,0,0,4,1
17340,1,0,0,5,1
4338,0,1,0,2,1
17126,1,0,0,4,1
18343,1,0,0,1,1
16226,1,0,0,0,1
9439,1,0,0,6,1
9434,1,0,0,1,1
10705,1,0,0,3,1
17455,0,1,0,0,1
11909,1,0,0,4,3
2045,1,0,0,2,1
14710,1,0,0,0,1
13323,1,0,0,2,2
14998,0,1,0,0,1
18234,1,0,0,2,1
4667,1,0,0,8,1
2578,0,1,0,0,1
18496,1,0,0,2,2
14383,1,0,0,7,1
3183,1,0,0,2,1
16207,0,1,0,0,1
1432,1,0,0,4,2
8989,1,0,0,2,1
17907,0,1,0,0,1
1300,1,0,0,2,2
13264,1,0,0,1,1
18046,1,0,0,1,2
18176,0,1,0,2,1
2119,0,1,0,1,1
11372,1,0,0,7,1
1359,1,0,0,0,1
4280,1,0,0,4,2
17742,0,1,0,0,1
16587,0,1,0,2,2
17630,0,1,0,2,1
18205,0,1,0,1,1
14137,1,0,0,4,1
262,1,0,0,0,1
7511,1,0,0,2,1
1495,0,1,0,0,1
15684,1,0,0,1,1
2376,0,1,0,0,1
15229,1,0,0,0,1
8825,1,0,0,3,1
348,1,0,0,4,1
17753,0,1,0,0,1
17980,0,1,0,0,1
2293,0,1,0,5,1
6656,1,0,0,3,1
2624,1,0,0,1,1
11002,1,0,0,1,1
5563,1,0,0,8,1
7091,1,0,0,8,2
14308,1,0,0,7,1
14807,1,0,0,2,1
1418,1,0,0,2,1
13127,1,0,0,8,2
10400,1,0,0,3,1
18245,1,0,0,0,1
11371,1,0,0,7,1
2430,1,0,0,2,1
1512,1,0,0,0,1
7853,1,0,0,7,1
9030,1,0,0,2,1
14719,0,1,0,1,1
1890,0,1,0,4,1
186,0,1,0,2,2
3093,0,1,0,7,2
13460,1,0,0,2,1
15755,0,1,0,1,1
18281,1,0,0,0,1
3027,1,0,0,0,1
15865,1,0,0,2,1
1330,1,0,0,2,1
15114,1,0,0,1,1
17039,0,1,0,0,1
17088,0,1,0,0,2
607,1,0,0,0,1
18443,1,0,0,0,1
11520,1,0,0,4,1
3024,1,0,0,0,1
16334,1,0,0,0,1
18550,1,0,0,1,1
17223,0,1,0,0,2
12565,1,0,0,4,2
18451,0,1,0,2,1
15425,0,1,0,0,1
18176,0,1,0,2,1
638,0,1,0,0,1
11658,1,0,0,2,3
15990,1,0,0,2,1
616,1,0,0,0,1
14965,1,0,0,2,1
1259,0,1,0,2,1
574,1,0,0,0,1
1779,1,0,0,0,2
18058,1,0,0,2,1
1512,1,0,0,0,1
3005,1,0,0,2,1
18163,1,0,0,1,1
4655,1,0,0,1,1
13844,1,0,0,1,1
15668,0,1,0,0,1
16466,1,0,0,1,1
857,1,0,0,0,1
769,1,0,0,2,1
7393,1,0,0,4,2
18434,0,1,0,3,2
15551,1,0,0,0,1
18464,1,0,0,0,1
14495,1,0,0,3,1
15924,0,1,0,4,2
7397,1,0,0,4,1
16551,1,0,0,0,3
6181,1,0,0,7,1
680,0,1,0,2,1
17302,0,1,0,0,1
14003,1,0,0,2,1
2437,1,0,0,0,2
477,1,0,0,0,1
16644,0,1,0,2,1
18025,1,0,0,1,1
17348,1,0,0,2,1
17203,0,1,0,2,1
12295,1,0,0,7,1
686,1,0,0,0,1
13693,1,0,0,7,2
7415,1,0,0,3,2
608,1,0,0,0,1
17478,1,0,0,0,1
18470,1,0,0,2,1
5966,1,0,0,4,1
16040,1,0,0,1,1
1134,1,0,0,7,2
2114,1,0,0,0,2
17867,0,1,0,0,1
16989,1,0,0,0,1
18496,1,0,0,2,2
14209,1,0,0,3,2
12322,1,0,0,6,1
14693,1,0,0,6,1
18178,1,0,0,0,2
346,1,0,0,0,1
15076,1,0,0,1,1
14953,0,1,0,0,1
14511,1,0,0,2,1
5382,1,0,0,1,2
12856,1,0,0,3,1
18129,1,0,0,0,1
2375,1,0,0,2,1
12179,1,0,0,2,1
18098,1,0,0,2,1
16770,1,0,0,2,1
6663,1,0,0,3,1
15418,1,0,0,0,1
2179,0,1,0,0,1
902,1,0,0,0,1
380,0,1,0,0,1
1108,1,0,0,0,1
4578,1,0,0,6,1
17566,0,1,0,4,1
16746,1,0,0,1,1
1462,0,1,0,0,1
12107,1,0,0,3,2
8486,1,0,0,7,1
2964,1,0,0,2,2
2892,1,0,0,2,2
10089,1,0,0,4,1
3367,1,0,0,8,1
16537,0,1,0,4,1
1209,0,1,0,7,1
2367,1,0,0,2,1
6616,1,0,0,3,1
400,1,0,0,0,1
8800,1,0,0,7,1
9629,1,0,0,4,1
18604,1,0,0,0,1
18194,0,1,0,1,1
3249,1,0,0,2,1
18098,1,0,0,2,1
15715,1,0,0,0,1
3659,1,0,0,7,1
2466,1,0,0,2,1
832,1,0,0,0,1
91,0,1,0,0,1
6632,1,0,0,7,1
16753,0,1,0,1,1
12172,1,0,0,2,1
18629,1,0,0,2,1
14810,0,1,0,2,1
5984,1,0,0,4,2
2800,1,0,0,2,2
16464,0,1,0,7,1
15115,0,1,0,1,1
18196,1,0,0,2,1
2152,1,0,0,0,1
10903,1,0,0,2,2
9743,1,0,0,7,2
3210,1,0,0,2,1
16536,0,1,0,0,1
865,1,0,0,2,1
2165,0,1,0,0,1
6224,1,0,0,2,1
1416,0,1,0,2,1
14121,1,0,0,4,1
17562,1,0,0,0,1
3221,1,0,0,0,1
17884,1,0,0,0,3
984,1,0,0,0,1
11614,1,0,0,2,1
15872,1,0,0,2,1
3351,1,0,0,2,1
15488,0,1,0,2,1
1904,1,0,0,0,1
18445,0,1,0,0,1
12393,1,0,0,7,1
16072,0,1,0,1,1
844,0,1,0,0,1
17749,0,1,0,1,1
15389,0,1,0,2,1
15979,1,0,0,2,1
255,0,1,0,2,1
15798,0,1,0,1,1
10805,1,0,0,7,3
6787,1,0,0,3,2
314,0,1,0,0,1
3096,1,0,0,0,1
15031,1,0,0,0,1
15704,0,1,0,0,1
1126,1,0,0,0,1
12914,1,0,0,6,1
1912,1,0,0,2,2
15532,0,1,0,4,1
103,0,1,0,0,1
18239,1,0,0,1,1
17021,0,1,0,1,1
36,1,0,0,0,2
3206,1,0,0,2,2
18437,0,1,0,3,1
12821,1,0,0,8,1
984,1,0,0,0,1
17944,1,0,0,1,1
11260,1,0,0,2,1
3455,1,0,0,2,1
16713,0,1,0,1,1
290,1,0,0,2,1
14105,1,0,0,4,3
3075,0,1,0,2,1
466,1,0,0,2,1
10705,1,0,0,3,1
1128,0,1,0,0,1
2914,0,1,0,2,1
7397,1,0,0,4,1
16958,0,1,0,1,1
18007,0,1,0,4,1
16060,0,1,0,0,1
17535,1,0,0,2,1
11213,0,1,0,7,1
488,1,0,0,0,1
13094,1,0,0,3,1
18520,1,0,0,1,3
348,1,0,0,4,1
16366,0,1,0,1,2
3300,1,0,0,6,1
12774,1,0,0,3,1
9198,1,0,0,3,1
16995,0,1,0,6,1
11064,1,0,0,3,1
14748,1,0,0,1,2
5300,1,0,0,3,1
2821,1,0,0,1,1
18089,1,0,0,0,1
18617,1,0,0,0,1
12344,1,0,0,4,1
10194,1,0,0,6,1
2352,0,1,0,2,1
13174,1,0,0,7,1
2529,1,0,0,0,1
15188,1,0,0,2,1
1208,0,1,0,0,1
15076,1,0,0,1,1
2758,0,1,0,4,1
5873,1,0,0,2,1
14952,1,0,0,0,1
1316,1,0,0,0,1
11449,1,0,0,4,1
18523,0,1,0,2,2
630,1,0,0,1,1
14974,0,1,0,5,1
2357,0,1,0,0,1
1761,1,0,0,2,1
182,1,0,0,4,1
6752,0,1,0,2,1
16764,1,0,0,5,1
15629,1,0,0,0,1
8252,1,0,0,1,2
401,0,1,0,2,1
13650,1,0,0,1,1
834,1,0,0,0,1
5919,1,0,0,3,1
8312,1,0,0,7,1
16753,0,1,0,1,1
5636,1,0,0,4,1
2965,1,0,0,2,1
16288,0,1,0,7,2
17642,0,1,0,2,1
11118,1,0,0,1,1
150,1,0,0,2,1
15073,0,1,0,0,1
1858,0,1,0,1,2
18102,1,0,0,0,1
18554,1,0,0,2,1
11111,1,0,0,6,4
2293,0,1,0,5,1
9434,1,0,0,1,1
18356,0,1,0,0,2
9886,1,0,0,4,2
17923,1,0,0,1,1
8194,1,0,0,8,2
832,1,0,0,0,1
14533,1,0,0,7,1
342,1,0,0,0,1
2435,1,0,0,2,1
14348,1,0,0,3,1
18612,0,1,0,1,1
10514,1,0,0,2,1
9845,1,0,0,4,2
127,1,0,0,2,1
15238,1,0,0,2,1
18168,0,1,0,0,1
2906,0,1,0,4,1
2542,0,1,0,2,1
3481,1,0,0,2,1
4280,1,0,0,4,2
2884,1,0,0,0,1
3326,0,1,0,0,1
4655,1,0,0,1,1
2960,1,0,0,2,1
3733,1,0,0,2,1
13537,1,0,0,8,1
10697,1,0,0,1,1
17930,1,0,0,0,1
11213,0,1,0,7,1
7454,1,0,0,8,1
1879,0,1,0,4,1
2196,1,0,0,0,1
6654,1,0,0,7,1
1302,0,1,0,2,1
18040,1,0,0,0,1
1489,1,0,0,2,1
1072,1,0,0,2,1
1061,0,1,0,5,2
12346,0,1,0,8,1
653,1,0,0,0,1
18371,1,0,0,0,1
14739,0,1,0,2,2
14945,1,0,0,0,1
5024,1,0,0,1,1
12744,1,0,0,4,2
6355,1,0,0,3,1
16004,0,1,0,0,1
14643,0,1,0,6,1
973,1,0,0,1,3
17466,1,0,0,0,2
1584,0,1,0,0,1
7865,1,0,0,3,2
1458,1,0,0,2,1
11502,1,0,0,4,1
17749,0,1,0,1,1
2953,0,1,0,2,1
130,1,0,0,0,1
12355,1,0,0,1,2
17952,0,1,0,4,2
301,0,1,0,0,1
17486,0,1,0,0,1
8632,1,0,0,8,2
16076,1,0,0,0,1
1774,1,0,0,0,1
15422,0,1,0,2,1
15146,1,0,0,0,1
277,0,1,0,4,1
4339,1,0,0,2,1
1991,1,0,0,2,1
1389,0,1,0,2,2
7799,1,0,0,3,1
14105,1,0,0,4,3
8059,1,0,0,8,1
553,1,0,0,0,1
13435,1,0,0,2,1
1721,0,1,0,1,1
18612,0,1,0,1,1
447,1,0,0,0,1
9122,1,0,0,1,1
16827,1,0,0,0,1
10417,1,0,0,4,1
10624,1,0,0,8,2
17221,0,1,0,1,1
613,0,1,0,0,1
127,1,0,0,2,1
16478,1,0,0,0,1
6656,1,0,0,3,1
18203,1,0,0,2,1
12666,1,0,0,6,1
1223,0,1,0,0,1
18215,1,0,0,2,1
3713,1,0,0,7,1
2584,1,0,0,0,1
14758,1,0,0,2,1
14880,0,1,0,6,1
2669,1,0,0,0,1
308,0,1,0,2,1
2222,1,0,0,0,1
8800,1,0,0,7,1
12724,1,0,0,2,1
1421,0,1,0,0,1
11577,1,0,0,3,1
13464,1,0,0,6,1
10206,1,0,0,3,2
192,1,0,0,0,1
12001,1,0,0,1,1
15014,0,1,0,2,1
14209,1,0,0,3,2
11925,1,0,0,2,1
16183,0,1,0,0,2
4836,1,0,0,4,1
17601,0,1,0,2,2
13633,1,0,0,3,1
17405,0,1,0,2,1
4468,1,0,0,2,1
16207,0,1,0,0,1
17695,0,1,0,3,1
1291,0,1,0,2,2
1053,1,0,0,0,1
1390,1,0,0,0,1
15469,1,0,0,1,4
1548,1,0,0,2,1
1089,0,1,0,0,1
4655,1,0,0,1,1
15399,0,1,0,2,1
260,0,1,0,2,1
15139,1,0,0,2,1
5217,1,0,0,6,1
17277,0,1,0,0,1
9860,1,0,0,6,1
10113,1,0,0,8,2
17406,0,1,0,1,1
326,1,0,0,2,1
18299,1,0,0,3,1
16662,1,0,0,1,1
11047,1,0,0,4,1
308,0,1,0,2,1
16352,1,0,0,2,1
15222,0,1,0,2,2
16991,0,1,0,7,1
36,1,0,0,0,2
9786,1,0,0,4,4
980,1,0,0,2,2
6967,1,0,0,4,1
2048,0,1,0,2,1
6752,0,1,0,2,1
15134,1,0,0,0,1
18353,1,0,0,0,1
544,1,0,0,2,1
476,0,1,0,2,1
12824,1,0,0,9,1
16466,1,0,0,1,1
15115,0,1,0,1,1
13555,1,0,0,2,1
18615,1,0,0,1,1
2925,1,0,0,0,1
1761,1,0,0,2,1
1771,0,1,0,0,1
444,0,1,0,7,1
5603,1,0,0,9,4
17492,1,0,0,2,1
568,0,1,0,2,1
5693,0,1,0,3,1
17757,1,0,0,2,1
11480,1,0,0,4,2
2510,0,1,0,0,1
18160,1,0,0,1,1
2364,0,1,0,2,1
13487,1,0,0,3,1
6167,1,0,0,4,1
18173,0,1,0,1,1
1101,0,1,0,0,1
4189,1,0,0,4,1
11577,1,0,0,3,1
12244,1,0,0,7,2
3019,1,0,0,4,2
15188,1,0,0,2,1
18034,1,0,0,0,1
1543,1,0,0,2,2
16733,0,1,0,2,1
1416,0,1,0,2,1
18341,1,0,0,1,1
17943,0,1,0,0,1
15165,1,0,0,0,1
8347,1,0,0,3,1
2717,1,0,0,0,2
11691,1,0,0,4,1
857,1,0,0,0,1
12824,1,0,0,9,1
445,1,0,0,2,2
18014,1,0,0,2,1
17861,1,0,0,0,1
12558,1,0,0,1,1
12386,1,0,0,2,2
14121,1,0,0,4,1
14495,1,0,0,3,1
10483,1,0,0,8,1
16530,0,1,0,5,2
1570,1,0,0,2,1
14809,0,1,0,0,1
15579,1,0,0,0,1
18639,1,0,0,0,1
12804,1,0,0,7,1
10862,1,0,0,7,1
1157,1,0,0,2,1
1372,1,0,0,2,1
5532,0,1,0,4,1
18010,0,1,0,2,1
10712,1,0,0,9,1
6,1,0,0,2,2
477,1,0,0,0,1
18550,1,0,0,1,1
12967,1,0,0,1,1
14864,0,1,0,4,1
15789,1,0,0,2,2
13399,1,0,0,8,3
16163,1,0,0,0,1
1936,0,1,0,0,1
2348,1,0,0,0,1
2776,0,1,0,2,1
1437,1,0,0,2,1
3264,0,1,0,2,1
17078,0,1,0,0,1
7047,1,0,0,4,1
567,0,1,0,0,1
6510,1,0,0,8,2
16614,0,1,0,2,3
6215,1,0,0,6,1
14758,1,0,0,2,1
3261,1,0,0,2,1
16458,0,1,0,5,2
17062,0,1,0,0,1
17993,0,1,0,2,1
16577,1,0,0,3,1
94,0,1,0,0,1
17283,0,1,0,2,1
12947,1,0,0,7,1
15685,0,1,0,0,1
2794,1,0,0,0,1
15014,0,1,0,2,1
505,1,0,0,1,1
6798,1,0,0,1,3
15115,0,1,0,1,1
16825,0,1,0,4,1
11362,1,0,0,7,4
16707,0,1,0,2,1
14210,1,0,0,3,1
2147,0,1,0,4,2
15023,1,0,0,4,1
5865,1,0,0,7,3
1723,0,1,0,2,1
1061,0,1,0,5,2
17006,0,1,0,2,1
3242,0,1,0,0,1
17492,1,0,0,2,1
14868,1,0,0,2,1
4913,1,0,0,3,4
16829,1,0,0,1,1
16282,0,1,0,2,1
116,0,1,0,2,1
12510,1,0,0,2,1
17149,0,1,0,1,1
1331,1,0,0,0,1
2066,1,0,0,0,1
11200,1,0,0,6,1
4280,1,0,0,4,2
14317,1,0,0,2,1
1397,1,0,0,1,2
10519,1,0,0,3,1
16076,1,0,0,0,1
13167,1,0,0,2,1
18006,1,0,0,0,1
12365,1,0,0,4,2
15974,1,0,0,6,1
835,0,1,0,0,1
1852,0,1,0,0,1
857,1,0,0,0,1
18131,1,0,0,0,1
12322,1,0,0,6,1
13841,1,0,0,2,1
18382,1,0,0,1,1
16123,0,1,0,2,1
18309,0,1,0,5,1
1980,0,1,0,2,2
14952,1,0,0,0,1
15033,1,0,0,0,2
15336,1,0,0,0,3
2110,1,0,0,2,1
2657,0,1,0,2,1
11227,1,0,0,7,1
5884,1,0,0,1,1
14994,1,0,0,1,1
2964,1,0,0,2,2
18221,0,1,0,0,1
475,1,0,0,1,1
370,1,0,0,0,1
1635,0,1,0,0,1
17919,1,0,0,2,1
12558,1,0,0,1,1
2360,1,0,0,0,1
1314,0,1,0,2,1
3374,1,0,0,1,1
14823,1,0,0,0,1
15784,0,1,0,4,1
6057,1,0,0,2,1
1488,1,0,0,2,2
17933,1,0,0,0,1
15031,1,0,0,0,1
8330,1,0,0,2,1
829,0,1,0,2,2
17078,0,1,0,0,1
18625,0,1,0,0,1
10805,1,0,0,7,3
2596,1,0,0,0,1
18068,0,1,0,6,1
13909,1,0,0,2,1
16314,1,0,0,0,1
4657,1,0,0,6,1
661,0,1,0,2,2
2071,1,0,0,2,1
2388,1,0,0,1,1
11930,1,0,0,4,2
3208,1,0,0,2,1
17876,0,1,0,6,1
16707,0,1,0,2,1
14684,1,0,0,2,1
14749,1,0,0,2,2
11938,1,0,0,8,1
17953,0,1,0,0,1
15076,1,0,0,1,1
2054,1,0,0,0,1
14749,1,0,0,2,2
379,1,0,0,0,1
16736,0,1,0,4,1
11982,1,0,0,3,1
1976,1,0,0,7,1
257,0,1,0,2,1
16803,1,0,0,0,1
2151,1,0,0,2,2
18068,0,1,0,6,1
2722,1,0,0,0,1
16577,1,0,0,3,1
1123,0,1,0,0,1
15793,1,0,0,2,1
12574,1,0,0,2,1
138,1,0,0,0,1
3918,1,0,0,4,1
36,1,0,0,0,2
13863,1,0,0,4,1
16845,1,0,0,2,1
1238,1,0,0,1,1
9880,1,0,0,4,1
14914,1,0,0,0,1
1400,1,0,0,2,1
12620,1,0,0,2,1
16014,1,0,0,0,1
2909,1,0,0,2,1
17431,1,0,0,2,1
14681,1,0,0,0,3
9434,1,0,0,1,1
16915,1,0,0,0,1
2237,0,1,0,0,1
18292,1,0,0,0,3
15066,1,0,0,2,1
15885,1,0,0,0,1
2366,1,0,0,1,2
10368,1,0,0,2,1
2035,1,0,0,2,1
17840,0,1,0,1,1
16551,1,0,0,0,3
3143,1,0,0,1,1
1232,1,0,0,0,1
14922,0,1,0,0,1
11930,1,0,0,4,2
1974,0,1,0,0,1
6362,1,0,0,1,1
4671,1,0,0,4,1
1331,1,0,0,0,1
5334,1,0,0,1,1
18047,1,0,0,0,1
11633,1,0,0,8,1
16808,0,1,0,2,1
16715,1,0,0,1,1
2437,1,0,0,0,2
18329,1,0,0,1,1
844,0,1,0,0,1
485,1,0,0,0,1
2858,1,0,0,2,2
2446,0,1,0,2,1
13564,1,0,0,1,1
15998,0,1,0,4,1
200,1,0,0,2,1
18507,0,1,0,2,1
15266,1,0,0,2,1
6234,1,0,0,4,3
1725,1,0,0,1,1
2047,1,0,0,0,1
14425,1,0,0,6,1
18129,1,0,0,0,1
4092,1,0,0,4,1
14963,1,0,0,1,3
18141,1,0,0,2,1
15870,1,0,0,1,4
10909,1,0,0,4,1
2037,0,1,0,2,1
12393,1,0,0,7,1
2113,1,0,0,0,1
2066,1,0,0,0,1
2733,1,0,0,0,1
2045,1,0,0,2,1
9253,1,0,0,6,1
16231,0,1,0,6,1
9886,1,0,0,4,2
6007,1,0,0,1,1
2719,1,0,0,0,1
1010,0,1,0,2,1
16124,1,0,0,0,1
2657,0,1,0,2,1
13282,1,0,0,4,1
1907,0,1,0,0,1
18011,1,0,0,0,1
18102,1,0,0,0,1
15606,0,1,0,2,1
1991,1,0,0,2,1
3416,1,0,0,2,2
2362,1,0,0,0,1
11049,1,0,0,4,2
12942,1,0,0,7,2
1624,1,0,0,0,3
10349,1,0,0,4,1
18569,1,0,0,1,2
14218,1,0,0,9,1
15666,1,0,0,2,1
18264,0,1,0,6,1
7864,1,0,0,3,1
1266,1,0,0,0,1
8330,1,0,0,2,1
6922,1,0,0,4,1
251,1,0,0,2,1
443,1,0,0,0,1
1950,0,1,0,2,1
1865,0,1,0,0,1
2338,1,0,0,2,1
1397,1,0,0,1,2
18547,0,1,0,5,2
17277,0,1,0,0,1
1375,1,0,0,2,1
2236,1,0,0,2,1
18542,1,0,0,2,1
8739,1,0,0,8,1
18114,0,1,0,2,1
15669,0,1,0,2,1
17133,1,0,0,1,1
16124,1,0,0,0,1
11165,1,0,0,4,1
6408,1,0,0,3,1
18260,1,0,0,1,1
17821,1,0,0,2,1
18531,1,0,0,0,1
18499,1,0,0,1,1
7597,1,0,0,2,1
16388,0,1,0,2,2
8701,1,0,0,4,3
11889,1,0,0,7,1
2795,1,0,0,0,1
3142,1,0,0,0,1
15809,1,0,0,0,1
6928,1,0,0,7,1
15764,1,0,0,0,1
15862,1,0,0,0,4
15607,0,1,0,2,1
16207,0,1,0,0,1
14319,1,0,0,2,1
2147,0,1,0,4,2
8773,1,0,0,7,1
517,1,0,0,4,1
1655,0,1,0,2,1
14710,1,0,0,0,1
1485,1,0,0,2,1
1153,1,0,0,4,1
16622,1,0,0,2,2
8773,1,0,0,7,1
2802,1,0,0,0,1
3326,0,1,0,0,1
14881,0,1,0,1,1
15528,1,0,0,0,1
11266,1,0,0,7,2
18550,1,0,0,1,1
18007,0,1,0,4,1
1827,1,0,0,2,1
977,1,0,0,0,1
18187,1,0,0,2,1
15551,1,0,0,0,1
2665,1,0,0,2,1
521,0,1,0,0,1
18564,1,0,0,0,2
15063,0,1,0,0,2
6009,1,0,0,6,1
17967,0,1,0,2,1
427,1,0,0,1,1
14831,1,0,0,1,1
12172,1,0,0,2,1
6832,1,0,0,3,2
14965,1,0,0,2,1
1836,0,1,0,0,1
7799,1,0,0,3,1
2711,1,0,0,0,1
6438,1,0,0,9,1
605,1,0,0,0,1
4295,1,0,0,3,1
15827,1,0,0,0,1
3751,1,0,0,7,1
14871,0,1,0,0,1
4796,0,1,0,3,3
16004,0,1,0,0,1
16014,1,0,0,0,1
3140,1,0,0,0,1
505,1,0,0,1,1
111,1,0,0,2,1
5431,1,0,0,7,1
4617,1,0,0,3,1
14376,1,0,0,1,1
1547,1,0,0,0,1
899,0,1,0,2,1
10113,1,0,0,8,2
148,0,1,0,4,1
7958,1,0,0,7,1
2653,0,1,0,0,1
3659,1,0,0,7,1
17668,0,1,0,1,1
15038,1,0,0,0,2
1510,0,1,0,0,1
1783,1,0,0,0,1
784,1,0,0,2,1
18179,0,1,0,4,1
683,1,0,0,0,1
16556,1,0,0,0,1
10457,0,1,0,4,1
14563,1,0,0,2,1
17009,0,1,0,1,1
16720,0,1,0,0,1
13537,1,0,0,8,1
15156,1,0,0,1,1
612,0,1,0,0,3
12252,1,0,0,3,1
14127,1,0,0,8,1
757,1,0,0,4,2
7201,1,0,0,1,1
15139,1,0,0,2,1
18262,1,0,0,0,1
1958,0,1,0,0,1
7478,1,0,0,1,1
15591,1,0,0,1,1
17930,1,0,0,0,1
737,0,1,0,2,1
5789,1,0,0,6,2
701,1,0,0,2,1
16958,0,1,0,1,1
2435,1,0,0,2,1
13989,1,0,0,7,1
3309,1,0,0,5,1
351,1,0,0,0,1
5055,0,1,0,3,1
16296,0,1,0,2,1
1910,1,0,0,2,2
15421,0,1,0,0,1
14536,1,0,0,7,1
1549,1,0,0,2,1
1960,1,0,0,0,1
16344,0,1,0,2,1
1883,1,0,0,0,1
18507,0,1,0,2,1
1087,0,1,0,1,1
5428,1,0,0,2,1
2393,1,0,0,2,1
16540,0,1,0,1,1
14684,1,0,0,2,1
4468,1,0,0,2,1
15149,1,0,0,0,1
319,0,1,0,0,2
14105,1,0,0,4,3
16599,1,0,0,2,1
11172,1,0,0,8,1
6180,1,0,0,7,2
13620,1,0,0,6,1
5024,1,0,0,1,1
15418,1,0,0,0,1
2302,0,1,0,4,1
14382,1,0,0,7,2
17989,0,1,0,1,1
2794,1,0,0,0,1
18122,0,1,0,4,1
5831,1,0,0,8,1
3263,0,1,0,2,1
16170,1,0,0,1,2
15034,0,1,0,2,1
148,0,1,0,4,1
4749,1,0,0,4,1
2918,1,0,0,2,2
16155,1,0,0,2,1
15558,0,1,0,0,2
1904,1,0,0,0,1
13357,1,0,0,4,1
3263,0,1,0,2,1
11480,1,0,0,4,2
12341,1,0,0,7,1
1571,0,1,0,0,1
5326,1,0,0,1,2
18199,1,0,0,1,1
937,1,0,0,4,1
16722,0,1,0,0,1
3886,1,0,0,7,1
1071,1,0,0,1,2
443,1,0,0,0,1
1089,0,1,0,0,1
2718,1,0,0,1,1
7169,1,0,0,2,1
9095,1,0,0,7,2
1761,1,0,0,2,1
15869,1,0,0,0,1
3206,1,0,0,2,2
2349,0,1,0,2,1
6362,1,0,0,1,1
1883,1,0,0,0,1
7866,1,0,0,7,1
609,1,0,0,0,1
2222,1,0,0,0,1
15865,1,0,0,2,1
18446,1,0,0,0,1
2262,0,1,0,2,1
18379,1,0,0,2,1
3733,1,0,0,2,1
15779,1,0,0,0,1
18001,1,0,0,0,1
16109,1,0,0,0,1
17917,0,1,0,7,1
8349,1,0,0,2,1
683,1,0,0,0,1
16347,0,1,0,1,1
15737,0,1,0,2,1
2710,0,1,0,0,1
13996,1,0,0,4,1
3299,1,0,0,0,2
3001,1,0,0,0,3
7094,1,0,0,3,1
14790,1,0,0,0,1
13291,1,0,0,3,4
11825,1,0,0,3,1
18335,0,1,0,2,1
17025,0,1,0,2,2
1980,0,1,0,2,2
15063,0,1,0,0,2
420,1,0,0,0,1
16346,1,0,0,2,1
3038,0,1,0,2,2
14491,1,0,0,3,1
1166,0,1,0,2,2
2761,1,0,0,2,1
15093,1,0,0,0,1
15352,0,1,0,6,1
2364,0,1,0,2,1
2820,1,0,0,7,1
1968,0,1,0,2,2
15439,0,1,0,2,1
2221,1,0,0,2,1
7242,1,0,0,3,1
16334,1,0,0,0,1
11988,1,0,0,8,1
607,1,0,0,0,1
2544,0,1,0,0,1
17943,0,1,0,0,1
10983,1,0,0,2,4
18647,1,0,0,0,1
4963,1,0,0,1,4
9629,1,0,0,4,1
291,1,0,0,2,1
2753,1,0,0,0,1
17610,1,0,0,0,1
3980,1,0,0,5,1
18264,0,1,0,6,1
1355,0,1,0,2,1
18001,1,0,0,0,1
7882,1,0,0,7,2
16991,0,1,0,7,1
10496,1,0,0,9,1
15859,1,0,0,5,1
567,0,1,0,0,1
14967,1,0,0,0,1
2110,1,0,0,2,1
2882,1,0,0,0,1
2132,1,0,0,0,1
1915,1,0,0,0,1
15001,1,0,0,0,1
8439,1,0,0,2,1
13452,1,0,0,4,1
2883,1,0,0,0,1
1024,0,1,0,4,1
7393,1,0,0,4,2
205,1,0,0,2,1
1153,1,0,0,4,1
18434,0,1,0,3,2
14209,1,0,0,3,2
4721,1,0,0,7,1
443,1,0,0,0,1
7388,1,0,0,2,1
17353,1,0,0,2,1
9077,1,0,0,2,4
2181,0,1,0,4,1
17976,1,0,0,6,1
7925,1,0,0,2,1
16170,1,0,0,1,2
4992,1,0,0,4,1
690,1,0,0,0,1
2730,1,0,0,2,2
18211,0,1,0,5,1
16028,0,1,0,5,3
1267,1,0,0,0,1
14510,1,0,0,4,1
807,1,0,0,2,1
14796,1,0,0,0,1
7597,1,0,0,2,1
18337,1,0,0,0,1
4231,1,0,0,2,1
14127,1,0,0,8,1
1922,1,0,0,4,1
1570,1,0,0,2,1
18253,1,0,0,1,1
11925,1,0,0,2,1
1330,1,0,0,2,1
18012,1,0,0,1,1
5034,1,0,0,1,4
3873,1,0,0,2,1
4093,1,0,0,3,1
1934,1,0,0,0,1
615,1,0,0,4,1
4338,0,1,0,2,1
8817,1,0,0,4,1
11190,1,0,0,8,1
18173,0,1,0,1,1
16014,1,0,0,0,1
3144,0,1,0,2,1
2661,0,1,0,2,1
18520,1,0,0,1,3
1452,1,0,0,0,2
13306,1,0,0,1,1
7765,1,0,0,4,1
17931,1,0,0,0,1
7843,1,0,0,4,1
13239,1,0,0,1,1
1413,1,0,0,0,1
379,1,0,0,0,1
1275,0,1,0,0,1
14655,1,0,0,2,1
2733,1,0,0,0,1
148,0,1,0,4,1
16829,1,0,0,1,1
17102,1,0,0,2,3
604,0,1,0,2,1
5603,1,0,0,9,4
11474,1,0,0,2,2
2752,0,1,0,2,1
2200,1,0,0,0,1
13803,1,0,0,7,1
2338,1,0,0,2,1
18489,0,1,0,0,1
902,1,0,0,0,1
15426,1,0,0,0,1
2135,0,1,0,0,1
17216,1,0,0,0,1
1532,1,0,0,2,2
12947,1,0,0,7,1
3069,0,1,0,2,1
3227,1,0,0,2,1
15033,1,0,0,0,2
14994,1,0,0,1,1
18516,1,0,0,0,1
2173,1,0,0,4,2
11501,1,0,0,4,1
11501,1,0,0,4,1
6884,1,0,0,4,1
6893,0,1,0,2,1
4330,1,0,0,3,1
4819,1,0,0,3,1
8244,1,0,0,7,1
6556,1,0,0,7,1
16501,1,0,0,2,1
2313,1,0,0,0,3
11010,1,0,0,6,2
15853,1,0,0,3,1
18391,1,0,0,3,1
2466,1,0,0,2,1
11304,1,0,0,2,1
7049,1,0,0,6,1
18178,1,0,0,0,2
1735,0,1,0,0,1
427,1,0,0,1,1
2822,1,0,0,0,1
10042,1,0,0,3,1
1613,0,1,0,1,1
18098,1,0,0,2,1
9278,1,0,0,7,1
17009,0,1,0,1,1
3815,1,0,0,1,1
2089,1,0,0,2,1
18087,0,1,0,4,1
17078,0,1,0,0,1
1894,1,0,0,1,1
11091,1,0,0,1,1
2169,1,0,0,7,1
16455,1,0,0,0,1
18443,1,0,0,0,1
14743,1,0,0,1,1
3221,1,0,0,0,1
16136,1,0,0,0,1
1415,1,0,0,0,1
14308,1,0,0,7,1
936,0,1,0,1,1
17664,0,1,0,0,1
13719,1,0,0,4,3
988,1,0,0,2,1
10978,1,0,0,2,1
7217,1,0,0,7,2
4546,1,0,0,1,2
12218,1,0,0,3,1
15425,0,1,0,0,1
15687,0,1,0,0,1
15089,1,0,0,2,1
7958,1,0,0,7,1
636,1,0,0,0,1
15863,1,0,0,0,1
18098,1,0,0,2,1
3142,1,0,0,0,1
1314,0,1,0,2,1
5505,1,0,0,1,1
2649,0,1,0,2,1
2668,0,1,0,2,1
2222,1,0,0,0,1
13450,1,0,0,4,1
18254,1,0,0,0,1
15744,1,0,0,0,1
17867,0,1,0,0,1
3209,1,0,0,0,1
14881,0,1,0,1,1
1740,1,0,0,2,1
2118,1,0,0,2,1
11480,1,0,0,4,2
1554,0,1,0,4,2
11892,1,0,0,1,1
16355,0,1,0,0,1
2624,1,0,0,1,1
18419,1,0,0,2,1
9214,1,0,0,6,2
14547,1,0,0,1,1
1660,0,1,0,2,2
2106,0,1,0,2,1
14573,1,0,0,2,2
8524,1,0,0,6,1
1296,0,1,0,0,1
16285,0,1,0,1,1
510,0,1,0,0,1
1819,0,1,0,4,1
5884,1,0,0,1,1
2378,0,1,0,4,1
282,1,0,0,2,1
15953,0,1,0,1,1
14979,0,1,0,0,1
18530,0,1,0,0,1
15114,1,0,0,1,1
7689,1,0,0,4,1
11065,0,1,0,3,1
15499,0,1,0,1,2
4091,1,0,0,3,1
1543,1,0,0,2,2
17022,0,1,0,2,1
2201,0,1,0,0,1
17039,0,1,0,0,1
7091,1,0,0,8,2
2255,0,1,0,0,1
2951,1,0,0,2,3
16577,1,0,0,3,1
262,1,0,0,0,1
8263,1,0,0,1,1
5797,1,0,0,1,1
8729,1,0,0,4,1
4179,1,0,0,7,1
15033,1,0,0,0,2
17993,0,1,0,2,1
15013,1,0,0,0,1
2115,0,1,0,2,1
15398,0,1,0,1,1
1668,1,0,0,2,1
552,1,0,0,2,1
3516,1,0,0,3,1
2187,1,0,0,2,1
427,1,0,0,1,1
6438,1,0,0,9,1
950,1,0,0,1,1
544,1,0,0,2,1
10506,1,0,0,2,4
156,0,1,0,2,1
2950,0,1,0,2,1
10417,1,0,0,4,1
6610,1,0,0,2,1
18350,1,0,0,2,1
8009,1,0,0,6,1
316,1,0,0,1,1
5697,1,0,0,7,2
17388,0,1,0,3,1
34,1,0,0,4,1
1010,0,1,0,2,1
5992,1,0,0,4,1
15287,0,1,0,1,3
1131,0,1,0,2,1
200,1,0,0,2,1
14750,1,0,0,0,1
14739,0,1,0,2,2
6457,1,0,0,3,2
18623,1,0,0,0,1
1992,1,0,0,0,1
17891,0,1,0,2,1
2102,1,0,0,2,1
2362,1,0,0,0,1
15792,1,0,0,3,1
3046,1,0,0,2,1
16358,1,0,0,1,2
18299,1,0,0,3,1
18350,1,0,0,2,1
15485,1,0,0,2,1
18602,0,1,0,0,1
8094,1,0,0,6,1
632,1,0,0,1,1
2548,1,0,0,0,1
18263,1,0,0,0,1
15087,1,0,0,3,2
1668,1,0,0,2,1
2054,1,0,0,0,1
18220,1,0,0,1,1
95,1,0,0,0,2
5855,1,0,0,7,1
8145,1,0,0,7,2
16783,1,0,0,1,1
1793,0,1,0,2,1
6640,1,0,0,2,1
12558,1,0,0,1,1
1494,1,0,0,0,1
18358,1,0,0,1,1
2012,0,1,0,0,1
16530,0,1,0,5,2
327,1,0,0,2,1
2227,0,1,0,4,1
2834,1,0,0,1,1
863,0,1,0,0,1
15580,1,0,0,3,1
6355,1,0,0,3,1
17134,1,0,0,3,2
1968,0,1,0,2,2
6401,1,0,0,6,4
17919,1,0,0,2,1
615,1,0,0,4,1
7242,1,0,0,3,1
6245,1,0,0,3,2
15309,0,1,0,2,2
16381,0,1,0,1,1
9053,0,1,0,2,1
2517,1,0,0,2,1
1061,0,1,0,5,2
12114,1,0,0,1,1
2538,1,0,0,2,1
11760,1,0,0,1,1
6383,1,0,0,7,1
11474,1,0,0,2,2
4295,1,0,0,3,1
636,1,0,0,0,1
6632,1,0,0,7,1
2495,1,0,0,0,1
292,0,1,0,2,1
10652,1,0,0,7,1
320,1,0,0,1,2
33,1,0,0,4,2
560,0,1,0,2,1
1994,0,1,0,4,1
15745,1,0,0,0,1
8989,1,0,0,2,1
1910,1,0,0,2,2
766,0,1,0,2,1
7922,1,0,0,8,1
16501,1,0,0,2,1
18238,0,1,0,1,1
680,0,1,0,2,1
1954,0,1,0,0,1
13282,1,0,0,4,1
17993,0,1,0,2,1
18400,0,1,0,2,1
2984,1,0,0,1,1
721,0,1,0,1,1
18434,0,1,0,3,2
2427,1,0,0,0,1
12526,1,0,0,1,1
18400,0,1,0,2,1
16369,1,0,0,2,1
1764,1,0,0,1,1
21,1,0,0,0,1
446,0,1,0,3,1
12181,1,0,0,4,2
14735,0,1,0,2,1
9625,1,0,0,2,1
15236,1,0,0,0,1
8118,0,1,0,2,4
18116,0,1,0,2,1
972,1,0,0,1,1
658,0,1,0,2,1
1827,1,0,0,2,1
2200,1,0,0,0,1
3012,1,0,0,4,2
3036,0,1,0,2,1
1199,0,1,0,2,1
10538,1,0,0,2,2
2753,1,0,0,0,1
2730,1,0,0,2,2
422,0,1,0,1,1
11047,1,0,0,4,1
9354,1,0,0,8,1
17610,1,0,0,0,1
6438,1,0,0,9,1
1135,1,0,0,0,1
6474,1,0,0,7,2
12322,1,0,0,6,1
18019,1,0,0,3,3
18592,1,0,0,0,1
16723,1,0,0,0,1
3066,0,1,0,2,3
4788,1,0,0,2,1
1149,1,0,0,0,2
13323,1,0,0,2,2
8931,1,0,0,4,1
617,1,0,0,0,1
15076,1,0,0,1,1
18288,1,0,0,0,1
13437,1,0,0,2,1
14873,0,1,0,2,1
5376,1,0,0,1,1
18298,1,0,0,2,1
10639,1,0,0,2,1
18542,1,0,0,2,1
4934,1,0,0,2,1
13537,1,0,0,8,1
14880,0,1,0,6,1
14230,1,0,0,4,1
2398,1,0,0,0,1
15163,1,0,0,0,2
446,0,1,0,3,1
1423,0,1,0,2,1
1045,0,1,0,0,1
3095,1,0,0,0,2
13693,1,0,0,7,2
15728,1,0,0,1,1
18031,0,1,0,4,1
7616,1,0,0,2,1
17984,1,0,0,1,1
11297,1,0,0,7,1
1959,1,0,0,2,1
15856,1,0,0,1,1
10684,1,0,0,7,1
17405,0,1,0,2,1
16709,0,1,0,0,1
1462,0,1,0,0,1
1316,1,0,0,0,1
8800,1,0,0,7,1
18115,1,0,0,0,2
836,1,0,0,2,1
1331,1,0,0,0,1
9860,1,0,0,6,1
18554,1,0,0,2,1
1870,1,0,0,2,2
2752,0,1,0,2,1
1669,1,0,0,1,1
18641,1,0,0,4,1
9698,0,1,0,4,1
18426,0,1,0,2,2
2030,0,1,0,2,2
18296,1,0,0,0,1
10479,1,0,0,6,1
731,1,0,0,2,1
3346,1,0,0,0,1
16725,0,1,0,0,3
18109,1,0,0,1,1
7373,0,1,0,7,1
14265,1,0,0,9,1
2757,1,0,0,4,3
1384,0,1,0,0,2
18457,1,0,0,1,1
2973,1,0,0,0,1
18400,0,1,0,2,1
12510,1,0,0,2,1
17216,1,0,0,0,1
3848,1,0,0,9,3
7388,1,0,0,2,1
9743,1,0,0,7,2
18260,1,0,0,1,1
8349,1,0,0,2,1
291,1,0,0,2,1
18322,0,1,0,1,1
1841,0,1,0,0,1
18492,1,0,0,0,1
8111,1,0,0,2,3
15188,1,0,0,2,1
17911,1,0,0,2,1
14078,1,0,0,7,1
4398,1,0,0,3,1
15629,1,0,0,0,1
556,0,1,0,0,1
18469,0,1,0,2,1
388,0,1,0,0,1
1404,1,0,0,2,1
16822,1,0,0,2,1
3256,0,1,0,2,1
8287,1,0,0,4,1
8817,1,0,0,4,1
7194,1,0,0,4,2
18201,1,0,0,0,1
9880,1,0,0,4,1
18393,1,0,0,0,3
7809,1,0,0,2,2
16036,1,0,0,2,1
1852,0,1,0,0,1
18042,1,0,0,2,1
2256,1,0,0,2,1
18312,1,0,0,1,1
661,0,1,0,2,2
1981,1,0,0,0,1
14510,1,0,0,4,1
18438,0,1,0,0,1
18406,1,0,0,0,1
5803,1,0,0,1,2
13747,1,0,0,2,1
14757,1,0,0,2,2
13299,1,0,0,9,1
16312,1,0,0,1,1
3203,1,0,0,0,1
15031,1,0,0,0,1
2037,0,1,0,2,1
6632,1,0,0,7,1
2685,1,0,0,0,1
3193,1,0,0,0,1
18248,1,0,0,0,1
7146,0,1,0,1,1
845,1,0,0,2,1
598,1,0,0,0,1
16466,1,0,0,1,1
16496,1,0,0,0,1
6932,1,0,0,2,2
6514,1,0,0,7,1
17431,1,0,0,2,1
4516,1,0,0,1,1
18562,1,0,0,0,2
18159,0,1,0,1,1
1298,1,0,0,2,1
6655,1,0,0,7,1
2798,1,0,0,0,1
1300,1,0,0,2,2
853,0,1,0,2,1
17447,0,1,0,0,1
8834,1,0,0,2,1
2366,1,0,0,1,2
829,0,1,0,2,2
12404,1,0,0,4,1
16562,0,1,0,0,1
11629,1,0,0,6,2
1683,1,0,0,0,1
17059,0,1,0,2,2
1594,1,0,0,0,1
695,0,1,0,2,1
1977,1,0,0,2,2
2322,1,0,0,0,1
14686,0,1,0,0,1
10860,1,0,0,6,2
17337,0,1,0,0,1
1704,1,0,0,0,1
609,1,0,0,0,1
15238,1,0,0,2,1
5578,0,1,0,2,1
12252,1,0,0,3,1
15687,0,1,0,0,1
2050,1,0,0,1,1
13398,1,0,0,3,1
1106,0,1,0,4,1
559,1,0,0,2,1
1105,0,1,0,2,1
15670,1,0,0,4,1
17139,1,0,0,2,2
6345,1,0,0,4,2
17995,0,1,0,0,1
2565,1,0,0,0,1
3188,1,0,0,2,1
868,0,1,0,0,1
16407,0,1,0,4,1
1440,1,0,0,0,1
12361,1,0,0,6,1
2610,1,0,0,2,1
2009,0,1,0,0,1
3372,1,0,0,3,1
1960,1,0,0,0,1
1388,1,0,0,0,1
1096,0,1,0,7,1
1562,0,1,0,0,1
2783,1,0,0,0,1
8449,1,0,0,2,1
18065,0,1,0,3,1
1976,1,0,0,7,1
18417,1,0,0,2,1
10483,1,0,0,8,1
1609,1,0,0,0,2
6315,1,0,0,4,2
1107,0,1,0,2,1
3121,1,0,0,0,1
12510,1,0,0,2,1
16577,1,0,0,3,1
1207,0,1,0,1,1
15527,1,0,0,2,1
17348,1,0,0,2,1
18430,1,0,0,0,3
17825,1,0,0,0,1
2814,0,1,0,0,1
8784,1,0,0,2,1
1495,0,1,0,0,1
3216,1,0,0,0,1
579,1,0,0,0,1
11165,1,0,0,4,1
967,0,1,0,0,1
6438,1,0,0,9,1
13208,1,0,0,8,1
18039,0,1,0,0,1
5210,1,0,0,2,2
17892,1,0,0,2,1
13201,1,0,0,6,1
36,1,0,0,0,2
2407,0,1,0,0,2
18305,1,0,0,0,1
13282,1,0,0,4,1
8136,1,0,0,3,1
3430,1,0,0,7,1
1865,0,1,0,0,1
349,0,1,0,0,1
16770,1,0,0,2,1
1951,1,0,0,2,1
2753,1,0,0,0,1
897,1,0,0,2,1
1824,0,1,0,2,1
5646,1,0,0,4,2
3624,1,0,0,8,4
2542,0,1,0,2,1
1594,1,0,0,0,1
5069,1,0,0,6,2
15776,1,0,0,0,1
607,1,0,0,0,1
18247,1,0,0,0,1
393,1,0,0,2,1
610,1,0,0,0,1
10201,0,1,0,7,1
2489,1,0,0,2,1
4917,1,0,0,1,1
5561,1,0,0,1,1
933,1,0,0,0,1
2606,0,1,0,4,1
1922,1,0,0,4,1
16025,0,1,0,0,1
3206,1,0,0,2,2
15934,0,1,0,0,1
9052,1,0,0,2,1
3144,0,1,0,2,1
15499,0,1,0,1,2
16000,0,1,0,0,1
15668,0,1,0,0,1
3877,1,0,0,2,4
18298,1,0,0,2,1
3117,1,0,0,2,1
509,0,1,0,1,1
505,1,0,0,1,1
4521,1,0,0,3,2
600,0,1,0,2,1
2064,0,1,0,1,1
17890,1,0,0,1,4
14210,1,0,0,3,1
15585,1,0,0,1,1
1045,0,1,0,0,1
16826,1,0,0,2,1
2945,1,0,0,0,1
16216,0,1,0,2,2
18133,1,0,0,2,1
1921,0,1,0,0,2
18098,1,0,0,2,1
1991,1,0,0,2,1
8908,1,0,0,1,1
6610,1,0,0,2,1
10964,1,0,0,2,1
56,0,1,0,0,1
73,1,0,0,0,1
17135,0,1,0,1,1
13439,1,0,0,2,1
16364,1,0,0,2,1
1274,1,0,0,0,1
15865,1,0,0,2,1
15614,0,1,0,2,2
1950,0,1,0,2,1
18470,1,0,0,2,1
8903,1,0,0,9,1
761,1,0,0,0,1
4986,1,0,0,4,1
1203,1,0,0,0,1
15460,1,0,0,2,1
16022,1,0,0,2,1
17049,0,1,0,0,2
7971,1,0,0,2,1
18166,1,0,0,1,1
2201,0,1,0,0,1
8020,1,0,0,1,1
1815,1,0,0,2,1
4339,1,0,0,2,1
16778,1,0,0,1,1
5873,1,0,0,2,1
16723,1,0,0,0,1
3149,1,0,0,0,1
10234,1,0,0,4,1
3286,1,0,0,2,1
2659,1,0,0,0,1
4436,1,0,0,7,1
15210,0,1,0,7,1
16616,0,1,0,0,1
18429,0,1,0,1,1
680,0,1,0,2,1
16910,1,0,0,1,1
5051,1,0,0,7,1
4743,1,0,0,3,1
3299,1,0,0,0,2
18189,1,0,0,2,1
931,0,1,0,4,1
14998,0,1,0,0,1
18110,1,0,0,0,1
3145,0,1,0,2,1
15499,0,1,0,1,2
16011,1,0,0,1,1
2503,1,0,0,3,1
6315,1,0,0,4,2
5928,1,0,0,8,1
13676,1,0,0,2,3
16827,1,0,0,0,1
2915,1,0,0,4,2
9552,1,0,0,2,1
2329,0,1,0,2,1
14299,1,0,0,3,1
12130,1,0,0,2,1
1754,0,1,0,4,1
7794,1,0,0,4,1
724,1,0,0,2,1
15104,1,0,0,0,1
1950,0,1,0,2,1
3379,1,0,0,3,1
16800,1,0,0,0,1
13265,1,0,0,2,1
11629,1,0,0,6,2
16282,0,1,0,2,1
2446,0,1,0,2,1
1839,1,0,0,2,1
830,0,1,0,0,1
14886,0,1,0,0,1
2354,1,0,0,0,1
18397,0,1,0,4,1
7853,1,0,0,7,1
14775,0,1,0,1,3
6216,1,0,0,7,1
1075,0,1,0,2,1
15760,0,1,0,2,1
5678,1,0,0,8,1
16819,0,1,0,3,1
17980,0,1,0,0,1
18541,1,0,0,0,1
2164,0,1,0,2,2
3149,1,0,0,0,1
5376,1,0,0,1,1
9989,0,1,0,4,1
14994,1,0,0,1,1
17891,0,1,0,2,1
16312,1,0,0,1,1
6355,1,0,0,3,1
18009,1,0,0,2,1
7264,1,0,0,3,4
1510,0,1,0,0,1
2837,0,1,0,0,1
15073,0,1,0,0,1
15003,1,0,0,1,1
10160,1,0,0,6,3
15798,0,1,0,1,1
289,0,1,0,0,1
2561,1,0,0,0,1
13157,1,0,0,4,1
18188,1,0,0,6,4
2972,1,0,0,0,1
2205,0,1,0,0,1
18459,1,0,0,0,1
1472,1,0,0,0,1
17405,0,1,0,2,1
14858,1,0,0,2,1
3184,1,0,0,0,1
18470,1,0,0,2,1
9897,1,0,0,2,1
18645,1,0,0,1,1
14733,0,1,0,0,1
5521,1,0,0,4,1
18645,1,0,0,1,1
17021,0,1,0,1,1
8380,1,0,0,4,1
1353,0,1,0,4,1
18602,0,1,0,0,1
16551,1,0,0,0,3
2996,1,0,0,0,1
2537,0,1,0,2,1
1065,1,0,0,0,1
17881,1,0,0,6,1
16906,0,1,0,5,1
16126,0,1,0,2,2
6905,1,0,0,2,1
6441,1,0,0,2,1
15159,1,0,0,0,1
15672,0,1,0,2,1
1468,0,1,0,0,2
2313,1,0,0,0,3
10909,1,0,0,4,1
10959,1,0,0,1,1
13595,1,0,0,7,1
2980,0,1,0,2,1
8800,1,0,0,7,1
12548,1,0,0,7,1
8821,0,1,0,4,1
15966,1,0,0,4,1
17884,1,0,0,0,3
18052,1,0,0,0,1
4267,1,0,0,2,2
16709,0,1,0,0,1
55,1,0,0,0,1
7373,0,1,0,7,1
18587,1,0,0,7,1
3311,1,0,0,0,1
655,1,0,0,1,1
9052,1,0,0,2,1
16519,1,0,0,0,1
10117,1,0,0,3,1
12752,1,0,0,4,1
1943,1,0,0,4,1
2366,1,0,0,1,2
4669,1,0,0,6,1
14842,0,1,0,0,1
3001,1,0,0,0,3
2700,1,0,0,2,1
17892,1,0,0,2,1
2737,1,0,0,2,2
6632,1,0,0,7,1
2277,1,0,0,0,3
14003,1,0,0,2,1
7909,1,0,0,1,2
11629,1,0,0,6,2
18354,0,1,0,2,1
15798,0,1,0,1,1
16994,0,1,0,1,2
5480,1,0,0,7,1
506,0,1,0,0,1
14859,0,1,0,2,1
4607,1,0,0,4,2
18307,0,1,0,1,1
15134,1,0,0,0,1
6340,1,0,0,2,1
3184,1,0,0,0,1
775,1,0,0,4,1
95,1,0,0,0,2
8059,1,0,0,8,1
3286,1,0,0,2,1
12756,1,0,0,7,1
2169,1,0,0,7,1
2228,0,1,0,2,1
7864,1,0,0,3,1
610,1,0,0,0,1
13209,1,0,0,1,1
5636,1,0,0,4,1
1044,0,1,0,0,1
1125,1,0,0,0,1
2561,1,0,0,0,1
13435,1,0,0,2,1
3069,0,1,0,2,1
16082,0,1,0,0,1
608,1,0,0,0,1
319,0,1,0,0,2
16253,1,0,0,2,2
1678,1,0,0,0,1
4695,1,0,0,2,1
1344,0,1,0,6,1
18071,0,1,0,1,1
17642,0,1,0,2,1
12483,1,0,0,7,2
16010,1,0,0,3,1
137,0,1,0,0,1
2444,1,0,0,0,1
10243,1,0,0,7,1
12153,1,0,0,7,1
17102,1,0,0,2,3
2548,1,0,0,0,1
16275,1,0,0,1,1
1189,0,1,0,0,1
18471,0,1,0,6,1
150,1,0,0,2,1
461,0,1,0,0,1
15818,1,0,0,1,1
5641,1,0,0,4,2
1234,1,0,0,1,1
1683,1,0,0,0,1
4342,1,0,0,2,1
6013,1,0,0,2,1
6224,1,0,0,2,1
2523,1,0,0,0,1
17902,1,0,0,2,1
16072,0,1,0,1,1
413,0,1,0,2,1
9793,1,0,0,1,1
18470,1,0,0,2,1
1573,0,1,0,1,2
1706,1,0,0,1,1
1678,1,0,0,0,1
14469,1,0,0,1,4
15456,0,1,0,5,1
14955,1,0,0,0,1
1570,1,0,0,2,1
2420,1,0,0,1,1
16634,1,0,0,2,1
4008,1,0,0,2,1
17966,1,0,0,0,1
13986,1,0,0,6,1
15712,1,0,0,1,1
14986,1,0,0,0,1
2621,1,0,0,0,1
730,0,1,0,2,1
6187,0,1,0,7,1
3236,1,0,0,0,2
1929,1,0,0,0,1
3024,1,0,0,0,1
16470,0,1,0,1,1
9912,1,0,0,3,1
16592,1,0,0,0,2
10717,1,0,0,3,1
15459,0,1,0,1,1
3291,1,0,0,1,1
14954,1,0,0,2,1
10551,1,0,0,4,1
2510,0,1,0,0,1
252,1,0,0,0,2
17542,1,0,0,1,1
17995,0,1,0,0,1
5415,1,0,0,2,2
3764,1,0,0,3,1
2805,0,1,0,2,2
17959,1,0,0,0,1
9449,1,0,0,1,1
2106,0,1,0,2,1
2223,0,1,0,0,1
12710,1,0,0,7,1
18318,1,0,0,1,1
1964,1,0,0,0,1
9052,1,0,0,2,1
15798,0,1,0,1,1
3184,1,0,0,0,1
10805,1,0,0,7,3
16663,0,1,0,4,1
16994,0,1,0,1,2
2822,1,0,0,0,1
2552,1,0,0,2,1
1485,1,0,0,2,1
2601,1,0,0,2,1
6549,1,0,0,7,1
5860,1,0,0,7,1
15764,1,0,0,0,1
18001,1,0,0,0,1
4398,1,0,0,3,1
18262,1,0,0,0,1
13758,1,0,0,8,1
442,0,1,0,0,1
2903,1,0,0,2,1
15543,1,0,0,2,1
849,1,0,0,0,1
18052,1,0,0,0,1
1331,1,0,0,0,1
10417,1,0,0,4,1
5407,1,0,0,8,3
1009,0,1,0,2,1
2097,1,0,0,0,1
15670,1,0,0,4,1
17369,0,1,0,0,1
1488,1,0,0,2,2
12972,1,0,0,7,2
9383,1,0,0,4,1
856,1,0,0,0,1
9867,1,0,0,6,1
18021,1,0,0,2,1
16800,1,0,0,0,1
3070,1,0,0,2,1
3850,1,0,0,9,1
836,1,0,0,2,1
1317,0,1,0,1,1
262,1,0,0,0,1
977,1,0,0,0,1
3027,1,0,0,0,1
16224,0,1,0,1,2
2913,0,1,0,1,1
15009,0,1,0,1,2
17753,0,1,0,0,1
2313,1,0,0,0,3
17059,0,1,0,2,2
15647,1,0,0,0,1
4008,1,0,0,2,1
10113,1,0,0,8,2
17560,1,0,0,0,2
2132,1,0,0,0,1
790,1,0,0,0,1
5055,0,1,0,3,1
6985,1,0,0,4,1
2776,0,1,0,2,1
6632,1,0,0,7,1
2212,1,0,0,2,2
1184,0,1,0,2,1
18630,1,0,0,2,1
10860,1,0,0,6,2
1915,1,0,0,0,1
2376,0,1,0,0,1
12272,1,0,0,7,1
7403,1,0,0,7,1
18327,1,0,0,0,1
17960,0,1,0,0,1
14601,1,0,0,6,1
1977,1,0,0,2,2
8012,1,0,0,2,1
17457,0,1,0,2,1
15690,0,1,0,4,1
13187,1,0,0,7,1
2249,1,0,0,6,1
17006,0,1,0,2,1
13503,1,0,0,3,1
15809,1,0,0,0,1
2034,1,0,0,0,1
967,0,1,0,0,1
12279,1,0,0,1,1
1291,0,1,0,2,2
3264,0,1,0,2,1
1865,0,1,0,0,1
13167,1,0,0,2,1
17884,1,0,0,0,3
3481,1,0,0,2,1
15912,1,0,0,6,1
5217,1,0,0,6,1
3144,0,1,0,2,1
600,0,1,0,2,1
13320,1,0,0,7,1
13784,1,0,0,4,1
3184,1,0,0,0,1
3140,1,0,0,0,1
10132,0,1,0,1,1
14967,1,0,0,0,1
4314,1,0,0,2,1
10748,1,0,0,7,1
1119,1,0,0,0,2
500,0,1,0,0,1
16249,0,1,0,0,1
8931,1,0,0,4,1
15657,1,0,0,0,4
4917,1,0,0,1,1
8351,1,0,0,6,1
3659,1,0,0,7,1
9346,1,0,0,4,3
10421,1,0,0,4,1
8773,1,0,0,7,1
2418,1,0,0,0,1
16819,0,1,0,3,1
17533,1,0,0,2,1
10694,1,0,0,1,1
14958,1,0,0,0,2
2329,0,1,0,2,1
16820,1,0,0,0,1
13951,1,0,0,3,2
15266,1,0,0,2,1
525,0,1,0,0,1
388,0,1,0,0,1
653,1,0,0,0,1
941,0,1,0,0,1
1975,0,1,0,0,1
15994,1,0,0,0,2
1089,0,1,0,0,1
14563,1,0,0,2,1
1780,1,0,0,1,1
17967,0,1,0,2,1
6243,1,0,0,6,1
8449,1,0,0,2,1
323,0,1,0,0,1
17094,1,0,0,0,1
444,0,1,0,7,1
18154,0,1,0,4,1
110,1,0,0,0,1
11047,1,0,0,4,1
5941,1,0,0,4,1
15076,1,0,0,1,1
12094,0,1,0,3,1
6315,1,0,0,4,2
12400,1,0,0,7,2
6302,1,0,0,2,1
13938,1,0,0,7,1
16032,1,0,0,0,1
15809,1,0,0,0,1
12536,1,0,0,3,1
18335,0,1,0,2,1
552,1,0,0,2,1
16616,0,1,0,0,1
3053,0,1,0,0,3
16795,1,0,0,0,1
18392,1,0,0,2,1
182,1,0,0,4,1
17949,1,0,0,1,1
2059,1,0,0,0,1
1317,0,1,0,1,1
17220,0,1,0,0,1
16087,1,0,0,0,1
8936,1,0,0,1,1
16733,0,1,0,2,1
3314,1,0,0,2,2
12785,1,0,0,2,1
13299,1,0,0,9,1
8821,0,1,0,4,1
11363,1,0,0,7,1
18054,1,0,0,6,1
278,0,1,0,4,1
2848,1,0,0,1,1
12056,1,0,0,2,1
2657,0,1,0,2,1
2433,1,0,0,0,1
2814,0,1,0,0,1
18382,1,0,0,1,1
6647,1,0,0,2,1
3264,0,1,0,2,1
15769,0,1,0,2,1
6688,1,0,0,2,1
16974,1,0,0,2,1
14084,1,0,0,1,2
7049,1,0,0,6,1
413,0,1,0,2,1
1934,1,0,0,0,1
3481,1,0,0,2,1
1066,0,1,0,2,1
127,1,0,0,2,1
2322,1,0,0,0,1
14880,0,1,0,6,1
18604,1,0,0,0,1
17671,1,0,0,1,1
1269,0,1,0,0,1
18251,1,0,0,2,4
17953,0,1,0,0,1
1163,1,0,0,2,1
16680,0,1,0,2,2
18348,1,0,0,0,2
16501,1,0,0,2,1
8784,1,0,0,2,1
2175,0,1,0,0,1
11884,1,0,0,9,1
732,0,1,0,2,1
13678,0,1,0,2,4
2,1,0,0,0,1
2228,0,1,0,2,1
11665,1,0,0,3,1
282,1,0,0,2,1
2375,1,0,0,2,1
13632,1,0,0,3,2
6265,1,0,0,7,1
14957,1,0,0,0,1
291,1,0,0,2,1
961,1,0,0,2,1
12256,1,0,0,3,2
15591,1,0,0,1,1
2640,1,0,0,0,1
1943,1,0,0,4,1
15704,0,1,0,0,1
18190,0,1,0,0,1
2302,0,1,0,4,1
53,1,0,0,0,1
1186,1,0,0,2,1
13435,1,0,0,2,1
1223,0,1,0,0,1
1518,1,0,0,2,1
15616,0,1,0,0,1
3877,1,0,0,2,4
1730,0,1,0,2,1
17989,0,1,0,1,1
2951,1,0,0,2,3
15884,0,1,0,0,1
17337,0,1,0,0,1
8541,1,0,0,6,2
11446,1,0,0,6,1
1184,0,1,0,2,1
13855,1,0,0,1,1
17891,0,1,0,2,1
12368,1,0,0,4,1
8128,1,0,0,2,1
13170,1,0,0,2,2
15562,1,0,0,1,1
6802,1,0,0,2,2
1334,1,0,0,1,1
17486,0,1,0,0,1
2591,1,0,0,1,1
5451,1,0,0,4,1
12386,1,0,0,2,2
15721,1,0,0,2,1
15439,0,1,0,2,1
13071,1,0,0,2,1
15676,1,0,0,6,2
1436,1,0,0,0,1
15704,0,1,0,0,1
8496,1,0,0,2,1
18457,1,0,0,1,1
18584,1,0,0,4,1
1547,1,0,0,0,1
12774,1,0,0,3,1
17198,0,1,0,1,1
1432,1,0,0,4,2
630,1,0,0,1,1
18170,1,0,0,0,1
17039,0,1,0,0,1
9673,1,0,0,4,1
3189,1,0,0,0,1
292,0,1,0,2,1
8011,1,0,0,3,1
17610,1,0,0,0,1
11825,1,0,0,3,1
2152,1,0,0,0,1
8496,1,0,0,2,1
12574,1,0,0,2,1
9483,1,0,0,7,1
15776,1,0,0,0,1
15920,1,0,0,2,2
18551,1,0,0,2,1
771,1,0,0,2,1
9977,1,0,0,4,1
15818,1,0,0,1,1
1915,1,0,0,0,1
7874,1,0,0,4,1
2914,0,1,0,2,1
17863,0,1,0,2,3
14848,0,1,0,7,1
11065,0,1,0,3,1
2393,1,0,0,2,1
15214,1,0,0,0,2
5259,1,0,0,2,1
2965,1,0,0,2,1
13693,1,0,0,7,2
1991,1,0,0,2,1
345,1,0,0,2,1
1269,0,1,0,0,1
1960,1,0,0,0,1
10339,1,0,0,8,1
1076,0,1,0,2,1
17997,1,0,0,0,2
8739,1,0,0,8,1
1203,1,0,0,0,1
3501,1,0,0,7,1
8486,1,0,0,7,1
15458,1,0,0,0,1
16803,1,0,0,0,1
362,0,1,0,4,1
1573,0,1,0,1,2
16064,1,0,0,0,1
349,0,1,0,0,1
2162,1,0,0,0,1
10113,1,0,0,8,2
14927,0,1,0,7,1
2529,1,0,0,0,1
348,1,0,0,4,1
4992,1,0,0,4,1
15825,1,0,0,0,1
14764,0,1,0,2,1
1675,0,1,0,2,1
17948,1,0,0,1,1
14833,0,1,0,2,1
1387,0,1,0,2,2
1428,1,0,0,0,1
16577,1,0,0,3,1
17976,1,0,0,6,1
17759,0,1,0,1,2
2306,0,1,0,0,1
10525,1,0,0,4,1
2612,0,1,0,2,1
2469,1,0,0,0,1
11988,1,0,0,8,1
320,1,0,0,1,2
11772,1,0,0,4,1
15891,1,0,0,1,1
15835,1,0,0,0,1
15627,1,0,0,0,1
16156,0,1,0,2,1
2951,1,0,0,2,3
13747,1,0,0,2,1
18656,1,0,0,1,1
2951,1,0,0,2,3
15786,1,0,0,0,1
664,1,0,0,0,1
1552,1,0,0,2,2
15238,1,0,0,2,1
138,1,0,0,0,1
18065,0,1,0,3,1
18319,1,0,0,0,1
11938,1,0,0,8,1
3351,1,0,0,2,1
881,1,0,0,2,3
16344,0,1,0,2,1
2498,1,0,0,0,1
1201,0,1,0,0,1
17558,0,1,0,4,1
5376,1,0,0,1,1
15013,1,0,0,0,1
13299,1,0,0,9,1
14469,1,0,0,1,4
10400,1,0,0,3,1
7090,1,0,0,2,1
3980,1,0,0,5,1
14456,1,0,0,8,1
3220,1,0,0,4,1
2372,1,0,0,1,1
16064,1,0,0,0,1
2810,0,1,0,2,1
18136,1,0,0,0,1
3349,1,0,0,2,1
166,1,0,0,0,1
14690,1,0,0,0,1
16541,0,1,0,1,4
13784,1,0,0,4,1
17393,1,0,0,0,1
3344,1,0,0,1,2
543,1,0,0,2,2
7478,1,0,0,1,1
16580,0,1,0,2,1
615,1,0,0,4,1
15469,1,0,0,1,4
1139,1,0,0,2,1
15581,0,1,0,0,2
5777,1,0,0,4,1
8588,1,0,0,7,1
1759,0,1,0,0,2
13602,1,0,0,8,1
971,1,0,0,0,1
15616,0,1,0,0,1
319,0,1,0,0,2
3068,0,1,0,2,1
1163,1,0,0,2,1
4992,1,0,0,4,1
16358,1,0,0,1,2
2227,0,1,0,4,1
16288,0,1,0,7,2
3068,0,1,0,2,1
2520,0,1,0,2,1
1915,1,0,0,0,1
16273,0,1,0,3,1
4358,1,0,0,7,1
1025,1,0,0,1,1
15012,1,0,0,2,2
1185,0,1,0,2,2
17186,1,0,0,7,1
14677,1,0,0,1,1
17869,0,1,0,0,1
825,0,1,0,2,1
8868,1,0,0,8,1
16172,1,0,0,0,1
1184,0,1,0,2,1
15924,0,1,0,4,2
6872,1,0,0,6,1
2093,1,0,0,2,1
15222,0,1,0,2,2
18012,1,0,0,1,1
1904,1,0,0,0,1
18069,1,0,0,0,1
1883,1,0,0,0,1
15156,1,0,0,1,1
1871,1,0,0,0,1
15827,1,0,0,0,1
14886,0,1,0,0,1
9793,1,0,0,1,1
36,1,0,0,0,2
1385,0,1,0,2,1
15455,0,1,0,1,1
743,0,1,0,2,1
1871,1,0,0,0,1
1647,0,1,0,0,1
10578,1,0,0,2,1
16273,0,1,0,3,1
16832,1,0,0,0,1
15014,0,1,0,2,1
12395,1,0,0,7,1
4656,1,0,0,2,2
13509,1,0,0,4,1
16438,0,1,0,0,2
1580,1,0,0,1,1
3409,1,0,0,3,1
9886,1,0,0,4,2
2437,1,0,0,0,2
1890,0,1,0,4,1
10160,1,0,0,6,3
1601,1,0,0,7,1
1843,1,0,0,1,1
17886,0,1,0,2,1
10041,1,0,0,3,2
2887,0,1,0,2,2
1043,0,1,0,2,1
13842,1,0,0,1,1
15484,1,0,0,0,1
2753,1,0,0,0,1
18646,1,0,0,0,1
12798,1,0,0,4,1
3197,1,0,0,0,1
847,1,0,0,0,1
4693,1,0,0,4,1
553,1,0,0,0,1
1976,1,0,0,7,1
146,0,1,0,4,1
18199,1,0,0,1,1
8194,1,0,0,8,2
7528,1,0,0,3,1
1711,0,1,0,4,1
14299,1,0,0,3,1
1609,1,0,0,0,2
7476,1,0,0,8,1
2864,1,0,0,2,1
10417,1,0,0,4,1
251,1,0,0,2,1
2201,0,1,0,0,1
18114,0,1,0,2,1
51,1,0,0,0,1
14719,0,1,0,1,1
1577,0,1,0,1,4
414,1,0,0,2,1
534,0,1,0,0,1
6707,1,0,0,7,1
770,1,0,0,0,1
13010,1,0,0,8,3
993,1,0,0,2,2
9977,1,0,0,4,1
1284,0,1,0,2,1
18128,1,0,0,0,1
13437,1,0,0,2,1
8632,1,0,0,8,2
18257,1,0,0,5,1
3637,1,0,0,9,1
685,1,0,0,0,1
770,1,0,0,0,1
958,1,0,0,0,1
408,0,1,0,0,1
311,1,0,0,2,1
445,1,0,0,2,2
16001,0,1,0,2,1
15907,1,0,0,2,1
2040,0,1,0,2,1
18136,1,0,0,0,1
15558,0,1,0,0,2
15073,0,1,0,0,1
2064,0,1,0,1,1
2816,0,1,0,0,1
16443,1,0,0,0,1
14841,1,0,0,2,2
9122,1,0,0,1,1
1184,0,1,0,2,1
6814,1,0,0,8,1
18586,0,1,0,1,2
10,0,1,0,2,1
16726,1,0,0,1,1
15994,1,0,0,0,2
2962,1,0,0,2,1
5941,1,0,0,4,1
13366,1,0,0,4,2
15003,1,0,0,1,1
2761,1,0,0,2,1
16226,1,0,0,0,1
17552,1,0,0,1,1
15021,1,0,0,1,2
15260,0,1,0,2,1
2427,1,0,0,0,1
13138,1,0,0,1,1
15293,1,0,0,0,1
15264,0,1,0,2,1
15672,0,1,0,2,1
574,1,0,0,0,1
742,0,1,0,0,1
12666,1,0,0,6,1
14689,1,0,0,0,1
15333,1,0,0,0,2
3085,1,0,0,2,1
16512,1,0,0,0,1
14871,0,1,0,0,1
1408,0,1,0,0,1
1615,1,0,0,0,1
5779,1,0,0,3,2
15114,1,0,0,1,1
16577,1,0,0,3,1
576,1,0,0,2,1
18042,1,0,0,2,1
6383,1,0,0,7,1
14084,1,0,0,1,2
13017,1,0,0,3,1
18524,1,0,0,2,1
15219,0,1,0,0,1
17891,0,1,0,2,1
2688,1,0,0,2,2
2181,0,1,0,4,1
3278,1,0,0,0,1
7090,1,0,0,2,1
11980,1,0,0,3,1
13507,1,0,0,4,1
2144,1,0,0,0,1
576,1,0,0,2,1
18610,1,0,0,2,1
577,0,1,0,2,1
2180,1,0,0,1,2
5415,1,0,0,2,2
12467,1,0,0,4,4
18179,0,1,0,4,1
15194,1,0,0,0,1
14529,1,0,0,7,1
17944,1,0,0,1,1
16454,1,0,0,2,1
221,1,0,0,2,2
451,0,1,0,2,1
12139,1,0,0,1,1
1897,1,0,0,2,1
6314,1,0,0,6,1
13398,1,0,0,3,1
3021,0,1,0,0,1
11065,0,1,0,3,1
1229,1,0,0,0,1
13146,1,0,0,4,4
2297,1,0,0,0,1
933,1,0,0,0,1
14848,0,1,0,7,1
2594,0,1,0,2,1
1182,0,1,0,1,1
18615,1,0,0,1,1
17457,0,1,0,2,1
2647,1,0,0,0,1
15718,0,1,0,0,1
1633,0,1,0,0,1
17544,1,0,0,1,2
1408,0,1,0,0,1
11321,1,0,0,8,2
506,0,1,0,0,1
17579,1,0,0,1,1
12403,1,0,0,4,2
2188,1,0,0,2,1
7922,1,0,0,8,1
18305,1,0,0,0,1
15264,0,1,0,2,1
17664,0,1,0,0,1
3133,1,0,0,2,1
15238,1,0,0,2,1
1238,1,0,0,1,1
2893,0,1,0,2,1
18332,1,0,0,1,1
15605,0,1,0,1,1
18470,1,0,0,2,1
517,1,0,0,4,1
7484,1,0,0,2,1
1641,1,0,0,1,1
954,0,1,0,4,1
15504,1,0,0,2,1
13858,1,0,0,4,1
16536,0,1,0,0,1
15616,0,1,0,0,1
1871,1,0,0,0,1
14456,1,0,0,8,1
14942,0,1,0,6,1
11065,0,1,0,3,1
568,0,1,0,2,1
17930,1,0,0,0,1
1975,0,1,0,0,1
2522,1,0,0,0,1
15827,1,0,0,0,1
953,0,1,0,0,1
1806,1,0,0,0,1
9802,1,0,0,2,1
9902,1,0,0,3,1
1936,0,1,0,0,1
17420,0,1,0,1,1
18033,1,0,0,0,1
563,1,0,0,2,1
11163,1,0,0,4,1
2147,0,1,0,4,2
16183,0,1,0,0,2
1994,0,1,0,4,1
16610,1,0,0,2,1
12824,1,0,0,9,1
2315,0,1,0,0,1
18363,1,0,0,1,1
18004,0,1,0,1,1
15648,1,0,0,0,2
16610,1,0,0,2,1
16764,1,0,0,5,1
1524,1,0,0,1,2
15391,1,0,0,0,1
1604,1,0,0,4,1
1273,1,0,0,2,1
2900,1,0,0,0,2
7227,0,1,2,2,1
9394,1,0,2,3,1
8624,1,0,2,6,1
8442,1,0,2,2,1
18385,1,0,2,1,1
11235,1,0,2,8,1
13940,1,0,2,7,1
5168,1,0,2,6,1
9121,1,0,2,7,1
4530,1,0,2,8,1
10297,1,0,2,6,2
13785,1,0,2,4,1
17501,0,1,2,0,1
3497,1,0,2,7,1
11454,1,0,2,6,1
6757,1,0,2,4,2
15030,1,0,2,7,1
10545,0,1,2,5,3
17217,0,1,2,0,1
15223,1,0,2,0,1
9002,1,0,2,4,1
7735,0,1,2,3,1
14680,0,1,2,1,1
8858,1,0,2,7,2
5142,1,0,2,7,1
606,1,0,2,0,2
14574,1,0,2,2,1
6650,1,0,2,2,1
17433,0,1,2,4,1
5218,0,1,2,4,2
8372,0,1,2,1,1
15812,0,1,2,2,1
13304,1,0,2,4,2
16671,1,0,2,0,1
7806,0,1,2,8,1
12052,0,1,2,7,1
3800,0,1,2,3,1
17957,1,0,2,1,1
16613,1,0,2,6,1
17957,1,0,2,1,1
5657,1,0,2,1,1
12525,1,0,2,7,1
9275,1,0,2,2,1
17311,0,1,2,1,1
10611,0,1,2,2,1
6104,1,0,2,3,1
13425,1,0,2,1,2
17359,0,1,2,2,2
14160,0,1,2,3,1
9410,1,0,2,6,1
15226,0,1,2,1,1
5877,1,0,2,4,1
14882,0,1,2,0,1
13383,0,1,2,4,1
4097,1,0,2,3,1
13289,1,0,2,3,3
17091,0,1,2,2,1
16045,0,1,2,1,1
17638,0,1,2,6,4
9733,1,0,2,1,4
13799,0,1,2,4,2
9837,0,1,2,4,2
17942,1,0,2,0,1
10281,1,0,2,4,1
15806,0,1,2,2,2
6774,1,0,2,3,1
848,1,0,2,2,1
14359,1,0,2,4,3
12786,1,0,2,3,1
10884,1,0,2,6,1
18301,1,0,2,0,1
8060,1,0,2,4,1
16047,0,1,2,1,1
8611,1,0,2,6,4
10447,1,0,2,3,1
6343,1,0,2,2,4
15289,0,1,2,1,1
16836,1,0,2,5,1
10847,1,0,2,2,1
3649,1,0,2,3,1
3846,1,0,2,6,1
12925,1,0,2,3,1
7948,1,0,2,3,4
14646,1,0,2,6,1
6980,1,0,2,4,1
5127,1,0,2,7,1
9309,1,0,2,3,2
8035,1,0,2,2,1
14814,1,0,2,0,2
16766,0,1,2,0,1
4561,1,0,2,6,3
7350,1,0,2,4,1
8337,1,0,2,3,1
6863,1,0,2,1,1
14403,1,0,2,4,1
6728,1,0,2,6,1
14249,1,0,2,2,1
4781,1,0,2,1,1
5349,1,0,2,6,1
18509,1,0,2,0,1
8848,1,0,2,7,1
13402,1,0,2,6,1
1820,1,0,2,2,1
15854,0,1,2,7,1
9760,1,0,2,4,1
8705,1,0,2,4,1
13222,0,1,2,4,1
16428,0,1,2,1,1
10411,1,0,2,4,1
18624,0,1,2,0,1
8751,1,0,2,3,1
10595,0,1,2,7,1
16176,0,1,2,2,1
4825,1,0,2,3,2
11500,1,0,2,4,1
4947,0,1,2,6,1
14756,1,0,2,5,1
4774,1,0,2,4,1
12013,1,0,2,8,2
14458,0,1,2,8,2
18272,0,1,2,4,1
13515,1,0,2,4,3
18427,0,1,2,6,1
14011,0,1,2,4,3
3837,1,0,2,9,1
12369,0,1,2,4,1
6794,1,0,2,3,1
17789,1,0,2,4,2
18475,0,1,2,2,2
18559,1,0,2,2,1
5380,1,0,2,9,4
15308,1,0,2,2,1
11761,1,0,2,1,1
6919,1,0,2,7,2
13814,1,0,2,3,1
16605,1,0,2,0,1
12512,1,0,2,4,2
16813,0,1,2,3,1
10812,0,1,2,4,1
7747,1,0,2,4,3
16248,0,1,2,1,1
10320,1,0,2,7,1
16401,0,1,2,2,1
8103,1,0,2,2,1
5380,1,0,2,9,4
17048,1,0,2,0,1
4849,1,0,2,1,1
7296,1,0,2,8,1
17172,1,0,2,1,1
4827,1,0,2,3,1
3901,1,0,2,3,1
8154,1,0,2,3,1
12456,0,1,2,4,1
17604,0,1,2,5,2
10319,1,0,2,2,1
7248,1,0,2,7,1
16937,0,1,2,1,3
5662,0,1,2,7,1
8058,1,0,2,5,1
2849,1,0,2,7,1
12626,0,1,2,2,2
11808,1,0,2,8,1
15692,0,1,2,2,1
14458,0,1,2,8,2
16972,0,1,2,1,1
11420,1,0,2,3,1
5550,1,0,2,3,1
8269,1,0,2,3,1
15876,0,1,2,2,1
8857,1,0,2,3,1
11660,1,0,2,3,1
12129,0,1,2,2,1
16092,0,1,2,2,2
16602,0,1,2,2,2
16017,0,1,2,4,1
10957,1,0,2,1,1
18265,0,1,2,2,1
16419,1,0,2,2,1
6879,0,1,2,8,1
8218,0,1,2,9,1
11256,1,0,2,2,4
9733,1,0,2,1,4
12925,1,0,2,3,1
9675,1,0,2,4,1
11366,1,0,2,3,1
10613,1,0,2,2,1
13279,1,0,2,4,1
10412,1,0,2,4,2
14258,1,0,2,6,1
9932,0,1,2,1,1
9893,1,0,2,2,1
9453,1,0,2,4,1
16357,1,0,2,0,1
16331,0,1,2,2,1
7788,1,0,2,9,1
11852,0,1,2,3,1
9345,0,1,2,4,1
6406,1,0,2,6,1
10284,1,0,2,1,1
10054,1,0,2,1,1
6123,1,0,2,2,1
4460,1,0,2,3,1
9206,0,1,2,4,2
6273,1,0,2,6,1
6194,1,0,2,4,1
13049,1,0,2,1,1
11170,1,0,2,8,1
10411,1,0,2,4,1
8650,1,0,2,7,1
12271,1,0,2,7,1
10574,1,0,2,2,1
15450,0,1,2,2,1
5662,0,1,2,7,1
9388,1,0,2,1,3
11220,1,0,2,3,2
17914,1,0,2,2,1
6330,0,1,2,3,2
13892,1,0,2,2,1
38,1,0,2,0,1
6074,1,0,2,2,1
14413,1,0,2,6,2
10922,1,0,2,4,1
7178,1,0,2,7,1
11811,1,0,2,8,3
15220,0,1,2,0,1
11361,1,0,2,1,1
8706,1,0,2,4,1
8337,1,0,2,3,1
11559,0,1,2,2,1
16836,1,0,2,5,1
11490,1,0,2,7,1
11707,1,0,2,1,3
10078,1,0,2,4,1
14523,1,0,2,3,1
7038,0,1,2,6,2
3857,1,0,2,4,1
3422,1,0,2,8,1
4868,1,0,2,8,4
6739,1,0,2,3,1
4340,1,0,2,6,1
14698,0,1,2,2,1
17570,0,1,2,1,1
3826,0,1,2,4,1
18076,1,0,2,2,1
12646,0,1,2,4,1
16984,0,1,2,0,1
14049,0,1,2,4,1
5909,0,1,2,6,2
8685,1,0,2,7,1
3787,1,0,2,4,1
15570,0,1,2,1,1
12006,0,1,2,7,1
6170,1,0,2,3,1
17032,0,1,2,1,1
17940,0,1,2,2,1
12786,1,0,2,3,1
15290,1,0,2,0,1
9762,0,1,2,6,2
12963,1,0,2,5,1
10635,1,0,2,8,1
3566,1,0,2,7,1
17471,0,1,2,1,1
11708,1,0,2,1,4
12223,0,1,2,4,1
5303,1,0,2,7,1
17788,0,1,2,2,1
12825,1,0,2,9,3
11366,1,0,2,3,1
15989,0,1,2,1,2
15004,0,1,2,0,2
17501,0,1,2,0,1
6073,1,0,2,3,1
12029,1,0,2,3,2
15617,0,1,2,2,1
12865,1,0,2,4,1
14091,1,0,2,3,1
10073,1,0,2,1,1
11208,1,0,2,7,4
4178,1,0,2,6,2
11986,0,1,2,4,1
14049,0,1,2,4,1
15044,1,0,2,2,1
5979,1,0,2,3,1
8035,1,0,2,2,1
7358,1,0,2,3,1
13314,1,0,2,3,1
17635,0,1,2,0,1
9556,1,0,2,2,1
14575,1,0,2,3,1
5115,1,0,2,2,3
18497,0,1,2,0,1
8857,1,0,2,3,1
18267,1,0,2,2,1
13345,0,1,2,3,1
11443,1,0,2,3,1
17252,0,1,2,0,1
14366,1,0,2,1,4
8708,1,0,2,4,2
4889,1,0,2,3,1
14095,1,0,2,2,1
13600,1,0,2,8,1
11497,1,0,2,7,3
6003,1,0,2,4,1
5786,1,0,2,9,3
11270,0,1,2,3,2
10101,1,0,2,2,1
10103,1,0,2,6,1
3078,1,0,2,2,1
4145,1,0,2,2,1
15811,0,1,2,0,1
10412,1,0,2,4,2
2966,1,0,2,0,1
14096,1,0,2,2,1
12462,1,0,2,4,1
17709,0,1,2,1,1
12619,1,0,2,4,1
7335,0,1,2,7,1
4561,1,0,2,6,3
17279,0,1,2,6,1
7738,1,0,2,4,1
11538,1,0,2,6,1
3647,1,0,2,3,1
10997,1,0,2,6,1
17194,0,1,2,0,1
4849,1,0,2,1,1
9430,1,0,2,4,1
6980,1,0,2,4,1
10609,1,0,2,2,1
12619,1,0,2,4,1
9971,1,0,2,7,3
8728,1,0,2,2,3
9012,1,0,2,6,4
4868,1,0,2,8,4
6069,1,0,2,3,1
18475,0,1,2,2,2
16619,1,0,2,7,3
5142,1,0,2,7,1
7731,0,1,2,3,1
5195,1,0,2,6,2
8182,1,0,2,1,2
16978,0,1,2,1,1
11485,1,0,2,4,1
13504,1,0,2,3,1
14453,1,0,2,7,1
5657,1,0,2,1,1
15444,0,1,2,1,1
12020,1,0,2,7,2
13458,1,0,2,3,1
4003,1,0,2,6,1
6888,0,1,2,4,1
14727,1,0,2,0,1
17547,0,1,2,2,1
7746,1,0,2,4,1
10465,0,1,2,6,1
5115,1,0,2,2,3
18280,1,0,2,2,1
6980,1,0,2,4,1
6164,1,0,2,9,1
5582,0,1,2,2,1
9002,1,0,2,4,1
18566,1,0,2,0,1
498,1,0,2,1,1
9148,1,0,2,2,1
14114,1,0,2,7,1
15645,0,1,2,0,1
8308,1,0,2,3,1
15838,1,0,2,0,1
13814,1,0,2,3,1
11852,0,1,2,3,1
8274,1,0,2,3,1
14698,0,1,2,2,1
15767,0,1,2,6,1
4385,1,0,2,1,1
3747,1,0,2,1,1
5898,1,0,2,2,1
6332,1,0,2,2,1
7920,1,0,2,4,1
8663,1,0,2,1,1
3804,0,1,2,4,4
14574,1,0,2,2,1
7833,1,0,2,3,2
17783,0,1,2,2,1
13108,1,0,2,7,1
8858,1,0,2,7,2
3462,0,1,2,2,1
13419,1,0,2,2,2
12103,1,0,2,3,2
11809,1,0,2,8,1
16047,0,1,2,1,1
5701,1,0,2,3,3
9638,1,0,2,7,2
12512,1,0,2,4,2
16607,0,1,2,4,1
5995,1,0,2,2,1
17419,0,1,2,0,1
11458,1,0,2,7,1
17971,1,0,2,2,2
3615,1,0,2,3,1
15733,0,1,2,7,1
9933,1,0,2,2,1
6818,1,0,2,3,1
4116,0,1,2,7,2
18502,1,0,2,0,1
10447,1,0,2,3,1
11541,1,0,2,6,1
17002,0,1,2,0,1
5544,0,1,2,3,1
12479,1,0,2,8,1
12220,1,0,2,3,1
7576,1,0,2,6,1
15314,1,0,2,5,1
5472,1,0,2,2,1
17289,0,1,2,1,1
10613,1,0,2,2,1
17657,0,1,2,5,1
890,1,0,2,0,1
6278,1,0,2,6,2
549,1,0,2,4,1
14923,0,1,2,6,1
15820,1,0,2,3,2
4863,1,0,2,8,3
16452,1,0,2,2,2
7781,0,1,2,3,1
12555,1,0,2,3,2
15603,1,0,2,1,1
8770,0,1,2,4,1
8551,1,0,2,4,2
7035,1,0,2,4,1
12144,0,1,2,6,1
16821,0,1,2,1,1
12926,1,0,2,7,1
7176,1,0,2,6,2
1414,1,0,2,2,1
5717,1,0,2,9,1
8686,0,1,2,7,2
14090,1,0,2,3,1
14878,0,1,2,0,1
16059,0,1,2,1,1
14850,1,0,2,1,1
11608,1,0,2,4,1
6266,1,0,2,4,2
7042,1,0,2,6,1
8338,1,0,2,3,1
18210,1,0,2,1,1
15463,1,0,2,0,1
16248,0,1,2,1,1
18135,1,0,2,1,1
14617,1,0,2,1,1
18579,1,0,2,1,1
10946,0,1,2,6,1
18212,0,1,2,1,1
99,0,1,2,4,1
8603,1,0,2,3,1
9017,1,0,2,3,1
6763,1,0,2,4,1
7334,1,0,2,3,1
7896,1,0,2,7,1
17570,0,1,2,1,1
1276,0,1,2,4,1
17475,0,1,2,2,1
17281,0,1,2,1,1
17814,0,1,2,2,1
16473,0,1,2,1,1
4205,0,1,2,7,1
4739,1,0,2,4,1
6048,1,0,2,3,1
8611,1,0,2,6,4
11485,1,0,2,4,1
11443,1,0,2,3,1
6155,1,0,2,4,1
3401,1,0,2,6,4
7030,1,0,2,3,1
12064,1,0,2,4,1
8364,1,0,2,2,1
12889,1,0,2,3,1
9762,0,1,2,6,2
6620,1,0,2,3,1
3384,1,0,2,1,1
12271,1,0,2,7,1
17158,0,1,2,1,1
8697,0,1,2,7,1
12652,1,0,2,3,1
8022,1,0,2,2,1
11370,1,0,2,2,1
8364,1,0,2,2,1
6029,1,0,2,6,1
5420,0,1,2,4,3
17195,0,1,2,6,1
8575,0,1,2,4,1
8665,1,0,2,3,2
5648,1,0,2,4,1
5291,1,0,2,4,1
7433,1,0,2,6,1
8985,1,0,2,3,1
6353,1,0,2,6,3
10257,1,0,2,3,2
5735,1,0,2,3,1
17157,0,1,2,0,1
17453,1,0,2,2,1
14523,1,0,2,3,1
3611,1,0,2,6,1
11423,1,0,2,8,1
7952,1,0,2,7,1
16661,1,0,2,0,1
9148,1,0,2,2,1
8425,1,0,2,9,1
18555,1,0,2,0,1
7998,1,0,2,8,1
13804,1,0,2,7,2
11876,1,0,2,2,1
7743,1,0,2,4,3
18258,1,0,2,4,2
5115,1,0,2,2,3
9071,0,1,2,8,2
17685,1,0,2,7,1
14405,1,0,2,4,1
15621,0,1,2,4,1
15416,0,1,2,2,3
15010,0,1,2,5,2
5616,0,1,2,4,1
11216,1,0,2,4,1
9486,1,0,2,3,1
11808,1,0,2,8,1
4675,1,0,2,6,2
13428,1,0,2,2,1
11983,0,1,2,3,1
15855,0,1,2,2,1
11943,1,0,2,3,1
17195,0,1,2,6,1
17014,0,1,2,1,1
15450,0,1,2,2,1
11170,1,0,2,8,1
17052,0,1,2,2,1
8031,0,1,2,3,1
9648,1,0,2,3,1
5432,1,0,2,7,2
18362,1,0,2,3,3
17160,0,1,2,1,1
4554,1,0,2,2,2
11953,1,0,2,5,1
14603,1,0,2,4,2
5364,0,1,2,4,1
7431,1,0,2,2,1
14123,1,0,2,2,3
7165,0,1,2,1,2
11461,1,0,2,7,2
12652,1,0,2,3,1
16637,1,0,2,2,2
15191,0,1,2,1,1
10809,1,0,2,7,1
7738,1,0,2,4,1
16639,0,1,2,1,3
11220,1,0,2,3,2
9388,1,0,2,1,3
10084,1,0,2,4,2
8907,1,0,2,3,1
8302,1,0,2,6,2
4302,1,0,2,1,1
15268,0,1,2,1,2
391,0,1,2,1,1
11162,0,1,2,4,1
15780,1,0,2,0,1
6675,1,0,2,4,1
13498,1,0,2,1,1
16821,0,1,2,1,1
17392,0,1,2,2,1
2613,1,0,2,0,1
6774,1,0,2,3,1
16219,1,0,2,2,1
18020,1,0,2,2,2
11130,1,0,2,3,1
18287,0,1,2,2,2
4943,1,0,2,3,1
3365,1,0,2,4,1
5944,1,0,2,2,2
7021,1,0,2,4,1
11286,1,0,2,8,1
10550,1,0,2,4,2
4910,1,0,2,1,1
6559,1,0,2,7,4
18286,1,0,2,4,1
17010,0,1,2,2,1
6246,1,0,2,3,1
12488,1,0,2,3,1
15535,0,1,2,6,1
17755,0,1,2,1,1
14273,0,1,2,4,1
16912,0,1,2,2,1
8592,1,0,2,4,1
10813,1,0,2,4,1
7816,1,0,2,7,2
7998,1,0,2,8,1
13808,1,0,2,3,1
11461,1,0,2,7,2
16492,0,1,2,3,1
944,1,0,2,1,1
10723,1,0,2,7,1
14697,0,1,2,0,1
14403,1,0,2,4,1
17475,0,1,2,2,1
7307,1,0,2,4,1
12136,1,0,2,1,1
9405,1,0,2,3,2
13644,1,0,2,1,4
5827,0,1,2,4,1
12540,1,0,2,7,1
6559,1,0,2,7,4
9754,1,0,2,4,1
4847,1,0,2,1,1
6330,0,1,2,3,2
18381,1,0,2,1,3
14198,1,0,2,3,1
11216,1,0,2,4,1
4846,1,0,2,1,1
15472,0,1,2,1,1
2193,1,0,2,0,1
4182,1,0,2,8,2
15519,1,0,2,1,1
12129,0,1,2,2,1
6470,1,0,2,2,1
16890,0,1,2,7,1
7160,1,0,2,6,1
9837,0,1,2,4,2
3554,1,0,2,4,2
7381,1,0,2,8,1
18643,0,1,2,0,1
4846,1,0,2,1,1
18413,1,0,2,2,1
17901,1,0,2,1,1
17592,0,1,2,1,1
10399,0,1,2,3,2
8772,1,0,2,4,4
16057,1,0,2,1,2
8286,1,0,2,7,1
13876,0,1,2,9,1
8299,1,0,2,6,1
8973,1,0,2,4,1
17811,0,1,2,1,1
15274,1,0,2,0,1
6029,1,0,2,6,1
8719,1,0,2,8,2
9121,1,0,2,7,1
6573,1,0,2,8,1
4047,1,0,2,4,1
16483,1,0,2,3,1
6671,1,0,2,4,1
16157,0,1,2,3,1
18342,1,0,2,1,1
7725,1,0,2,1,3
15738,0,1,2,1,1
17708,0,1,2,2,1
10675,1,0,2,7,1
8925,1,0,2,2,1
11414,1,0,2,3,1
8907,1,0,2,3,1
14164,0,1,2,2,1
9974,1,0,2,4,1
17878,0,1,2,2,1
17172,1,0,2,1,1
16367,0,1,2,2,1
9011,1,0,2,3,4
10660,1,0,2,6,3
13481,0,1,2,4,1
10103,1,0,2,6,1
15005,0,1,2,7,1
10567,0,1,2,2,1
9832,1,0,2,2,1
12301,1,0,2,7,1
9754,1,0,2,4,1
5372,1,0,2,9,1
11429,1,0,2,3,1
5411,1,0,2,6,1
3957,1,0,2,6,1
9532,0,1,2,6,1
8711,1,0,2,7,1
12155,1,0,2,7,1
18644,0,1,2,2,1
12064,1,0,2,4,1
15472,0,1,2,1,1
17526,0,1,2,2,1
8960,1,0,2,2,1
14160,0,1,2,3,1
2619,1,0,2,0,1
6455,1,0,2,1,1
12456,0,1,2,4,1
1052,0,1,2,1,1
3710,1,0,2,7,1
6138,1,0,2,3,3
6675,1,0,2,4,1
9148,1,0,2,2,1
8364,1,0,2,2,1
11444,1,0,2,3,2
15635,1,0,2,4,2
5127,1,0,2,7,1
7027,1,0,2,4,4
7425,1,0,2,4,3
9820,1,0,2,3,1
12820,1,0,2,8,1
18300,1,0,2,0,1
15225,0,1,2,3,1
13035,1,0,2,4,1
15053,0,1,2,2,4
3800,0,1,2,3,1
5396,1,0,2,3,1
8999,1,0,2,6,1
10619,1,0,2,7,1
7014,1,0,2,7,3
7593,1,0,2,3,2
7623,1,0,2,6,2
8664,1,0,2,4,1
3511,0,1,2,3,2
13624,1,0,2,2,1
6278,1,0,2,6,2
16549,0,1,2,1,1
14189,1,0,2,7,1
12268,1,0,2,1,2
6972,0,1,2,4,3
8799,0,1,2,3,1
2309,1,0,2,1,1
17573,0,1,2,1,1
3857,1,0,2,4,1
17032,0,1,2,1,1
9192,1,0,2,4,1
11504,1,0,2,7,1
9185,1,0,2,2,2
11443,1,0,2,3,1
10768,1,0,2,4,1
13543,1,0,2,8,1
9201,1,0,2,3,1
10738,1,0,2,9,2
8770,0,1,2,4,1
9881,1,0,2,4,1
16473,0,1,2,1,1
5204,1,0,2,6,1
18022,1,0,2,5,2
8127,1,0,2,3,1
9669,0,1,2,4,1
16891,0,1,2,0,1
17121,0,1,2,3,1
7763,1,0,2,2,4
4677,1,0,2,1,4
18027,0,1,2,7,2
6203,1,0,2,3,2
4751,0,1,2,4,1
8112,1,0,2,2,1
8683,1,0,2,7,1
9768,1,0,2,8,1
16569,0,1,2,1,1
2613,1,0,2,0,1
16666,0,1,2,2,1
5549,1,0,2,2,1
16868,0,1,2,5,2
7288,1,0,2,4,2
1132,0,1,2,0,1
6615,1,0,2,3,1
12732,1,0,2,2,1
15788,0,1,2,2,1
17958,1,0,2,2,2
9061,1,0,2,6,1
7593,1,0,2,3,2
13269,1,0,2,7,1
15548,1,0,2,5,1
16868,0,1,2,5,2
16984,0,1,2,0,1
7584,1,0,2,2,1
17669,0,1,2,1,1
10863,0,1,2,7,1
4814,1,0,2,3,1
11060,1,0,2,7,1
17568,0,1,2,2,1
4153,1,0,2,2,1
6396,1,0,2,3,2
12205,1,0,2,1,1
12706,1,0,2,7,2
15495,0,1,2,2,1
193,0,1,2,4,1
17284,0,1,2,8,1
6888,0,1,2,4,1
7334,1,0,2,3,1
8103,1,0,2,2,1
8031,0,1,2,3,1
12145,0,1,2,6,2
4754,1,0,2,4,1
18627,1,0,2,5,1
14070,1,0,2,7,1
3999,1,0,2,1,1
9251,0,1,2,3,2
14198,1,0,2,3,1
12029,1,0,2,3,2
7170,1,0,2,6,2
1757,1,0,2,0,2
9129,1,0,2,7,1
17288,1,0,2,3,1
17172,1,0,2,1,1
6294,1,0,2,4,1
10319,1,0,2,2,1
11198,1,0,2,3,1
13856,0,1,2,4,1
5411,1,0,2,6,1
4799,1,0,2,3,1
4894,1,0,2,7,1
17281,0,1,2,1,1
5438,1,0,2,6,1
5234,0,1,2,4,1
13069,1,0,2,2,1
16716,0,1,2,2,1
11380,1,0,2,4,3
12490,1,0,2,7,1
17066,0,1,2,2,1
10196,1,0,2,3,1
18408,0,1,2,0,1
18156,0,1,2,0,1
16570,0,1,2,2,2
6455,1,0,2,1,1
2419,1,0,2,1,1
8776,0,1,2,7,1
15535,0,1,2,6,1
12535,1,0,2,3,1
13305,1,0,2,1,1
1414,1,0,2,2,1
6278,1,0,2,6,2
6469,1,0,2,2,1
10250,1,0,2,7,1
5081,0,1,2,7,1
7358,1,0,2,3,1
5291,1,0,2,4,1
12144,0,1,2,6,1
13495,1,0,2,6,1
13806,1,0,2,2,1
18654,0,1,2,0,1
10830,1,0,2,7,1
14102,1,0,2,7,1
4134,1,0,2,6,4
6237,0,1,2,8,1
5028,0,1,2,2,1
13916,1,0,2,3,1
6758,1,0,2,2,1
4204,1,0,2,2,1
12950,1,0,2,7,2
8338,1,0,2,3,1
4048,1,0,2,8,1
4813,1,0,2,3,1
18124,1,0,2,0,1
6721,1,0,2,4,1
12240,1,0,2,3,4
15288,0,1,2,2,2
5979,1,0,2,3,1
17048,1,0,2,0,1
17735,0,1,2,1,1
9192,1,0,2,4,1
17413,0,1,2,7,1
5725,1,0,2,2,3
13713,1,0,2,6,2
5012,1,0,2,2,1
13845,1,0,2,2,1
6728,1,0,2,6,1
16905,0,1,2,2,1
17217,0,1,2,0,1
9578,0,1,2,4,1
13812,1,0,2,3,1
17176,0,1,2,1,1
9691,0,1,2,1,1
17446,0,1,2,0,1
15434,0,1,2,0,1
5065,1,0,2,7,1
13158,1,0,2,4,1
9582,1,0,2,8,1
4132,1,0,2,4,2
3668,0,1,2,8,1
18086,0,1,2,2,1
9691,0,1,2,1,1
8056,1,0,2,4,1
5555,1,0,2,3,1
6699,1,0,2,7,1
13743,1,0,2,2,1
13985,1,0,2,8,2
6885,1,0,2,1,3
17650,0,1,2,2,2
3524,1,0,2,3,1
14240,1,0,2,2,1
9669,0,1,2,4,1
17123,0,1,2,1,1
12418,1,0,2,4,1
18086,0,1,2,2,1
1970,0,1,2,2,1
15970,0,1,2,3,1
13593,1,0,2,8,1
10266,1,0,2,3,1
3891,1,0,2,4,1
13953,1,0,2,3,1
1187,0,1,2,0,1
12555,1,0,2,3,2
13887,0,1,2,3,1
6710,1,0,2,6,1
17391,1,0,2,2,1
13806,1,0,2,2,1
13021,1,0,2,1,1
12660,1,0,2,3,1
7449,1,0,2,7,1
4682,1,0,2,4,1
17650,0,1,2,2,2
11640,1,0,2,4,2
4273,0,1,2,2,1
12472,0,1,2,4,3
6201,1,0,2,2,1
2708,0,1,2,1,1
6235,1,0,2,8,2
12865,1,0,2,4,1
1733,1,0,2,2,1
16367,0,1,2,2,1
18573,0,1,2,2,2
8103,1,0,2,2,1
10346,1,0,2,4,1
5888,0,1,2,3,4
6266,1,0,2,4,2
15915,1,0,2,2,1
10028,1,0,2,4,1
17342,0,1,2,6,1
16418,1,0,2,0,1
14465,1,0,2,4,1
5466,1,0,2,2,2
15044,1,0,2,2,1
18539,1,0,2,8,1
15970,0,1,2,3,1
12862,1,0,2,3,1
8471,1,0,2,8,2
11793,1,0,2,3,3
12195,0,1,2,4,1
18657,0,1,2,0,2
17171,1,0,2,0,1
14540,1,0,2,7,1
13543,1,0,2,8,1
8676,1,0,2,7,1
14390,0,1,2,7,1
14482,1,0,2,7,2
8345,1,0,2,3,1
15069,1,0,2,2,1
3252,0,1,2,4,2
17310,1,0,2,1,1
1293,1,0,2,2,1
4557,1,0,2,6,1
8206,1,0,2,1,1
17197,0,1,2,6,1
9330,1,0,2,7,2
13343,1,0,2,2,1
5989,1,0,2,2,1
12479,1,0,2,8,1
9310,1,0,2,3,1
11608,1,0,2,4,1
16763,0,1,2,2,1
4394,1,0,2,3,1
6066,1,0,2,4,1
1523,0,1,2,5,2
6540,1,0,2,4,1
5475,0,1,2,4,1
5216,1,0,2,3,1
744,1,0,2,0,1
13725,0,1,2,4,1
4704,1,0,2,8,1
16506,0,1,2,1,1
5475,0,1,2,4,1
16670,1,0,2,2,2
9594,1,0,2,3,4
7368,1,0,2,7,4
8108,0,1,2,4,3
8093,1,0,2,3,1
11262,1,0,2,2,1
7560,1,0,2,3,1
16978,0,1,2,1,1
15117,0,1,2,8,1
11879,0,1,2,4,1
10619,1,0,2,7,1
17217,0,1,2,0,1
16912,0,1,2,2,1
12555,1,0,2,3,2
18361,1,0,2,0,1
9002,1,0,2,4,1
11325,1,0,2,8,1
5278,1,0,2,2,1
13476,1,0,2,3,1
6455,1,0,2,1,1
8286,1,0,2,7,1
12902,1,0,2,3,1
9405,1,0,2,3,2
9194,1,0,2,4,1
13780,1,0,2,4,1
3441,1,0,2,1,1
17239,0,1,2,1,1
5537,1,0,2,3,1
14067,1,0,2,1,1
13447,1,0,2,6,1
10997,1,0,2,6,1
1862,1,0,2,0,2
4040,1,0,2,8,1
13876,0,1,2,9,1
8786,1,0,2,2,4
13887,0,1,2,3,1
14444,1,0,2,3,1
3343,1,0,2,2,1
10407,1,0,2,7,1
13495,1,0,2,6,1
5977,1,0,2,3,1
16966,0,1,2,1,1
16180,0,1,2,1,1
15395,0,1,2,1,1
16248,0,1,2,1,1
10671,1,0,2,2,1
16648,0,1,2,2,1
9452,1,0,2,1,1
11829,1,0,2,8,1
12897,1,0,2,6,2
14879,0,1,2,1,1
7334,1,0,2,3,1
12991,1,0,2,2,1
9486,1,0,2,3,1
10196,1,0,2,3,1
16490,0,1,2,2,1
14680,0,1,2,1,1
11707,1,0,2,1,3
11018,0,1,2,3,1
10605,1,0,2,6,1
16318,0,1,2,0,1
15830,0,1,2,0,2
17365,0,1,2,2,1
15069,1,0,2,2,1
11162,0,1,2,4,1
17281,0,1,2,1,1
8732,1,0,2,2,3
6699,1,0,2,7,1
17641,0,1,2,4,2
4102,1,0,2,7,1
15955,0,1,2,0,2
8289,1,0,2,4,1
4018,1,0,2,7,1
15980,1,0,2,2,1
7567,1,0,2,6,1
9164,1,0,2,6,1
157,0,1,2,0,1
5178,0,1,2,6,1
11797,1,0,2,4,1
2189,1,0,2,2,2
98,0,1,2,0,1
12410,1,0,2,4,4
6102,1,0,2,8,2
3385,1,0,2,3,1
17563,0,1,2,2,1
11157,1,0,2,2,1
15794,0,1,2,6,1
13199,1,0,2,4,1
7684,1,0,2,4,1
16081,0,1,2,2,3
10220,0,1,2,2,1
3810,1,0,2,9,1
7127,1,0,2,9,1
16757,1,0,2,2,1
9971,1,0,2,7,3
18420,1,0,2,2,1
10180,1,0,2,4,2
14189,1,0,2,7,1
11380,1,0,2,4,3
14946,0,1,2,1,1
10046,1,0,2,1,1
8665,1,0,2,3,2
17326,0,1,2,2,1
12064,1,0,2,4,1
6519,1,0,2,8,1
4001,1,0,2,4,1
5510,1,0,2,1,1
3353,1,0,2,3,1
14030,1,0,2,6,1
5643,1,0,2,4,1
13305,1,0,2,1,1
13793,1,0,2,6,1
6139,1,0,2,1,2
4469,0,1,2,3,1
10823,1,0,2,6,3
12157,1,0,2,7,2
12606,1,0,2,7,1
3535,1,0,2,3,1
17374,1,0,2,0,1
13216,1,0,2,1,1
14604,1,0,2,4,1
7458,0,1,2,2,1
6304,1,0,2,2,2
13283,1,0,2,3,1
193,0,1,2,4,1
4167,0,1,2,4,2
12689,1,0,2,3,1
11408,1,0,2,2,1
14187,1,0,2,7,1
17638,0,1,2,6,4
13370,1,0,2,3,2
8907,1,0,2,3,1
11068,1,0,2,3,3
4470,1,0,2,3,2
9610,0,1,2,6,1
11220,1,0,2,3,2
14969,0,1,2,0,1
17123,0,1,2,1,1
17091,0,1,2,2,1
13021,1,0,2,1,1
17675,0,1,2,1,1
12698,1,0,2,3,1
13279,1,0,2,4,1
8562,1,0,2,1,1
11003,1,0,2,2,1
14894,0,1,2,3,1
4048,1,0,2,8,1
12865,1,0,2,4,1
4541,1,0,2,6,1
12561,1,0,2,2,1
4765,0,1,2,1,1
8732,1,0,2,2,3
16157,0,1,2,3,1
10812,0,1,2,4,1
15822,0,1,2,2,1
9516,1,0,2,4,1
17730,0,1,2,2,2
12291,1,0,2,2,3
9771,1,0,2,8,1
7307,1,0,2,4,1
9192,1,0,2,4,1
14646,1,0,2,6,1
12260,1,0,2,3,1
17176,0,1,2,1,1
9498,1,0,2,6,1
6522,1,0,2,3,1
13337,1,0,2,1,2
17400,0,1,2,1,1
2282,0,1,2,2,1
16081,0,1,2,2,3
3504,1,0,2,2,3
5877,1,0,2,4,1
11873,0,1,2,4,1
8299,1,0,2,6,1
13791,0,1,2,6,1
15289,0,1,2,1,1
14814,1,0,2,0,2
12369,0,1,2,4,1
9509,1,0,2,7,2
5937,1,0,2,3,1
17188,0,1,2,1,1
15372,0,1,2,1,1
12473,0,1,2,4,1
8190,1,0,2,6,2
5717,1,0,2,9,1
14046,1,0,2,3,2
7920,1,0,2,4,1
16498,1,0,2,0,3
14067,1,0,2,1,1
9174,1,0,2,7,1
18229,0,1,2,2,1
5380,1,0,2,9,4
13045,1,0,2,2,1
7005,1,0,2,3,1
13852,0,1,2,1,1
18502,1,0,2,0,1
12867,1,0,2,1,1
3826,0,1,2,4,1
11382,1,0,2,4,1
16113,0,1,2,1,1
15239,0,1,2,1,1
8944,1,0,2,2,1
16002,0,1,2,1,1
10259,1,0,2,3,1
18361,1,0,2,0,1
11262,1,0,2,2,1
11484,1,0,2,9,1
9486,1,0,2,3,1
13266,1,0,2,4,4
5253,1,0,2,7,1
9194,1,0,2,4,1
7580,1,0,2,6,1
4950,1,0,2,6,3
14111,1,0,2,4,2
15984,0,1,2,1,1
8581,0,1,2,7,1
18286,1,0,2,4,1
18156,0,1,2,0,1
7701,1,0,2,6,1
14756,1,0,2,5,1
9311,1,0,2,3,1
14295,1,0,2,8,1
16198,1,0,2,0,1
12313,1,0,2,7,1
5433,1,0,2,6,1
11346,1,0,2,4,1
12379,1,0,2,3,1
17473,0,1,2,1,2
8665,1,0,2,3,2
17217,0,1,2,0,1
12654,1,0,2,3,1
6972,0,1,2,4,3
14444,1,0,2,3,1
12533,1,0,2,4,1
14400,1,0,2,4,1
17901,1,0,2,1,1
13402,1,0,2,6,1
13543,1,0,2,8,1
14936,0,1,2,2,1
17373,0,1,2,2,1
3495,1,0,2,2,1
2824,1,0,2,1,1
16330,0,1,2,2,1
16993,0,1,2,2,1
12786,1,0,2,3,1
6869,1,0,2,6,1
12193,1,0,2,7,1
13677,1,0,2,2,1
11444,1,0,2,3,2
310,0,1,2,1,1
12379,1,0,2,3,1
17501,0,1,2,0,1
15984,0,1,2,1,1
6420,1,0,2,7,1
13428,1,0,2,2,1
6972,0,1,2,4,3
4614,0,1,2,4,1
14832,1,0,2,5,1
4691,1,0,2,9,1
15265,0,1,2,6,1
14405,1,0,2,4,1
14037,1,0,2,3,1
17957,1,0,2,1,1
7849,1,0,2,7,3
18135,1,0,2,1,1
11236,0,1,2,8,1
7025,1,0,2,4,2
16604,1,0,2,2,2
18212,0,1,2,1,1
4663,1,0,2,3,1
18236,1,0,2,3,1
9639,0,1,2,7,1
17577,0,1,2,3,1
12369,0,1,2,4,1
3458,0,1,2,4,1
18242,0,1,2,3,1
5888,0,1,2,3,4
12636,1,0,2,2,2
8023,1,0,2,1,1
1414,1,0,2,2,1
18433,1,0,2,2,1
17105,0,1,2,1,1
10031,1,0,2,4,1
11998,1,0,2,9,4
17244,0,1,2,7,1
11220,1,0,2,3,2
11261,1,0,2,2,2
15363,0,1,2,0,1
8960,1,0,2,2,1
18085,1,0,2,0,1
17285,0,1,2,1,1
18300,1,0,2,0,1
12277,1,0,2,7,1
5674,1,0,2,4,1
15147,1,0,2,5,1
7625,1,0,2,8,1
12658,1,0,2,4,2
16486,0,1,2,2,1
18015,1,0,2,3,3
9585,1,0,2,9,1
3846,1,0,2,6,1
14874,0,1,2,1,2
3384,1,0,2,1,1
7626,1,0,2,2,1
5717,1,0,2,9,1
14496,1,0,2,2,1
5537,1,0,2,3,1
11130,1,0,2,3,1
13713,1,0,2,6,2
4806,0,1,2,7,2
5218,0,1,2,4,2
4943,1,0,2,3,1
15052,0,1,2,2,1
16387,0,1,2,1,1
7638,1,0,2,4,1
7731,0,1,2,3,1
7330,1,0,2,2,2
6721,1,0,2,4,1
8944,1,0,2,2,1
8960,1,0,2,2,1
6194,1,0,2,4,1
656,1,0,2,0,1
13001,1,0,2,1,1
8945,1,0,2,3,4
6406,1,0,2,6,1
12439,1,0,2,4,1
8858,1,0,2,7,2
14198,1,0,2,3,1
4302,1,0,2,1,1
1757,1,0,2,0,2
7977,1,0,2,3,1
6176,1,0,2,3,2
16506,0,1,2,1,1
14109,1,0,2,4,1
10399,0,1,2,3,2
18566,1,0,2,0,1
7762,1,0,2,4,1
7149,1,0,2,6,1
8497,1,0,2,2,1
6294,1,0,2,4,1
3582,1,0,2,6,1
4572,1,0,2,7,2
15635,1,0,2,4,2
8384,1,0,2,4,2
11672,1,0,2,7,1
9818,1,0,2,3,1
16030,0,1,2,6,1
4499,1,0,2,3,1
11998,1,0,2,9,4
11811,1,0,2,8,3
7877,1,0,2,7,1
14396,1,0,2,3,1
15434,0,1,2,0,1
7705,1,0,2,3,2
6507,1,0,2,2,1
13488,0,1,2,2,1
16539,0,1,2,0,1
14731,1,0,2,2,1
4978,1,0,2,1,1
10447,1,0,2,3,1
4304,1,0,2,3,2
18381,1,0,2,1,3
13419,1,0,2,2,2
6754,1,0,2,4,1
16160,0,1,2,2,1
9875,1,0,2,6,2
18244,1,0,2,5,3
3810,1,0,2,9,1
15788,0,1,2,2,1
7862,1,0,2,6,2
8650,1,0,2,7,1
13895,1,0,2,9,1
11515,1,0,2,4,1
7684,1,0,2,4,1
7030,1,0,2,3,1
12622,1,0,2,7,2
17779,0,1,2,1,1
1486,1,0,2,2,1
6899,1,0,2,1,1
6786,1,0,2,3,1
10291,1,0,2,8,1
12535,1,0,2,3,1
14140,1,0,2,4,2
13782,1,0,2,4,1
1486,1,0,2,2,1
12144,0,1,2,6,1
8943,1,0,2,2,1
18336,0,1,2,8,1
7032,1,0,2,3,1
4444,1,0,2,3,1
17002,0,1,2,0,1
12317,1,0,2,6,1
13113,1,0,2,7,1
13108,1,0,2,7,1
15457,0,1,2,0,1
11993,1,0,2,4,1
4502,1,0,2,3,1
18581,1,0,2,3,1
17010,0,1,2,2,1
16113,0,1,2,1,1
18573,0,1,2,2,2
18229,0,1,2,2,1
9373,0,1,2,9,1
13808,1,0,2,3,1
8530,0,1,2,6,1
9485,1,0,2,3,1
17244,0,1,2,7,1
15735,0,1,2,2,1
5112,1,0,2,7,1
10597,1,0,2,2,1
3667,0,1,2,3,1
3757,0,1,2,6,1
15601,1,0,2,2,1
7537,1,0,2,3,2
16890,0,1,2,7,1
7012,1,0,2,7,1
7670,1,0,2,2,1
13070,1,0,2,2,1
13341,1,0,2,2,1
4513,1,0,2,4,4
6765,1,0,2,2,1
14091,1,0,2,3,1
3566,1,0,2,7,1
7546,1,0,2,2,1
10813,1,0,2,4,1
9468,1,0,2,3,1
16671,1,0,2,0,1
2334,0,1,2,2,1
5425,1,0,2,3,1
12622,1,0,2,7,2
17250,0,1,2,7,1
16716,0,1,2,2,1
12677,1,0,2,3,1
6641,1,0,2,3,1
18289,1,0,2,1,2
9933,1,0,2,2,1
6375,1,0,2,2,2
5204,1,0,2,6,1
4846,1,0,2,1,1
10768,1,0,2,4,1
14608,1,0,2,2,1
6919,1,0,2,7,2
7623,1,0,2,6,2
9327,1,0,2,6,3
11808,1,0,2,8,1
7506,1,0,2,4,1
8337,1,0,2,3,1
17835,0,1,2,7,1
12479,1,0,2,8,1
10597,1,0,2,2,1
17419,0,1,2,0,1
9826,1,0,2,3,1
9445,1,0,2,6,1
5819,1,0,2,8,4
16752,0,1,2,2,1
16350,0,1,2,2,1
13625,1,0,2,2,1
3462,0,1,2,2,1
6578,1,0,2,7,3
16769,1,0,2,0,1
15877,0,1,2,1,2
5444,0,1,2,6,1
15993,0,1,2,1,1
4053,1,0,2,6,1
9446,1,0,2,1,2
11943,1,0,2,3,1
9433,1,0,2,1,1
15753,0,1,2,2,2
13336,1,0,2,3,2
16506,0,1,2,1,1
5052,1,0,2,2,2
13481,0,1,2,4,1
16236,0,1,2,1,1
6919,1,0,2,7,2
2189,1,0,2,2,2
17342,0,1,2,6,1
13965,1,0,2,3,1
13517,1,0,2,3,1
9798,1,0,2,6,1
1132,0,1,2,0,1
17802,0,1,2,1,1
13495,1,0,2,6,1
18367,0,1,2,6,1
11512,1,0,2,8,1
18171,1,0,2,3,2
9895,0,1,2,2,1
5790,1,0,2,2,2
11087,1,0,2,7,1
4572,1,0,2,7,2
13458,1,0,2,3,1
6102,1,0,2,8,2
6568,1,0,2,4,1
3676,1,0,2,3,1
5915,1,0,2,3,1
14639,1,0,2,3,1
11873,0,1,2,4,1
13287,1,0,2,3,1
17273,0,1,2,0,1
5125,1,0,2,3,1
17661,0,1,2,2,1
11567,1,0,2,4,1
17763,0,1,2,2,1
18075,1,0,2,4,1
6338,1,0,2,2,2
16367,0,1,2,2,1
10966,1,0,2,9,1
3495,1,0,2,2,1
18280,1,0,2,2,1
12235,1,0,2,3,1
9825,1,0,2,8,2
17268,0,1,2,2,1
6310,1,0,2,2,1
9875,1,0,2,6,2
6869,1,0,2,6,1
758,0,1,2,0,1
3589,1,0,2,8,1
9516,1,0,2,4,1
13347,1,0,2,4,1
16569,0,1,2,1,1
8650,1,0,2,7,1
3787,1,0,2,4,1
17222,0,1,2,2,1
16940,1,0,2,0,1
9185,1,0,2,2,2
9589,1,0,2,9,4
2935,1,0,2,1,1
1486,1,0,2,2,1
16293,1,0,2,1,2
16494,1,0,2,0,1
6698,1,0,2,3,3
4895,0,1,2,4,1
13677,1,0,2,2,1
9486,1,0,2,3,1
11983,0,1,2,3,1
6671,1,0,2,4,1
11835,1,0,2,3,1
17957,1,0,2,1,1
4704,1,0,2,8,1
13216,1,0,2,1,1
5269,1,0,2,3,1
14318,1,0,2,2,1
3611,1,0,2,6,1
10599,1,0,2,2,1
13706,1,0,2,4,1
16750,0,1,2,6,2
14814,1,0,2,0,2
8163,1,0,2,6,1
11370,1,0,2,2,1
9129,1,0,2,7,1
1733,1,0,2,2,1
7638,1,0,2,4,1
11236,0,1,2,8,1
13517,1,0,2,3,1
656,1,0,2,0,1
8286,1,0,2,7,1
3497,1,0,2,7,1
9192,1,0,2,4,1
3275,0,1,2,4,1
3695,1,0,2,3,1
10180,1,0,2,4,2
3055,1,0,2,0,1
17474,0,1,2,2,1
15861,1,0,2,6,1
14673,1,0,2,2,1
11220,1,0,2,3,2
18529,0,1,2,4,1
17262,0,1,2,2,1
17950,1,0,2,0,1
8163,1,0,2,6,1
4513,1,0,2,4,4
10574,1,0,2,2,1
391,0,1,2,1,1
9608,1,0,2,6,1
3952,0,1,2,2,1
4564,1,0,2,1,1
12020,1,0,2,7,2
16486,0,1,2,2,1
11756,1,0,2,4,1
10501,1,0,2,4,1
15166,1,0,2,6,1
18053,1,0,2,0,2
6406,1,0,2,6,1
9056,1,0,2,6,1
15583,0,1,2,1,1
8540,1,0,2,4,3
9388,1,0,2,1,3
5303,1,0,2,7,1
10779,1,0,2,3,1
1276,0,1,2,4,1
6786,1,0,2,3,1
8161,1,0,2,8,2
6415,1,0,2,7,2
4868,1,0,2,8,4
12124,1,0,2,3,2
18075,1,0,2,4,1
4134,1,0,2,6,4
4815,1,0,2,3,1
4550,1,0,2,7,3
6006,1,0,2,4,1
3522,1,0,2,1,2
17568,0,1,2,2,1
16619,1,0,2,7,3
10579,1,0,2,2,1
7023,1,0,2,7,3
6553,0,1,2,7,1
10447,1,0,2,3,1
16179,0,1,2,1,1
7877,1,0,2,7,1
15152,0,1,2,3,2
7624,1,0,2,8,1
18142,1,0,2,0,1
4869,1,0,2,7,1
10245,1,0,2,7,2
5934,1,0,2,8,1
9405,1,0,2,3,2
8854,1,0,2,3,1
18142,1,0,2,0,1
16289,0,1,2,6,1
14249,1,0,2,2,1
8587,1,0,2,3,1
3497,1,0,2,7,1
17201,0,1,2,1,1
8919,1,0,2,3,2
17814,0,1,2,2,1
18095,1,0,2,1,1
3760,0,1,2,3,1
18085,1,0,2,0,1
4700,1,0,2,9,3
1052,0,1,2,1,1
15767,0,1,2,6,1
9771,1,0,2,8,1
18076,1,0,2,2,1
7576,1,0,2,6,1
16789,1,0,2,2,1
467,1,0,2,0,1
5349,1,0,2,6,1
10125,1,0,2,9,1
8627,1,0,2,6,1
17623,0,1,2,0,1
4437,1,0,2,3,1
6599,1,0,2,8,1
5573,1,0,2,6,2
15341,1,0,2,2,2
4140,0,1,2,7,1
6699,1,0,2,7,1
12046,1,0,2,1,1
9410,1,0,2,6,1
11170,1,0,2,8,1
12597,1,0,2,3,1
18502,1,0,2,0,1
6968,1,0,2,3,1
758,0,1,2,0,1
7743,1,0,2,4,3
13251,1,0,2,2,3
5238,1,0,2,3,1
4460,1,0,2,3,1
4114,0,1,2,4,2
6650,1,0,2,2,1
6325,1,0,2,3,1
4220,1,0,2,3,1
11872,1,0,2,4,1
9251,0,1,2,3,2
15177,0,1,2,1,1
4187,1,0,2,9,4
17781,0,1,2,2,1
7576,1,0,2,6,1
4569,1,0,2,6,1
4813,1,0,2,3,1
16090,0,1,2,1,1
13322,1,0,2,8,1
8767,1,0,2,4,2
4765,0,1,2,1,1
13257,1,0,2,6,1
14936,0,1,2,2,1
3559,1,0,2,3,3
12925,1,0,2,3,1
4334,1,0,2,6,4
4999,1,0,2,1,1
6366,1,0,2,3,1
17903,1,0,2,0,1
13049,1,0,2,1,1
16148,1,0,2,5,1
4850,1,0,2,3,1
17262,0,1,2,2,1
7753,1,0,2,2,3
14247,1,0,2,2,1
13289,1,0,2,3,3
12157,1,0,2,7,2
13631,0,1,2,3,1
7638,1,0,2,4,1
6406,1,0,2,6,1
6931,1,0,2,7,1
10217,1,0,2,2,1
9540,1,0,2,3,1
310,0,1,2,1,1
8383,1,0,2,4,1
12402,1,0,2,4,2
14442,1,0,2,3,1
16038,0,1,2,2,2
6760,1,0,2,8,1
10940,1,0,2,7,1
11020,1,0,2,3,1
9589,1,0,2,9,4
7381,1,0,2,8,1
9835,1,0,2,4,2
4003,1,0,2,6,1
7016,1,0,2,2,2
14405,1,0,2,4,1
7626,1,0,2,2,1
16985,0,1,2,0,1
15797,1,0,2,4,1
14604,1,0,2,4,1
12578,1,0,2,7,2
12013,1,0,2,8,2
1474,1,0,2,0,1
18555,1,0,2,0,1
6553,0,1,2,7,1
16623,0,1,2,1,1
10690,1,0,2,8,1
8171,1,0,2,3,2
12585,1,0,2,3,1
11891,1,0,2,9,4
10953,1,0,2,6,1
12597,1,0,2,3,1
15349,0,1,2,2,1
16637,1,0,2,2,2
7156,1,0,2,1,1
13644,1,0,2,1,4
14400,1,0,2,4,1
77,1,0,2,2,1
3646,1,0,2,2,1
6795,1,0,2,4,1
7420,1,0,2,3,3
13243,0,1,2,7,2
14969,0,1,2,0,1
5730,0,1,2,1,2
12657,1,0,2,3,1
9807,1,0,2,4,1
9387,0,1,2,1,1
11238,1,0,2,2,1
7705,1,0,2,3,2
16372,0,1,2,2,2
7862,1,0,2,6,2
9012,1,0,2,6,4
7576,1,0,2,6,1
16905,0,1,2,2,1
9677,1,0,2,4,1
3684,1,0,2,1,1
5444,0,1,2,6,1
10324,0,1,2,3,1
1068,1,0,2,2,1
10778,1,0,2,3,1
9994,0,1,2,8,2
7731,0,1,2,3,1
7842,1,0,2,6,1
7795,1,0,2,8,1
1036,0,1,2,2,2
14961,0,1,2,2,1
9305,1,0,2,3,1
8929,1,0,2,4,1
11130,1,0,2,3,1
7544,1,0,2,7,1
5120,0,1,2,7,2
944,1,0,2,1,1
11583,1,0,2,3,1
18036,0,1,2,2,1
6879,0,1,2,8,1
7788,1,0,2,9,1
5819,1,0,2,8,4
8656,0,1,2,8,2
18503,1,0,2,0,1
9532,0,1,2,6,1
14432,1,0,2,6,1
4460,1,0,2,3,1
15062,1,0,2,0,1
13898,1,0,2,9,1
16666,0,1,2,2,1
9638,1,0,2,7,2
10929,1,0,2,4,1
18503,1,0,2,0,1
12477,1,0,2,1,1
13512,1,0,2,2,1
13035,1,0,2,4,1
11873,0,1,2,4,1
9486,1,0,2,3,1
9364,0,1,2,7,2
3952,0,1,2,2,1
14999,1,0,2,1,1
13799,0,1,2,4,2
15082,0,1,2,2,1
16068,1,0,2,1,1
17252,0,1,2,0,1
11538,1,0,2,6,1
17112,0,1,2,1,1
4691,1,0,2,9,1
16017,0,1,2,4,1
11610,1,0,2,2,1
8918,1,0,2,4,1
4663,1,0,2,3,1
3804,0,1,2,4,4
15372,0,1,2,1,1
6332,1,0,2,2,1
13341,1,0,2,2,1
13985,1,0,2,8,2
5632,1,0,2,4,1
7021,1,0,2,4,1
17010,0,1,2,2,1
8235,1,0,2,1,2
15918,0,1,2,0,1
4967,1,0,2,7,1
16549,0,1,2,1,1
15117,0,1,2,8,1
10830,1,0,2,7,1
13744,1,0,2,6,4
15092,0,1,2,5,2
5795,1,0,2,4,2
13140,1,0,2,1,3
10715,1,0,2,9,1
4362,1,0,2,7,1
12953,1,0,2,6,1
9166,1,0,2,6,1
10723,1,0,2,7,1
18539,1,0,2,8,1
11479,1,0,2,4,1
8650,1,0,2,7,1
9201,1,0,2,3,1
13417,1,0,2,1,1
4682,1,0,2,4,1
17474,0,1,2,2,1
6332,1,0,2,2,1
5073,1,0,2,6,1
17424,0,1,2,2,1
15128,0,1,2,6,1
6241,1,0,2,2,1
7997,1,0,2,3,1
9649,1,0,2,3,3
15595,0,1,2,1,1
15341,1,0,2,2,2
5780,1,0,2,1,1
9201,1,0,2,3,1
9166,1,0,2,6,1
7928,1,0,2,2,1
10057,1,0,2,6,1
5709,1,0,2,4,1
14996,0,1,2,6,1
9160,1,0,2,2,1
13501,1,0,2,3,1
7868,1,0,2,4,1
4242,0,1,2,8,1
9017,1,0,2,3,1
17719,0,1,2,2,1
12472,0,1,2,4,3
5274,1,0,2,7,1
9260,1,0,2,6,1
6568,1,0,2,4,1
14273,0,1,2,4,1
8163,1,0,2,6,1
15861,1,0,2,6,1
7559,1,0,2,4,1
15288,0,1,2,2,2
7382,1,0,2,7,2
16702,0,1,2,6,1
606,1,0,2,0,2
5216,1,0,2,3,1
14372,1,0,2,1,1
14852,0,1,2,2,1
6353,1,0,2,6,3
6285,1,0,2,2,1
4302,1,0,2,1,1
6468,1,0,2,2,1
6721,1,0,2,4,1
9185,1,0,2,2,2
7695,1,0,2,8,2
15203,0,1,2,2,1
15547,0,1,2,2,1
8108,0,1,2,4,3
758,0,1,2,0,1
7515,1,0,2,2,1
18475,0,1,2,2,2
17547,0,1,2,2,1
13734,1,0,2,4,2
17887,0,1,2,6,2
15545,0,1,2,2,1
5701,1,0,2,3,3
13108,1,0,2,7,1
10150,1,0,2,7,1
6596,1,0,2,4,1
5432,1,0,2,7,2
13069,1,0,2,2,1
15268,0,1,2,1,2
1052,0,1,2,1,1
7383,1,0,2,7,1
17175,1,0,2,2,1
14111,1,0,2,4,2
8451,0,1,2,4,1
17570,0,1,2,1,1
12144,0,1,2,6,1
11580,1,0,2,3,1
7793,1,0,2,4,3
18399,0,1,2,2,1
10781,1,0,2,3,1
17392,0,1,2,2,1
16966,0,1,2,1,1
7868,1,0,2,4,1
558,1,0,2,1,2
14839,0,1,2,1,1
7288,1,0,2,4,2
2467,0,1,2,8,1
11443,1,0,2,3,1
12902,1,0,2,3,1
9934,1,0,2,2,1
10618,1,0,2,7,1
5701,1,0,2,3,3
7623,1,0,2,6,2
12922,1,0,2,6,1
12291,1,0,2,2,3
18242,0,1,2,3,1
6868,1,0,2,3,1
6863,1,0,2,1,1
12060,1,0,2,7,1
9394,1,0,2,3,1
15738,0,1,2,1,1
14366,1,0,2,1,4
11020,1,0,2,3,1
8376,0,1,2,4,1
15414,1,0,2,0,1
7849,1,0,2,7,3
11429,1,0,2,3,1
5442,0,1,2,1,1
5812,1,0,2,7,1
8212,0,1,2,4,1
11568,1,0,2,4,1
13266,1,0,2,4,4
14313,1,0,2,7,2
15225,0,1,2,3,1
4625,0,1,2,8,1
7746,1,0,2,4,1
12837,0,1,2,1,2
6310,1,0,2,2,1
10777,1,0,2,3,1
4773,1,0,2,1,2
17641,0,1,2,4,2
17719,0,1,2,2,1
5481,1,0,2,6,1
16887,1,0,2,0,1
14359,1,0,2,4,3
15519,1,0,2,1,1
9215,1,0,2,6,1
12418,1,0,2,4,1
11836,0,1,2,6,2
5444,0,1,2,6,1
11515,1,0,2,4,1
8035,1,0,2,2,1
17942,1,0,2,0,1
16813,0,1,2,3,1
8023,1,0,2,1,1
15787,0,1,2,1,1
3384,1,0,2,1,1
15223,1,0,2,0,1
9760,1,0,2,4,1
5756,1,0,2,2,1
4840,1,0,2,3,1
8387,1,0,2,2,1
16769,1,0,2,0,1
2083,1,0,2,2,2
4226,1,0,2,2,1
13143,0,1,2,3,1
9621,1,0,2,2,1
4561,1,0,2,6,3
9835,1,0,2,4,2
5898,1,0,2,2,1
3668,0,1,2,8,1
10808,1,0,2,7,1
13347,1,0,2,4,1
9532,0,1,2,6,1
6559,1,0,2,7,4
17194,0,1,2,0,1
13295,1,0,2,9,1
3055,1,0,2,0,1
9971,1,0,2,7,3
6790,1,0,2,3,1
3947,1,0,2,9,2
8530,0,1,2,6,1
10832,1,0,2,7,2
15288,0,1,2,2,2
16157,0,1,2,3,1
17582,0,1,2,4,1
18539,1,0,2,8,1
11490,1,0,2,7,1
5814,1,0,2,4,2
9589,1,0,2,9,4
8514,0,1,2,7,1
13799,0,1,2,4,2
16550,0,1,2,6,1
6455,1,0,2,1,1
7625,1,0,2,8,1
12770,0,1,2,3,2
4097,1,0,2,3,1
13295,1,0,2,9,1
38,1,0,2,0,1
14436,1,0,2,8,2
17194,0,1,2,0,1
11852,0,1,2,3,1
12753,1,0,2,9,1
16158,0,1,2,2,1
13900,1,0,2,4,1
7559,1,0,2,4,1
14286,1,0,2,7,3
17500,1,0,2,4,2
2613,1,0,2,0,1
11568,1,0,2,4,1
13940,1,0,2,7,1
3545,1,0,2,6,1
18140,1,0,2,2,2
3153,1,0,2,4,1
7383,1,0,2,7,1
4974,1,0,2,1,1
9557,1,0,2,2,1
12512,1,0,2,4,2
13021,1,0,2,1,1
4458,1,0,2,3,1
12963,1,0,2,5,1
6037,1,0,2,7,1
12628,0,1,2,2,1
13345,0,1,2,3,1
17081,0,1,2,4,1
18657,0,1,2,0,2
14429,1,0,2,6,1
10078,1,0,2,4,1
5618,1,0,2,2,4
6468,1,0,2,2,1
9373,0,1,2,9,1
11594,0,1,2,7,1
12458,1,0,2,4,1
8497,1,0,2,2,1
9608,1,0,2,6,1
3343,1,0,2,2,1
4140,0,1,2,7,1
15209,1,0,2,0,1
13341,1,0,2,2,1
5137,1,0,2,4,1
8497,1,0,2,2,1
3922,1,0,2,4,3
7449,1,0,2,7,1
606,1,0,2,0,2
4902,1,0,2,7,2
7425,1,0,2,4,3
5427,1,0,2,7,1
6947,1,0,2,4,2
7312,1,0,2,3,1
421,0,1,2,4,1
7774,1,0,2,3,2
18064,1,0,2,1,1
18266,0,1,2,2,1
18347,1,0,2,0,1
13782,1,0,2,4,1
17669,0,1,2,1,1
10778,1,0,2,3,1
9532,0,1,2,6,1
9263,1,0,2,6,1
13940,1,0,2,7,1
6670,1,0,2,1,2
6278,1,0,2,6,2
12635,1,0,2,2,1
14863,1,0,2,2,1
6321,0,1,2,3,1
14754,1,0,2,7,1
4424,1,0,2,7,4
12991,1,0,2,2,1
17709,0,1,2,1,1
6176,1,0,2,3,2
5591,1,0,2,2,3
4441,1,0,2,3,2
17504,0,1,2,3,1
8372,0,1,2,1,1
17768,0,1,2,3,1
11723,1,0,2,1,3
6680,1,0,2,4,1
848,1,0,2,2,1
5061,1,0,2,3,1
13800,1,0,2,4,1
12926,1,0,2,7,1
9084,1,0,2,7,2
4648,1,0,2,6,1
7473,1,0,2,1,2
9677,1,0,2,4,1
17456,0,1,2,2,1
11749,0,1,2,8,1
3634,0,1,2,8,2
12904,1,0,2,8,3
7738,1,0,2,4,1
13443,1,0,2,6,1
4889,1,0,2,3,1
17201,0,1,2,1,1
5432,1,0,2,7,2
16868,0,1,2,5,2
9826,1,0,2,3,1
15913,0,1,2,1,1
7735,0,1,2,3,1
14095,1,0,2,2,1
11590,1,0,2,7,4
17887,0,1,2,6,2
5908,1,0,2,6,1
15363,0,1,2,0,1
9304,1,0,2,6,2
17474,0,1,2,2,1
10637,1,0,2,8,2
16092,0,1,2,2,2
14996,0,1,2,6,1
10093,1,0,2,7,1
17799,0,1,2,1,2
12015,1,0,2,4,1
4362,1,0,2,7,1
6680,1,0,2,4,1
9875,1,0,2,6,2
3780,1,0,2,3,1
9287,1,0,2,7,1
6051,1,0,2,4,1
9388,1,0,2,1,3
5506,1,0,2,2,1
13425,1,0,2,1,2
17675,0,1,2,1,1
17475,0,1,2,2,1
6869,1,0,2,6,1
13825,1,0,2,3,1
16984,0,1,2,0,1
5253,1,0,2,7,1
11087,1,0,2,7,1
7639,1,0,2,6,1
5475,0,1,2,4,1
14988,0,1,2,1,1
38,1,0,2,0,1
4764,0,1,2,4,1
14784,1,0,2,2,1
17328,0,1,2,1,1
18222,1,0,2,3,1
5618,1,0,2,2,4
14894,0,1,2,3,1
10602,0,1,2,3,1
12260,1,0,2,3,1
4787,1,0,2,4,1
11262,1,0,2,2,1
421,0,1,2,4,1
5394,1,0,2,3,1
14458,0,1,2,8,2
13114,1,0,2,7,1
3495,1,0,2,2,1
7042,1,0,2,6,1
17592,0,1,2,1,1
13287,1,0,2,3,1
744,1,0,2,0,1
13665,1,0,2,3,1
9192,1,0,2,4,1
4167,0,1,2,4,2
13303,1,0,2,4,1
10265,1,0,2,4,1
10110,1,0,2,8,1
5142,1,0,2,7,1
4383,1,0,2,7,1
17735,0,1,2,1,1
14745,1,0,2,0,3
18344,0,1,2,1,1
6014,1,0,2,1,2
4208,0,1,2,2,1
16167,0,1,2,1,1
13019,0,1,2,1,2
11155,1,0,2,2,1
12025,1,0,2,7,1
17373,0,1,2,2,1
7231,1,0,2,3,2
9330,1,0,2,7,2
13985,1,0,2,8,2
12020,1,0,2,7,2
11545,1,0,2,4,2
18027,0,1,2,7,2
15822,0,1,2,2,1
14874,0,1,2,1,2
5719,1,0,2,3,1
17573,0,1,2,1,1
13091,1,0,2,3,1
9464,1,0,2,1,1
12813,1,0,2,7,2
16613,1,0,2,6,1
13192,1,0,2,7,1
14151,1,0,2,2,4
14850,1,0,2,1,1
11339,1,0,2,7,4
10847,1,0,2,2,1
12238,1,0,2,7,1
14109,1,0,2,4,1
9837,0,1,2,4,2
11730,1,0,2,2,4
12628,0,1,2,2,1
5957,1,0,2,4,1
9305,1,0,2,3,1
7738,1,0,2,4,1
12677,1,0,2,3,1
14988,0,1,2,1,1
7767,1,0,2,6,1
15812,0,1,2,2,1
9506,1,0,2,7,1
8171,1,0,2,3,2
4282,1,0,2,4,1
17175,1,0,2,2,1
18300,1,0,2,0,1
13923,1,0,2,2,1
8251,1,0,2,2,1
3826,0,1,2,4,1
15692,0,1,2,2,1
8372,0,1,2,1,1
17328,0,1,2,1,1
8858,1,0,2,7,2
7998,1,0,2,8,1
16639,0,1,2,1,3
9080,0,1,2,8,1
8127,1,0,2,3,1
5311,1,0,2,7,1
4234,1,0,2,7,1
16650,1,0,2,1,1
14490,0,1,2,7,1
9124,1,0,2,1,1
9305,1,0,2,3,1
3441,1,0,2,1,1
3957,1,0,2,6,1
8969,1,0,2,3,1
18502,1,0,2,0,1
9164,1,0,2,6,1
15756,1,0,2,1,1
15401,0,1,2,2,1
7560,1,0,2,3,1
9508,1,0,2,7,2
14091,1,0,2,3,1
15212,0,1,2,1,1
11361,1,0,2,1,1
4426,1,0,2,3,4
9694,1,0,2,4,1
12865,1,0,2,4,1
16948,1,0,2,2,1
7407,1,0,2,2,1
4764,0,1,2,4,1
18336,0,1,2,8,1
13257,1,0,2,6,1
9742,1,0,2,9,1
3476,1,0,2,5,1
8030,1,0,2,7,1
12020,1,0,2,7,2
16531,0,1,2,1,1
9816,1,0,2,3,1
5433,1,0,2,6,1
10562,1,0,2,2,2
2490,0,1,2,2,1
8928,1,0,2,2,1
14870,0,1,2,3,1
8666,1,0,2,3,1
15401,0,1,2,2,1
13019,0,1,2,1,2
13895,1,0,2,9,1
4394,1,0,2,3,1
16940,1,0,2,0,1
5790,1,0,2,2,2
7860,1,0,2,6,1
12369,0,1,2,4,1
4612,1,0,2,2,1
6968,1,0,2,3,1
12975,1,0,2,6,1
17194,0,1,2,0,1
18300,1,0,2,0,1
9481,1,0,2,7,1
13051,1,0,2,3,1
11415,1,0,2,3,1
18579,1,0,2,1,1
9556,1,0,2,2,1
8425,1,0,2,9,1
15107,0,1,2,7,1
8002,1,0,2,8,2
6353,1,0,2,6,3
5717,1,0,2,9,1
11022,1,0,2,6,3
8540,1,0,2,4,3
6291,1,0,2,2,4
17112,0,1,2,1,1
16148,1,0,2,5,1
16158,0,1,2,2,1
5303,1,0,2,7,1
18022,1,0,2,5,2
9639,0,1,2,7,1
5352,1,0,2,8,1
11379,1,0,2,4,1
11234,1,0,2,8,2
532,1,0,2,0,1
15268,0,1,2,1,2
7969,1,0,2,2,3
7160,1,0,2,6,1
9832,1,0,2,2,1
9675,1,0,2,4,1
9760,1,0,2,4,1
7011,0,1,2,7,1
5125,1,0,2,3,1
11096,1,0,2,8,4
16801,1,0,2,2,1
18627,1,0,2,5,1
6415,1,0,2,7,2
14046,1,0,2,3,2
7557,1,0,2,3,2
17289,0,1,2,1,1
16219,1,0,2,2,1
10412,1,0,2,4,2
10084,1,0,2,4,2
4404,1,0,2,2,4
6578,1,0,2,7,3
14778,0,1,2,3,1
12837,0,1,2,1,2
13831,1,0,2,3,1
13133,1,0,2,3,1
17475,0,1,2,2,1
18008,0,1,2,2,1
18043,1,0,2,0,1
17363,1,0,2,3,1
7748,1,0,2,2,1
17849,0,1,2,1,1
8093,1,0,2,3,1
13770,1,0,2,7,1
14961,0,1,2,2,1
17252,0,1,2,0,1
10266,1,0,2,3,1
15515,0,1,2,1,1
12747,1,0,2,4,1
16335,1,0,2,2,2
8816,1,0,2,4,4
6195,1,0,2,4,1
391,0,1,2,1,1
8719,1,0,2,8,2
4395,1,0,2,3,1
18051,0,1,2,3,1
11836,0,1,2,6,2
17116,0,1,2,0,1
1187,0,1,2,0,1
7670,1,0,2,2,1
15028,0,1,2,2,1
9649,1,0,2,3,3
15775,0,1,2,2,1
15122,0,1,2,2,1
7405,1,0,2,4,3
15401,0,1,2,2,1
7979,1,0,2,7,2
558,1,0,2,1,2
4897,0,1,2,4,1
16277,0,1,2,7,1
8030,1,0,2,7,1
4554,1,0,2,2,2
12205,1,0,2,1,1
8685,1,0,2,7,1
15279,0,1,2,1,1
17164,1,0,2,6,1
12155,1,0,2,7,1
6458,1,0,2,3,1
1414,1,0,2,2,1
4487,1,0,2,3,1
6844,1,0,2,1,1
3538,1,0,2,7,1
5195,1,0,2,6,2
6826,1,0,2,7,1
12147,1,0,2,6,2
9684,1,0,2,1,1
12605,1,0,2,2,3
7753,1,0,2,2,3
18236,1,0,2,3,1
4751,0,1,2,4,1
15753,0,1,2,2,2
11484,1,0,2,9,1
16981,0,1,2,7,1
8844,1,0,2,7,1
14778,0,1,2,3,1
11401,1,0,2,3,1
3153,1,0,2,4,1
10101,1,0,2,2,1
16539,0,1,2,0,1
11433,1,0,2,2,1
38,1,0,2,0,1
16158,0,1,2,2,1
16417,0,1,2,0,1
13793,1,0,2,6,1
4627,1,0,2,4,2
9365,0,1,2,9,1
8286,1,0,2,7,1
17669,0,1,2,1,1
14122,1,0,2,4,1
17958,1,0,2,2,2
14872,1,0,2,2,1
5061,1,0,2,3,1
14819,1,0,2,1,2
7705,1,0,2,3,2
890,1,0,2,0,1
8497,1,0,2,2,1
10270,1,0,2,3,2
12018,1,0,2,7,1
12235,1,0,2,3,1
9932,0,1,2,1,1
8920,1,0,2,4,1
9890,1,0,2,3,1
11567,1,0,2,4,1
9824,0,1,2,8,1
16027,0,1,2,1,1
17592,0,1,2,1,1
14037,1,0,2,3,1
17575,0,1,2,7,1
9430,1,0,2,4,1
16813,0,1,2,3,1
9148,1,0,2,2,1
18420,1,0,2,2,1
5444,0,1,2,6,1
12052,0,1,2,7,1
193,0,1,2,4,1
7842,1,0,2,6,1
15184,0,1,2,0,2
11340,1,0,2,3,1
11356,1,0,2,2,2
16602,0,1,2,2,2
16147,0,1,2,2,1
14095,1,0,2,2,1
6488,1,0,2,7,1
8317,1,0,2,3,1
7203,1,0,2,7,1
9506,1,0,2,7,1
10997,1,0,2,6,1
1371,1,0,2,0,1
16494,1,0,2,0,1
15905,1,0,2,0,1
18606,0,1,2,2,1
17433,0,1,2,4,1
3559,1,0,2,3,3
7546,1,0,2,2,1
18135,1,0,2,1,1
10214,1,0,2,4,3
14490,0,1,2,7,1
5735,1,0,2,3,1
16613,1,0,2,6,1
10879,1,0,2,4,1
5273,1,0,2,4,1
9176,1,0,2,6,3
6236,1,0,2,8,1
6018,1,0,2,3,1
16486,0,1,2,2,1
6176,1,0,2,3,2
17201,0,1,2,1,1
15349,0,1,2,2,1
7862,1,0,2,6,2
10708,1,0,2,6,2
6128,1,0,2,4,2
7767,1,0,2,6,1
16160,0,1,2,2,1
8465,1,0,2,7,3
15806,0,1,2,2,2
5044,1,0,2,7,1
7576,1,0,2,6,1
6757,1,0,2,4,2
9621,1,0,2,2,1
12148,1,0,2,1,4
4178,1,0,2,6,2
10838,0,1,2,7,2
16376,1,0,2,2,1
15545,0,1,2,2,1
7955,1,0,2,7,1
6332,1,0,2,2,1
14832,1,0,2,5,1
10997,1,0,2,6,1
9130,1,0,2,7,1
8598,1,0,2,4,1
16002,0,1,2,1,1
14754,1,0,2,7,1
8901,1,0,2,9,1
16290,0,1,2,3,1
7980,1,0,2,2,1
890,1,0,2,0,1
6636,1,0,2,6,1
11839,1,0,2,2,3
4648,1,0,2,6,1
12625,1,0,2,1,2
2120,0,1,2,2,1
16428,0,1,2,1,1
9789,1,0,2,4,1
12597,1,0,2,3,1
8428,1,0,2,9,1
15395,0,1,2,1,1
18172,1,0,2,0,1
6393,1,0,2,8,1
12046,1,0,2,1,1
16030,0,1,2,6,1
17289,0,1,2,1,1
7735,0,1,2,3,1
15832,0,1,2,2,1
15405,1,0,2,0,2
3646,1,0,2,2,1
14086,1,0,2,1,2
17085,0,1,2,0,1
11712,1,0,2,4,1
10884,1,0,2,6,1
1862,1,0,2,0,2
18266,0,1,2,2,1
15203,0,1,2,2,1
1608,1,0,2,1,1
4572,1,0,2,7,2
8706,1,0,2,4,1
16821,0,1,2,1,1
8920,1,0,2,4,1
17061,0,1,2,1,1
16266,1,0,2,2,1
9089,1,0,2,7,1
15083,0,1,2,0,1
10408,1,0,2,7,1
12136,1,0,2,1,1
3383,1,0,2,3,1
6176,1,0,2,3,2
10239,1,0,2,4,1
15512,0,1,2,1,1
12402,1,0,2,4,2
14745,1,0,2,0,3
8035,1,0,2,2,1
4437,1,0,2,3,1
3922,1,0,2,4,3
16276,1,0,2,2,1
15476,0,1,2,2,2
16539,0,1,2,0,1
6027,1,0,2,7,2
13605,1,0,2,8,1
17685,1,0,2,7,1
18347,1,0,2,0,1
6155,1,0,2,4,1
10011,1,0,2,4,1
12652,1,0,2,3,1
18074,0,1,2,0,2
15828,0,1,2,6,1
11423,1,0,2,8,1
4053,1,0,2,6,1
4622,0,1,2,8,1
16330,0,1,2,2,1
6014,1,0,2,1,2
10660,1,0,2,6,3
13091,1,0,2,3,1
9296,1,0,2,3,2
4700,1,0,2,9,3
14923,0,1,2,6,1
4304,1,0,2,3,2
3589,1,0,2,8,1
8497,1,0,2,2,1
15307,1,0,2,2,1
18064,1,0,2,1,1
5127,1,0,2,7,1
11845,1,0,2,2,1
6899,1,0,2,1,1
8858,1,0,2,7,2
8022,1,0,2,2,1
17121,0,1,2,3,1
15547,0,1,2,2,1
10597,1,0,2,2,1
16905,0,1,2,2,1
15806,0,1,2,2,2
5267,1,0,2,4,1
11458,1,0,2,7,1
13895,1,0,2,9,1
16972,0,1,2,1,1
10971,1,0,2,6,1
15107,0,1,2,7,1
4570,1,0,2,8,1
17061,0,1,2,1,1
13134,1,0,2,3,2
17010,0,1,2,2,1
18015,1,0,2,3,3
15482,0,1,2,1,1
12387,1,0,2,6,1
7037,1,0,2,3,1
8945,1,0,2,3,4
11679,1,0,2,6,1
11473,1,0,2,4,4
4437,1,0,2,3,1
4175,1,0,2,3,1
10100,1,0,2,4,1
4895,0,1,2,4,1
14046,1,0,2,3,2
4572,1,0,2,7,2
9600,0,1,2,4,3
4104,1,0,2,3,1
5311,1,0,2,7,1
391,0,1,2,1,1
5650,0,1,2,4,1
1147,1,0,2,0,1
16579,1,0,2,1,1
5823,1,0,2,1,4
10145,1,0,2,7,1
12148,1,0,2,1,4
11485,1,0,2,4,1
3511,0,1,2,3,2
18637,1,0,2,5,1
18331,1,0,2,1,1
7695,1,0,2,8,2
2120,0,1,2,2,1
4850,1,0,2,3,1
10028,1,0,2,4,1
16092,0,1,2,2,2
17446,0,1,2,0,1
3495,1,0,2,2,1
17791,0,1,2,1,1
12066,1,0,2,7,1
13070,1,0,2,2,1
4187,1,0,2,9,4
10778,1,0,2,3,1
12953,1,0,2,6,1
6868,1,0,2,3,1
14574,1,0,2,2,1
17279,0,1,2,6,1
9486,1,0,2,3,1
3656,1,0,2,2,1
2824,1,0,2,1,1
12048,1,0,2,3,2
17313,0,1,2,2,1
8640,1,0,2,3,1
14999,1,0,2,1,1
7011,0,1,2,7,1
4056,1,0,2,4,2
15203,0,1,2,2,1
17641,0,1,2,4,2
15680,1,0,2,2,1
12826,0,1,2,9,2
17656,0,1,2,2,1
8205,1,0,2,7,1
11414,1,0,2,3,1
15675,1,0,2,6,1
17722,0,1,2,6,1
18140,1,0,2,2,2
7753,1,0,2,2,3
5537,1,0,2,3,1
10997,1,0,2,6,1
12908,1,0,2,8,1
18347,1,0,2,0,1
3462,0,1,2,2,1
2692,0,1,2,1,1
5556,1,0,2,6,3
7111,0,1,2,2,1
11433,1,0,2,2,1
18117,1,0,2,4,1
12260,1,0,2,3,1
15477,0,1,2,7,1
4814,1,0,2,3,1
16549,0,1,2,1,1
12462,1,0,2,4,1
1187,0,1,2,0,1
4145,1,0,2,2,1
8376,0,1,2,4,1
16492,0,1,2,3,1
15595,0,1,2,1,1
14745,1,0,2,0,3
18252,0,1,2,2,1
10660,1,0,2,6,3
12778,0,1,2,8,1
17093,0,1,2,2,1
15041,0,1,2,2,1
6074,1,0,2,2,1
15204,0,1,2,1,1
6304,1,0,2,2,2
9310,1,0,2,3,1
12760,1,0,2,3,1
8345,1,0,2,3,1
10324,0,1,2,3,1
5133,1,0,2,7,2
7839,1,0,2,7,2
13763,1,0,2,3,1
8592,1,0,2,4,1
3589,1,0,2,8,1
9667,1,0,2,2,4
8844,1,0,2,7,1
3800,0,1,2,3,1
7368,1,0,2,7,4
14611,1,0,2,2,1
4863,1,0,2,8,3
17032,0,1,2,1,1
5909,0,1,2,6,2
12010,1,0,2,3,1
11235,1,0,2,8,1
10831,1,0,2,7,1
17123,0,1,2,1,1
13826,1,0,2,3,1
9817,1,0,2,2,1
9898,1,0,2,2,4
6999,1,0,2,4,1
6999,1,0,2,4,1
4950,1,0,2,6,3
3426,1,0,2,4,1
4953,1,0,2,6,1
18624,0,1,2,0,1
10501,1,0,2,4,1
10957,1,0,2,1,1
6750,1,0,2,3,1
13301,0,1,2,9,1
15680,1,0,2,2,1
15841,0,1,2,4,1
14108,1,0,2,4,1
13799,0,1,2,4,2
18076,1,0,2,2,1
10738,1,0,2,9,2
15519,1,0,2,1,1
11839,1,0,2,2,3
13301,0,1,2,9,1
16198,1,0,2,0,1
5408,1,0,2,3,1
8962,1,0,2,2,1
4806,0,1,2,7,2
10957,1,0,2,1,1
15305,0,1,2,5,1
14518,1,0,2,3,1
6622,1,0,2,3,3
16486,0,1,2,2,1
16436,1,0,2,2,1
12578,1,0,2,7,2
10109,1,0,2,2,2
7456,1,0,2,8,2
13658,1,0,2,1,1
18352,0,1,2,2,2
14386,0,1,2,4,1
13133,1,0,2,3,1
4097,1,0,2,3,1
15746,0,1,2,2,2
15004,0,1,2,0,2
13192,1,0,2,7,1
3710,1,0,2,7,1
6235,1,0,2,8,2
3656,1,0,2,2,1
5159,0,1,2,6,1
18142,1,0,2,0,1
5364,0,1,2,4,1
6332,1,0,2,2,1
15258,0,1,2,1,1
6343,1,0,2,2,4
12683,1,0,2,8,1
14860,0,1,2,2,1
11995,1,0,2,8,1
3760,0,1,2,3,1
6006,1,0,2,4,1
15811,0,1,2,0,1
11694,1,0,2,6,2
5573,1,0,2,6,2
10906,1,0,2,2,1
5979,1,0,2,3,1
5823,1,0,2,1,4
6636,1,0,2,6,1
11852,0,1,2,3,1
10187,1,0,2,3,2
12750,1,0,2,4,4
16002,0,1,2,1,1
13425,1,0,2,1,2
16002,0,1,2,1,1
15268,0,1,2,1,2
16324,0,1,2,1,1
3088,1,0,2,0,1
14273,0,1,2,4,1
498,1,0,2,1,1
4827,1,0,2,3,1
4965,1,0,2,7,1
13969,1,0,2,2,1
5709,1,0,2,4,1
13481,0,1,2,4,1
8581,0,1,2,7,1
18344,0,1,2,1,1
4097,1,0,2,3,1
14464,1,0,2,1,1
6844,1,0,2,1,1
6458,1,0,2,3,1
6699,1,0,2,7,1
17195,0,1,2,6,1
6774,1,0,2,3,1
16813,0,1,2,3,1
14314,1,0,2,2,1
17870,1,0,2,2,1
2296,0,1,2,2,1
17942,1,0,2,0,1
7184,1,0,2,4,2
15595,0,1,2,1,1
16122,0,1,2,2,2
10078,1,0,2,4,1
17835,0,1,2,7,1
15482,0,1,2,1,1
13782,1,0,2,4,1
13826,1,0,2,3,1
8112,1,0,2,2,1
7106,1,0,2,3,1
2494,0,1,2,0,1
13523,1,0,2,3,2
4898,1,0,2,4,4
16494,1,0,2,0,1
18367,0,1,2,6,1
11380,1,0,2,4,3
3582,1,0,2,6,1
14680,0,1,2,1,1
4037,0,1,2,2,1
12760,1,0,2,3,1
4711,1,0,2,7,1
11409,1,0,2,2,1
5015,1,0,2,3,1
4850,1,0,2,3,1
9097,1,0,2,7,1
9970,1,0,2,7,1
15780,1,0,2,0,1
15941,0,1,2,5,1
5657,1,0,2,1,1
15450,0,1,2,2,1
9356,1,0,2,7,1
6762,1,0,2,2,1
15069,1,0,2,2,1
13277,1,0,2,4,1
15846,0,1,2,8,1
9621,1,0,2,2,1
14017,0,1,2,3,1
10823,1,0,2,6,3
7896,1,0,2,7,1
15137,0,1,2,7,1
9164,1,0,2,6,1
4682,1,0,2,4,1
7576,1,0,2,6,1
14969,0,1,2,0,1
17971,1,0,2,2,2
15567,0,1,2,1,2
17878,0,1,2,2,1
7749,1,0,2,2,1
12155,1,0,2,7,1
17326,0,1,2,2,1
11043,1,0,2,4,2
11238,1,0,2,2,1
14163,1,0,2,2,3
3957,1,0,2,6,1
4773,1,0,2,1,2
3399,1,0,2,3,4
3800,0,1,2,3,1
17048,1,0,2,0,1
4739,1,0,2,4,1
12025,1,0,2,7,1
14086,1,0,2,1,2
6134,1,0,2,7,2
12457,1,0,2,4,2
10527,1,0,2,4,3
6757,1,0,2,4,2
15166,1,0,2,6,1
6795,1,0,2,4,1
11610,1,0,2,2,1
14123,1,0,2,2,3
15078,0,1,2,2,1
9485,1,0,2,3,1
17604,0,1,2,5,2
9176,1,0,2,6,3
5455,1,0,2,3,1
5447,1,0,2,4,2
6800,1,0,2,8,1
14661,1,0,2,2,2
7625,1,0,2,8,1
14239,1,0,2,4,1
11472,1,0,2,4,2
5291,1,0,2,4,1
12259,1,0,2,3,1
7111,0,1,2,2,1
13948,1,0,2,3,1
18092,0,1,2,1,1
17157,0,1,2,0,1
15341,1,0,2,2,2
13091,1,0,2,3,1
11749,0,1,2,8,1
6282,1,0,2,6,1
13892,1,0,2,2,1
17577,0,1,2,3,1
13940,1,0,2,7,1
10808,1,0,2,7,1
9160,1,0,2,2,1
1052,0,1,2,1,1
15767,0,1,2,6,1
6794,1,0,2,3,1
9201,1,0,2,3,1
17855,0,1,2,7,1
14086,1,0,2,1,2
18287,0,1,2,2,2
16486,0,1,2,2,1
12635,1,0,2,2,1
4385,1,0,2,1,1
14481,1,0,2,7,1
6104,1,0,2,3,1
6189,1,0,2,2,1
14472,0,1,2,4,1
11811,1,0,2,8,3
14335,0,1,2,7,1
4153,1,0,2,2,1
5856,1,0,2,7,1
6176,1,0,2,3,2
4047,1,0,2,4,1
9761,1,0,2,6,1
15915,1,0,2,2,1
17452,0,1,2,6,1
6757,1,0,2,4,2
15946,1,0,2,2,1
3944,1,0,2,7,1
5155,1,0,2,4,1
15437,0,1,2,2,1
4293,0,1,2,3,2
10324,0,1,2,3,1
10031,1,0,2,4,1
2547,1,0,2,0,2
8306,0,1,2,4,2
5148,1,0,2,6,1
14695,1,0,2,0,2
15365,1,0,2,1,1
11672,1,0,2,7,1
9789,1,0,2,4,1
16658,0,1,2,1,1
5427,1,0,2,7,1
6343,1,0,2,2,4
11320,1,0,2,2,1
13420,1,0,2,6,2
623,1,0,2,0,2
15338,0,1,2,0,1
8232,1,0,2,4,2
12167,1,0,2,8,1
13866,1,0,2,3,1
9446,1,0,2,1,2
8641,1,0,2,3,1
14013,1,0,2,4,1
4690,1,0,2,9,2
13969,1,0,2,2,1
12525,1,0,2,7,1
9356,1,0,2,7,1
5427,1,0,2,7,1
5081,0,1,2,7,1
12626,0,1,2,2,2
10468,1,0,2,3,1
9166,1,0,2,6,1
12291,1,0,2,2,3
7312,1,0,2,3,1
15617,0,1,2,2,1
18344,0,1,2,1,1
10028,1,0,2,4,1
14832,1,0,2,5,1
14458,0,1,2,8,2
11795,1,0,2,7,1
7580,1,0,2,6,1
18631,0,1,2,0,1
17816,0,1,2,6,1
13891,1,0,2,2,2
8139,1,0,2,8,1
9974,1,0,2,4,1
15782,0,1,2,2,2
17799,0,1,2,1,2
16198,1,0,2,0,1
14466,1,0,2,3,2
16211,0,1,2,2,1
4445,0,1,2,3,1
16047,0,1,2,1,1
18347,1,0,2,0,1
14367,1,0,2,4,2
13045,1,0,2,2,1
8142,1,0,2,6,1
11340,1,0,2,3,1
18384,1,0,2,0,1
16153,0,1,2,0,1
11907,1,0,2,4,1
8030,1,0,2,7,1
8428,1,0,2,9,1
8596,0,1,2,3,1
6326,1,0,2,2,1
13982,1,0,2,5,1
9907,1,0,2,2,2
8711,1,0,2,7,1
8171,1,0,2,3,2
12638,1,0,2,2,1
15925,0,1,2,2,2
8023,1,0,2,1,1
4007,1,0,2,7,1
12157,1,0,2,7,2
10399,0,1,2,3,2
7011,0,1,2,7,1
13203,1,0,2,4,3
7296,1,0,2,8,1
15305,0,1,2,5,1
14328,1,0,2,3,1
13504,1,0,2,3,1
17849,0,1,2,1,1
12010,1,0,2,3,1
3788,1,0,2,4,1
8346,1,0,2,3,1
7651,1,0,2,1,1
18384,1,0,2,0,1
14661,1,0,2,2,2
16135,0,1,2,1,1
15830,0,1,2,0,2
5475,0,1,2,4,1
4554,1,0,2,2,2
16666,0,1,2,2,1
8341,1,0,2,6,4
15782,0,1,2,2,2
17650,0,1,2,2,2
17043,0,1,2,1,1
15925,0,1,2,2,2
3649,1,0,2,3,1
5823,1,0,2,1,4
12676,0,1,2,3,1
14122,1,0,2,4,1
1680,0,1,2,1,2
17714,0,1,2,2,1
12535,1,0,2,3,1
14377,1,0,2,1,2
4895,0,1,2,4,1
6194,1,0,2,4,1
8639,1,0,2,3,1
8456,1,0,2,3,1
5555,1,0,2,3,1
9596,1,0,2,3,1
7953,1,0,2,8,1
8664,1,0,2,4,1
17782,0,1,2,0,1
7282,1,0,2,4,1
13420,1,0,2,6,2
4999,1,0,2,1,1
6615,1,0,2,3,1
9778,1,0,2,3,2
3760,0,1,2,3,1
13892,1,0,2,2,1
8962,1,0,2,2,1
15664,0,1,2,4,1
8786,1,0,2,2,4
7030,1,0,2,3,1
11309,1,0,2,2,1
8650,1,0,2,7,1
17026,0,1,2,6,1
5234,0,1,2,4,1
17026,0,1,2,6,1
9549,1,0,2,2,1
7774,1,0,2,3,2
8056,1,0,2,4,1
8665,1,0,2,3,2
12195,0,1,2,4,1
3647,1,0,2,3,1
15288,0,1,2,2,2
3826,0,1,2,4,1
9349,1,0,2,4,2
6170,1,0,2,3,1
11881,1,0,2,3,1
8313,1,0,2,7,2
13134,1,0,2,3,2
4850,1,0,2,3,1
11707,1,0,2,1,3
10867,1,0,2,7,1
13725,0,1,2,4,1
13948,1,0,2,3,1
2189,1,0,2,2,2
14014,1,0,2,1,2
5880,1,0,2,4,1
7039,0,1,2,4,1
10611,0,1,2,2,1
5372,1,0,2,9,1
10953,1,0,2,6,1
3524,1,0,2,3,1
13559,1,0,2,3,4
12006,0,1,2,7,1
7788,1,0,2,9,1
11244,1,0,2,2,3
12466,1,0,2,4,2
14575,1,0,2,3,1
13236,0,1,2,4,1
16737,0,1,2,1,1
12533,1,0,2,4,1
16037,0,1,2,2,1
16998,0,1,2,1,1
10125,1,0,2,9,1
5582,0,1,2,2,1
7579,0,1,2,2,2
5735,1,0,2,3,1
9771,1,0,2,8,1
12813,1,0,2,7,2
13091,1,0,2,3,1
13557,1,0,2,2,1
17722,0,1,2,6,1
6353,1,0,2,6,3
14608,1,0,2,2,1
15092,0,1,2,5,2
11130,1,0,2,3,1
6053,1,0,2,3,2
16937,0,1,2,1,3
8002,1,0,2,8,2
17791,0,1,2,1,1
6073,1,0,2,3,1
17160,0,1,2,1,1
16241,1,0,2,0,1
12338,1,0,2,7,1
17226,0,1,2,2,1
8960,1,0,2,2,1
6282,1,0,2,6,1
12260,1,0,2,3,1
3788,1,0,2,4,1
11068,1,0,2,3,3
11461,1,0,2,7,2
7849,1,0,2,7,3
5590,1,0,2,2,1
16801,1,0,2,2,1
17781,0,1,2,2,1
10033,1,0,2,4,1
7330,1,0,2,2,2
5950,1,0,2,3,2
15341,1,0,2,2,2
9754,1,0,2,4,1
9148,1,0,2,2,1
7473,1,0,2,1,2
3650,1,0,2,4,2
12889,1,0,2,3,1
4208,0,1,2,2,1
6025,0,1,2,7,1
7514,1,0,2,4,1
13145,1,0,2,4,1
11242,1,0,2,2,1
3891,1,0,2,4,1
5739,1,0,2,1,1
10847,1,0,2,2,1
7075,1,0,2,8,1
12195,0,1,2,4,1
9189,1,0,2,7,1
11640,1,0,2,4,2
11244,1,0,2,2,3
16188,0,1,2,2,1
14551,0,1,2,4,1
7324,1,0,2,3,2
10220,0,1,2,2,1
14295,1,0,2,8,1
6304,1,0,2,2,2
13134,1,0,2,3,2
18644,0,1,2,2,1
16384,0,1,2,6,1
10008,1,0,2,6,1
13070,1,0,2,2,1
6235,1,0,2,8,2
8795,1,0,2,3,3
10411,1,0,2,4,1
7670,1,0,2,2,1
14313,1,0,2,7,2
10125,1,0,2,9,1
15738,0,1,2,1,1
7431,1,0,2,2,1
14042,1,0,2,6,1
9595,1,0,2,3,2
3667,0,1,2,3,1
14878,0,1,2,0,1
13425,1,0,2,1,2
8490,1,0,2,2,3
11793,1,0,2,3,3
18086,0,1,2,2,1
14850,1,0,2,1,1
12676,0,1,2,3,1
4742,0,1,2,9,1
12444,0,1,2,2,1
7170,1,0,2,6,2
4797,1,0,2,3,2
12652,1,0,2,3,1
15472,0,1,2,1,1
4965,1,0,2,7,1
14136,1,0,2,4,2
6006,1,0,2,4,1
7425,1,0,2,4,3
15733,0,1,2,7,1
18271,1,0,2,0,1
14950,0,1,2,1,1
5856,1,0,2,7,1
18267,1,0,2,2,1
14756,1,0,2,5,1
5819,1,0,2,8,4
11461,1,0,2,7,2
5714,1,0,2,3,2
13476,1,0,2,3,1
17937,1,0,2,2,2
13523,1,0,2,3,2
11538,1,0,2,6,1
15383,0,1,2,2,1
3717,1,0,2,7,1
5491,1,0,2,2,1
11198,1,0,2,3,1
7757,1,0,2,4,1
10554,1,0,2,1,1
3826,0,1,2,4,1
16236,0,1,2,1,1
17363,1,0,2,3,1
7170,1,0,2,6,2
10648,1,0,2,4,2
13426,1,0,2,3,2
8346,1,0,2,3,1
18631,0,1,2,0,1
17363,1,0,2,3,1
2935,1,0,2,1,1
12540,1,0,2,7,1
5012,1,0,2,2,1
6051,1,0,2,4,1
5790,1,0,2,2,2
4590,1,0,2,6,2
9508,1,0,2,7,2
12908,1,0,2,8,1
5706,1,0,2,4,2
5925,1,0,2,1,1
11681,1,0,2,6,1
14493,0,1,2,4,1
12277,1,0,2,7,1
16030,0,1,2,6,1
7746,1,0,2,4,1
13488,0,1,2,2,1
15239,0,1,2,1,1
14680,0,1,2,1,1
5510,1,0,2,1,1
8816,1,0,2,4,4
15209,1,0,2,0,1
8421,1,0,2,2,1
12535,1,0,2,3,1
7380,1,0,2,2,1
14390,0,1,2,7,1
11420,1,0,2,3,1
15172,0,1,2,1,1
16940,1,0,2,0,1
14386,0,1,2,4,1
13734,1,0,2,4,2
11753,1,0,2,3,2
16331,0,1,2,2,1
16215,0,1,2,1,1
6797,1,0,2,3,1
18191,0,1,2,0,1
16595,0,1,2,7,1
13624,1,0,2,2,1
18420,1,0,2,2,1
7358,1,0,2,3,1
5065,1,0,2,7,1
13665,1,0,2,3,1
11974,1,0,2,3,1
9311,1,0,2,3,1
13004,1,0,2,8,1
8306,0,1,2,4,2
10838,0,1,2,7,2
8018,1,0,2,2,1
14443,1,0,2,3,1
6763,1,0,2,4,1
16589,0,1,2,6,1
12081,1,0,2,3,4
16210,0,1,2,0,2
15185,0,1,2,7,1
8943,1,0,2,2,1
10134,1,0,2,1,1
16716,0,1,2,2,1
4424,1,0,2,7,4
6790,1,0,2,3,1
15794,0,1,2,6,1
14639,1,0,2,3,1
160,1,0,2,2,1
15805,0,1,2,2,1
5234,0,1,2,4,1
9517,1,0,2,4,1
14143,1,0,2,4,4
5278,1,0,2,2,1
18654,0,1,2,0,1
16048,0,1,2,0,1
7506,1,0,2,4,1
5643,1,0,2,4,1
12853,1,0,2,9,2
14481,1,0,2,7,1
8608,1,0,2,6,2
9096,1,0,2,7,1
16002,0,1,2,1,1
17289,0,1,2,1,1
5178,0,1,2,6,1
15223,1,0,2,0,1
17082,0,1,2,2,1
7148,1,0,2,6,1
15225,0,1,2,3,1
17528,1,0,2,1,2
4162,0,1,2,3,1
4293,0,1,2,3,2
11286,1,0,2,8,1
12522,1,0,2,3,1
1068,1,0,2,2,1
15693,0,1,2,5,1
17788,0,1,2,2,1
14413,1,0,2,6,2
8030,1,0,2,7,1
18290,1,0,2,6,1
5929,1,0,2,8,1
17783,0,1,2,2,1
12599,1,0,2,3,1
6291,1,0,2,2,4
5929,1,0,2,8,1
14607,0,1,2,7,1
18124,1,0,2,0,1
17991,0,1,2,2,1
15132,1,0,2,1,2
11943,1,0,2,3,1
12064,1,0,2,4,1
15960,1,0,2,0,1
16429,0,1,2,2,1
10715,1,0,2,9,1
12646,0,1,2,4,1
17244,0,1,2,7,1
18362,1,0,2,3,3
8705,1,0,2,4,1
5717,1,0,2,9,1
12577,0,1,2,7,1
8022,1,0,2,2,1
6219,1,0,2,2,1
4205,0,1,2,7,1
9349,1,0,2,4,2
7581,1,0,2,3,1
8598,1,0,2,4,1
10613,1,0,2,2,1
11809,1,0,2,8,1
10940,1,0,2,7,1
4118,1,0,2,1,2
10778,1,0,2,3,1
13980,1,0,2,4,1
15082,0,1,2,2,1
14295,1,0,2,8,1
12677,1,0,2,3,1
7599,1,0,2,4,2
18287,0,1,2,2,2
16418,1,0,2,0,1
4007,1,0,2,7,1
16693,0,1,2,2,1
4182,1,0,2,8,2
9877,1,0,2,6,1
10176,1,0,2,4,1
6102,1,0,2,8,2
14377,1,0,2,1,2
9994,0,1,2,8,2
10266,1,0,2,3,1
17855,0,1,2,7,1
9826,1,0,2,3,1
12525,1,0,2,7,1
15535,0,1,2,6,1
16801,1,0,2,2,1
9176,1,0,2,6,3
7835,1,0,2,1,1
8708,1,0,2,4,2
5790,1,0,2,2,2
5234,0,1,2,4,1
12136,1,0,2,1,1
7856,1,0,2,3,1
14109,1,0,2,4,1
9130,1,0,2,7,1
3800,0,1,2,3,1
10084,1,0,2,4,2
7833,1,0,2,3,2
11500,1,0,2,4,1
11608,1,0,2,4,1
15970,0,1,2,3,1
1132,0,1,2,0,1
14854,1,0,2,0,1
7663,1,0,2,1,4
4561,1,0,2,6,3
9596,1,0,2,3,1
8451,0,1,2,4,1
17934,1,0,2,2,1
14697,0,1,2,0,1
7431,1,0,2,2,1
14661,1,0,2,2,2
17328,0,1,2,1,1
16289,0,1,2,6,1
11409,1,0,2,2,1
17456,0,1,2,2,1
7604,1,0,2,6,1
4312,1,0,2,8,2
6519,1,0,2,8,1
17619,0,1,2,2,1
14657,0,1,2,1,1
12778,0,1,2,8,1
8412,1,0,2,3,1
5273,1,0,2,4,1
7625,1,0,2,8,1
14534,0,1,2,7,1
3622,1,0,2,2,3
8313,1,0,2,7,2
12820,1,0,2,8,1
15515,0,1,2,1,1
14318,1,0,2,2,1
11444,1,0,2,3,2
3426,1,0,2,4,1
13305,1,0,2,1,1
7763,1,0,2,2,4
7178,1,0,2,7,1
6069,1,0,2,3,1
14260,1,0,2,6,3
10975,1,0,2,3,1
15830,0,1,2,0,2
5052,1,0,2,2,2
12706,1,0,2,7,2
12205,1,0,2,1,1
12158,1,0,2,7,1
14046,1,0,2,3,2
5514,1,0,2,4,2
14443,1,0,2,3,1
9595,1,0,2,3,2
7696,1,0,2,1,1
13190,0,1,2,3,1
5142,1,0,2,7,1
5616,0,1,2,4,1
4827,1,0,2,3,1
11986,0,1,2,4,1
7106,1,0,2,3,1
14372,1,0,2,1,1
8659,0,1,2,4,1
6102,1,0,2,8,2
14409,1,0,2,3,1
15308,1,0,2,2,1
10245,1,0,2,7,2
9791,1,0,2,4,1
17577,0,1,2,3,1
16018,1,0,2,4,2
15984,0,1,2,1,1
3539,1,0,2,7,1
16241,1,0,2,0,1
5378,1,0,2,4,2
7073,1,0,2,2,2
16695,0,1,2,6,1
11443,1,0,2,3,1
10798,1,0,2,8,4
13303,1,0,2,4,1
10618,1,0,2,7,1
5827,0,1,2,4,1
12546,1,0,2,3,1
4273,0,1,2,2,1
4958,1,0,2,1,2
17424,0,1,2,2,1
4208,0,1,2,2,1
3611,1,0,2,6,1
16266,1,0,2,2,1
11756,1,0,2,4,1
6176,1,0,2,3,2
12853,1,0,2,9,2
2419,1,0,2,1,1
17887,0,1,2,6,2
17641,0,1,2,4,2
10125,1,0,2,9,1
9411,1,0,2,3,1
14727,1,0,2,0,1
7822,1,0,2,4,1
14189,1,0,2,7,1
18624,0,1,2,0,1
18657,0,1,2,0,2
17026,0,1,2,6,1
11350,1,0,2,8,1
9889,1,0,2,2,1
6027,1,0,2,7,2
10619,1,0,2,7,1
6826,1,0,2,7,1
17855,0,1,2,7,1
18258,1,0,2,4,2
4849,1,0,2,1,1
8673,0,1,2,4,1
7623,1,0,2,6,2
10196,1,0,2,3,1
12268,1,0,2,1,2
16569,0,1,2,1,1
17814,0,1,2,2,1
15575,1,0,2,0,1
4304,1,0,2,3,2
4182,1,0,2,8,2
14905,0,1,2,1,1
16550,0,1,2,6,1
17271,1,0,2,1,1
13791,0,1,2,6,1
11415,1,0,2,3,1
9064,1,0,2,6,1
7005,1,0,2,3,1
11835,1,0,2,3,1
18191,0,1,2,0,1
14988,0,1,2,1,1
14416,1,0,2,6,4
1132,0,1,2,0,1
11694,1,0,2,6,2
1935,1,0,2,0,1
7862,1,0,2,6,2
12020,1,0,2,7,2
15823,1,0,2,2,1
11075,1,0,2,8,2
11339,1,0,2,7,4
9326,1,0,2,7,3
6321,0,1,2,3,1
18362,1,0,2,3,3
15645,0,1,2,0,1
8383,1,0,2,4,1
17563,0,1,2,2,1
15416,0,1,2,2,3
11485,1,0,2,4,1
14639,1,0,2,3,1
8251,1,0,2,2,1
6790,1,0,2,3,1
5352,1,0,2,8,1
10884,1,0,2,6,1
10399,0,1,2,3,2
11993,1,0,2,4,1
6173,1,0,2,7,4
9648,1,0,2,3,1
9556,1,0,2,2,1
9426,1,0,2,1,2
12963,1,0,2,5,1
18265,0,1,2,2,1
13301,0,1,2,9,1
12636,1,0,2,2,2
9639,0,1,2,7,1
8251,1,0,2,2,1
7812,0,1,2,4,1
5269,1,0,2,3,1
6558,1,0,2,9,1
15660,1,0,2,2,1
18627,1,0,2,5,1
8112,1,0,2,2,1
4589,1,0,2,3,1
10110,1,0,2,8,1
14982,0,1,2,2,1
15444,0,1,2,1,1
14191,1,0,2,7,1
16027,0,1,2,1,1
5481,1,0,2,6,1
12518,1,0,2,4,2
6164,1,0,2,9,1
13455,1,0,2,3,1
6999,1,0,2,4,1
16219,1,0,2,2,1
4895,0,1,2,4,1
14464,1,0,2,1,1
15914,0,1,2,2,1
10823,1,0,2,6,3
12066,1,0,2,7,1
5396,1,0,2,3,1
3730,1,0,2,9,1
3504,1,0,2,2,3
12237,1,0,2,3,1
10281,1,0,2,4,1
15053,0,1,2,2,4
15941,0,1,2,5,1
6760,1,0,2,8,1
10030,1,0,2,4,1
13720,1,0,2,4,1
5727,1,0,2,7,1
17419,0,1,2,0,1
10545,0,1,2,5,3
3810,1,0,2,9,1
13113,1,0,2,7,1
8860,1,0,2,3,1
15052,0,1,2,2,1
17909,1,0,2,1,1
9820,1,0,2,3,1
11998,1,0,2,9,4
8519,1,0,2,3,1
14390,0,1,2,7,1
12670,1,0,2,6,4
16077,0,1,2,0,1
6794,1,0,2,3,1
4175,1,0,2,3,1
6563,1,0,2,3,1
4293,0,1,2,3,2
10378,1,0,2,1,1
4690,1,0,2,9,2
5044,1,0,2,7,1
13800,1,0,2,4,1
11257,1,0,2,2,2
16985,0,1,2,0,1
7279,1,0,2,8,1
10110,1,0,2,8,1
3539,1,0,2,7,1
9498,1,0,2,6,1
10169,1,0,2,7,1
16972,0,1,2,1,1
12418,1,0,2,4,1
12238,1,0,2,7,1
11590,1,0,2,7,4
16447,0,1,2,4,2
6337,0,1,2,2,1
7953,1,0,2,8,1
13557,1,0,2,2,1
9540,1,0,2,3,1
7358,1,0,2,3,1
8998,1,0,2,6,1
8730,1,0,2,4,1
5629,1,0,2,4,1
4889,1,0,2,3,1
7407,1,0,2,2,1
17473,0,1,2,1,2
5880,1,0,2,4,1
12167,1,0,2,8,1
4570,1,0,2,8,1
12862,1,0,2,3,1
6353,1,0,2,6,3
4460,1,0,2,3,1
16276,1,0,2,2,1
9825,1,0,2,8,2
15204,0,1,2,1,1
14465,1,0,2,4,1
12021,0,1,2,8,1
9760,1,0,2,4,1
10820,0,1,2,6,2
6987,1,0,2,9,2
5618,1,0,2,2,4
7184,1,0,2,4,2
12067,0,1,2,3,1
17268,0,1,2,2,1
3760,0,1,2,3,1
18509,1,0,2,0,1
10830,1,0,2,7,1
4847,1,0,2,1,1
11681,1,0,2,6,1
17105,0,1,2,1,1
10554,1,0,2,1,1
7515,1,0,2,2,1
9681,1,0,2,4,1
13955,1,0,2,8,2
32,0,1,2,2,2
532,1,0,2,0,1
5756,1,0,2,2,1
5127,1,0,2,7,1
17950,1,0,2,0,1
13269,1,0,2,7,1
8639,1,0,2,3,1
15472,0,1,2,1,1
12775,1,0,2,6,1
16211,0,1,2,2,1
13845,1,0,2,2,1
7862,1,0,2,6,2
5442,0,1,2,1,1
7203,1,0,2,7,1
3711,1,0,2,3,1
9755,1,0,2,4,1
18222,1,0,2,3,1
15415,0,1,2,2,1
6553,0,1,2,7,1
11580,1,0,2,3,1
12418,1,0,2,4,1
17394,0,1,2,4,1
11433,1,0,2,2,1
9639,0,1,2,7,1
7877,1,0,2,7,1
16384,0,1,2,6,1
4950,1,0,2,6,3
5823,1,0,2,1,4
15692,0,1,2,2,1
11879,0,1,2,4,1
15334,0,1,2,2,1
7625,1,0,2,8,1
8497,1,0,2,2,1
8650,1,0,2,7,1
4535,1,0,2,4,4
16472,1,0,2,2,1
13515,1,0,2,4,3
12003,1,0,2,2,1
7745,1,0,2,3,1
3088,1,0,2,0,1
3846,1,0,2,6,1
15495,0,1,2,2,1
12222,0,1,2,4,1
12387,1,0,2,6,1
13035,1,0,2,4,1
9381,1,0,2,4,1
7537,1,0,2,3,2
3924,1,0,2,7,1
5657,1,0,2,1,1
16750,0,1,2,6,2
10786,1,0,2,4,2
6758,1,0,2,2,1
15515,0,1,2,1,1
16514,0,1,2,2,1
6006,1,0,2,4,1
11155,1,0,2,2,1
11515,1,0,2,4,1
4811,1,0,2,7,1
12660,1,0,2,3,1
14814,1,0,2,0,2
14603,1,0,2,4,2
8485,0,1,2,7,1
4204,1,0,2,2,1
15349,0,1,2,2,1
14467,1,0,2,3,1
12301,1,0,2,7,1
13049,1,0,2,1,1
18095,1,0,2,1,1
9807,1,0,2,4,1
9116,1,0,2,4,1
5715,0,1,2,4,1
1350,1,0,2,1,1
8697,0,1,2,7,1
3993,1,0,2,4,2
17756,0,1,2,2,1
10033,1,0,2,4,1
10611,0,1,2,2,1
12129,0,1,2,2,1
14680,0,1,2,1,1
10200,1,0,2,7,4
8624,1,0,2,6,1
11433,1,0,2,2,1
15363,0,1,2,0,1
16240,0,1,2,2,1
4764,0,1,2,4,1
13706,1,0,2,4,1
13199,1,0,2,4,1
8232,1,0,2,4,2
12477,1,0,2,1,1
12144,0,1,2,6,1
10267,1,0,2,2,1
14292,1,0,2,8,2
8844,1,0,2,7,1
17383,0,1,2,1,1
8297,0,1,2,6,1
18624,0,1,2,0,1
13428,1,0,2,2,1
4682,1,0,2,4,1
16029,0,1,2,2,1
16549,0,1,2,1,1
13289,1,0,2,3,3
8665,1,0,2,3,2
11216,1,0,2,4,1
9898,1,0,2,2,4
12698,1,0,2,3,1
6256,1,0,2,7,2
15447,0,1,2,1,1
17801,0,1,2,4,1
158,0,1,2,0,1
15365,1,0,2,1,1
10929,1,0,2,4,1
7032,1,0,2,3,1
16027,0,1,2,1,1
12064,1,0,2,4,1
7544,1,0,2,7,1
13136,1,0,2,3,1
10100,1,0,2,4,1
10134,1,0,2,1,1
18229,0,1,2,2,1
10459,0,1,2,4,1
3441,1,0,2,1,1
15258,0,1,2,1,1
6987,1,0,2,9,2
17563,0,1,2,2,1
12158,1,0,2,7,1
5719,1,0,2,3,1
14939,0,1,2,2,1
9971,1,0,2,7,3
7599,1,0,2,4,2
10217,1,0,2,2,1
7032,1,0,2,3,1
8235,1,0,2,1,2
11270,0,1,2,3,2
12533,1,0,2,4,1
10176,1,0,2,4,1
17328,0,1,2,1,1
17781,0,1,2,2,1
9890,1,0,2,3,1
5059,1,0,2,3,1
13713,1,0,2,6,2
5632,1,0,2,4,1
8841,1,0,2,7,1
13277,1,0,2,4,1
4691,1,0,2,9,1
15480,0,1,2,2,1
9206,0,1,2,4,2
12220,1,0,2,3,1
14609,1,0,2,2,3
12259,1,0,2,3,1
13952,1,0,2,3,2
7539,1,0,2,3,1
4114,0,1,2,4,2
5555,1,0,2,3,1
15692,0,1,2,2,1
13940,1,0,2,7,1
13952,1,0,2,3,2
10820,0,1,2,6,2
14164,0,1,2,2,1
3426,1,0,2,4,1
18491,1,0,2,2,1
16419,1,0,2,2,1
11694,1,0,2,6,2
6823,1,0,2,2,1
13295,1,0,2,9,1
14318,1,0,2,2,1
15140,0,1,2,2,1
6885,1,0,2,1,3
2264,0,1,2,2,1
1616,0,1,2,2,1
15415,0,1,2,2,1
16379,0,1,2,2,1
10597,1,0,2,2,1
12670,1,0,2,6,4
13876,0,1,2,9,1
18236,1,0,2,3,1
9433,1,0,2,1,1
1935,1,0,2,0,1
18643,0,1,2,0,1
14850,1,0,2,1,1
12654,1,0,2,3,1
16554,1,0,2,4,1
4704,1,0,2,8,1
7005,1,0,2,3,1
9896,1,0,2,2,2
15028,0,1,2,2,1
7684,1,0,2,4,1
17641,0,1,2,4,2
10838,0,1,2,7,2
9791,1,0,2,4,1
10078,1,0,2,4,1
6719,1,0,2,3,1
4570,1,0,2,8,1
17849,0,1,2,1,1
4793,0,1,2,7,1
7978,1,0,2,8,1
10770,0,1,2,4,1
4381,1,0,2,4,3
3535,1,0,2,3,1
4681,0,1,2,7,2
7038,0,1,2,6,2
10595,0,1,2,7,1
11151,1,0,2,2,1
12926,1,0,2,7,1
9445,1,0,2,6,1
15680,1,0,2,2,1
7532,1,0,2,7,2
8641,1,0,2,3,1
17474,0,1,2,2,1
14020,1,0,2,8,1
7948,1,0,2,3,4
15434,0,1,2,0,1
15806,0,1,2,2,2
14661,1,0,2,2,2
13852,0,1,2,1,1
9118,1,0,2,7,2
11975,1,0,2,2,2
17014,0,1,2,1,1
17130,0,1,2,1,1
3667,0,1,2,3,1
7955,1,0,2,7,1
15846,0,1,2,8,1
9464,1,0,2,1,1
15832,0,1,2,2,1
6155,1,0,2,4,1
16248,0,1,2,1,1
14143,1,0,2,4,4
12568,1,0,2,6,1
13303,1,0,2,4,1
13655,1,0,2,1,1
8664,1,0,2,4,1
12477,1,0,2,1,1
4192,1,0,2,7,1
12235,1,0,2,3,1
11567,1,0,2,4,1
14518,1,0,2,3,1
15258,0,1,2,1,1
10515,1,0,2,2,1
5234,0,1,2,4,1
7812,0,1,2,4,1
8966,0,1,2,7,1
8171,1,0,2,3,2
12826,0,1,2,9,2
5638,1,0,2,4,1
8039,1,0,2,1,1
11018,0,1,2,3,1
7368,1,0,2,7,4
14074,0,1,2,4,1
6200,1,0,2,4,1
16289,0,1,2,6,1
11872,1,0,2,4,1
17271,1,0,2,1,1
7248,1,0,2,7,1
5739,1,0,2,1,1
18289,1,0,2,1,2
6321,0,1,2,3,1
9189,1,0,2,7,1
11028,0,1,2,2,1
9124,1,0,2,1,1
15308,1,0,2,2,1
4850,1,0,2,3,1
12732,1,0,2,2,1
6458,1,0,2,3,1
6353,1,0,2,6,3
17010,0,1,2,2,1
15780,1,0,2,0,1
11602,1,0,2,4,1
12879,1,0,2,2,2
18043,1,0,2,0,1
2334,0,1,2,2,1
5888,0,1,2,3,4
12867,1,0,2,1,1
11580,1,0,2,3,1
13303,1,0,2,4,1
17067,0,1,2,2,1
7473,1,0,2,1,2
4704,1,0,2,8,1
3650,1,0,2,4,2
18559,1,0,2,2,1
15812,0,1,2,2,1
12369,0,1,2,4,1
3383,1,0,2,3,1
17841,0,1,2,2,1
15002,0,1,2,1,1
7358,1,0,2,3,1
16897,1,0,2,0,1
7073,1,0,2,2,2
14074,0,1,2,4,1
9638,1,0,2,7,2
15457,0,1,2,0,1
17328,0,1,2,1,1
8139,1,0,2,8,1
7663,1,0,2,1,4
11672,1,0,2,7,1
14745,1,0,2,0,3
16766,0,1,2,0,1
8656,0,1,2,8,2
15660,1,0,2,2,1
606,1,0,2,0,2
11753,1,0,2,3,2
6270,1,0,2,7,1
17661,0,1,2,2,1
12192,1,0,2,7,3
14905,0,1,2,1,1
3441,1,0,2,1,1
4239,1,0,2,7,2
13051,1,0,2,3,1
9071,0,1,2,8,2
14286,1,0,2,7,3
6324,1,0,2,2,1
9477,1,0,2,7,1
1589,1,0,2,2,1
532,1,0,2,0,1
14617,1,0,2,1,1
17171,1,0,2,0,1
3353,1,0,2,3,1
5555,1,0,2,3,1
16427,0,1,2,1,1
5727,1,0,2,7,1
8389,1,0,2,4,1
656,1,0,2,0,1
10820,0,1,2,6,2
13305,1,0,2,1,1
17675,0,1,2,1,1
10820,0,1,2,6,2
3538,1,0,2,7,1
11850,1,0,2,3,1
6107,1,0,2,4,1
14249,1,0,2,2,1
3837,1,0,2,9,1
4155,0,1,2,4,1
5582,0,1,2,2,1
14286,1,0,2,7,3
16700,1,0,2,2,1
6904,1,0,2,1,1
7661,1,0,2,1,3
4924,0,1,2,1,1
13145,1,0,2,4,1
9816,1,0,2,3,1
8451,0,1,2,4,1
7537,1,0,2,3,2
3788,1,0,2,4,1
13151,1,0,2,4,1
9487,1,0,2,3,1
13533,1,0,2,8,1
13763,1,0,2,3,1
8684,1,0,2,7,2
4677,1,0,2,1,4
10742,1,0,2,9,3
8412,1,0,2,3,1
17814,0,1,2,2,1
11429,1,0,2,3,1
15169,0,1,2,1,1
3649,1,0,2,3,1
14932,1,0,2,2,1
5095,1,0,2,7,1
10413,1,0,2,4,1
8139,1,0,2,8,1
14240,1,0,2,2,1
13887,0,1,2,3,1
12760,1,0,2,3,1
15805,0,1,2,2,1
9487,1,0,2,3,1
14811,0,1,2,0,1
17659,0,1,2,2,1
9121,1,0,2,7,1
7793,1,0,2,4,3
6025,0,1,2,7,1
10928,1,0,2,4,1
8212,0,1,2,4,1
16884,0,1,2,2,1
10907,0,1,2,4,2
14923,0,1,2,6,1
17708,0,1,2,2,1
11485,1,0,2,4,1
5026,0,1,2,4,1
17112,0,1,2,1,1
10770,0,1,2,4,1
8337,1,0,2,3,1
9446,1,0,2,1,2
16813,0,1,2,3,1
13486,1,0,2,3,1
15002,0,1,2,1,1
3760,0,1,2,3,1
18408,0,1,2,0,1
15960,1,0,2,0,1
10250,1,0,2,7,1
18344,0,1,2,1,1
10284,1,0,2,1,1
10922,1,0,2,4,1
10906,1,0,2,2,1
6170,1,0,2,3,1
3646,1,0,2,2,1
18355,1,0,2,3,2
15334,0,1,2,2,1
8018,1,0,2,2,1
1457,1,0,2,0,1
15314,1,0,2,5,1
17383,0,1,2,1,1
8182,1,0,2,1,2
8232,1,0,2,4,2
16700,1,0,2,2,1
14607,0,1,2,7,1
9074,1,0,2,3,1
18603,0,1,2,2,1
10408,1,0,2,7,1
17085,0,1,2,0,1
10346,1,0,2,4,1
8127,1,0,2,3,1
12760,1,0,2,3,1
7156,1,0,2,1,1
4654,1,0,2,7,1
8451,0,1,2,4,1
17504,0,1,2,3,1
11727,1,0,2,3,1
10220,0,1,2,2,1
7889,1,0,2,4,1
9254,0,1,2,4,1
18272,0,1,2,4,1
12462,1,0,2,4,1
12060,1,0,2,7,1
14788,0,1,2,2,1
14367,1,0,2,4,2
8530,0,1,2,6,1
6991,1,0,2,6,2
12020,1,0,2,7,2
12826,0,1,2,9,2
15233,1,0,2,0,1
14939,0,1,2,2,1
17835,0,1,2,7,1
7399,1,0,2,4,1
12291,1,0,2,2,3
8848,1,0,2,7,1
6203,1,0,2,3,2
6027,1,0,2,7,2
16090,0,1,2,1,1
11244,1,0,2,2,3
3522,1,0,2,1,2
12732,1,0,2,2,1
11499,1,0,2,4,4
4974,1,0,2,1,1
10270,1,0,2,3,2
16241,1,0,2,0,1
17675,0,1,2,1,1
6993,1,0,2,7,1
14037,1,0,2,3,1
8493,1,0,2,2,1
14198,1,0,2,3,1
3826,0,1,2,4,1
16318,0,1,2,0,1
13034,1,0,2,4,1
16639,0,1,2,1,3
15288,0,1,2,2,2
5204,1,0,2,6,1
14405,1,0,2,4,1
12750,1,0,2,4,4
7593,1,0,2,3,2
13134,1,0,2,3,2
16350,0,1,2,2,1
17909,1,0,2,1,1
7514,1,0,2,4,1
14192,1,0,2,7,2
623,1,0,2,0,2
4047,1,0,2,4,1
18352,0,1,2,2,2
8596,0,1,2,3,1
7593,1,0,2,3,2
5455,1,0,2,3,1
12058,0,1,2,2,2
4987,0,1,2,7,2
6868,1,0,2,3,1
11157,1,0,2,2,1
11721,1,0,2,1,2
5514,1,0,2,4,2
18070,0,1,2,0,1
11741,1,0,2,9,1
11410,1,0,2,2,1
9506,1,0,2,7,1
17228,0,1,2,7,1
7543,1,0,2,3,1
8596,0,1,2,3,1
10602,0,1,2,3,1
9556,1,0,2,2,1
17500,1,0,2,4,2
15941,0,1,2,5,1
8070,1,0,2,1,1
10832,1,0,2,7,2
9794,1,0,2,1,2
10567,0,1,2,2,1
11433,1,0,2,2,1
13045,1,0,2,2,1
4007,1,0,2,7,1
9215,1,0,2,6,1
7307,1,0,2,4,1
7407,1,0,2,2,1
10281,1,0,2,4,1
8139,1,0,2,8,1
14372,1,0,2,1,1
16934,0,1,2,1,1
4847,1,0,2,1,1
8595,1,0,2,4,1
13486,1,0,2,3,1
17638,0,1,2,6,4
6123,1,0,2,2,1
4510,1,0,2,8,1
10297,1,0,2,6,2
7705,1,0,2,3,2
13102,1,0,2,6,1
13152,1,0,2,4,3
16290,0,1,2,3,1
12433,1,0,2,1,1
8923,0,1,2,4,1
11873,0,1,2,4,1
3649,1,0,2,3,1
11761,1,0,2,1,1
6774,1,0,2,3,1
12155,1,0,2,7,1
14672,1,0,2,2,1
18316,1,0,2,1,1
8218,0,1,2,9,1
14946,0,1,2,1,1
7639,1,0,2,6,1
5549,1,0,2,2,1
15708,1,0,2,0,2
7011,0,1,2,7,1
10200,1,0,2,7,4
8389,1,0,2,4,1
4663,1,0,2,3,1
4047,1,0,2,4,1
14443,1,0,2,3,1
10723,1,0,2,7,1
13557,1,0,2,2,1
3385,1,0,2,3,1
13600,1,0,2,8,1
11408,1,0,2,2,1
16045,0,1,2,1,1
8306,0,1,2,4,2
13593,1,0,2,8,1
5638,1,0,2,4,1
12097,1,0,2,3,1
13102,1,0,2,6,1
17479,1,0,2,0,1
4849,1,0,2,1,1
6241,1,0,2,2,1
4811,1,0,2,7,1
13887,0,1,2,3,1
16266,1,0,2,2,1
13417,1,0,2,1,1
7380,1,0,2,2,1
5550,1,0,2,3,1
3690,1,0,2,7,1
15319,0,1,2,5,1
6615,1,0,2,3,1
9895,0,1,2,2,1
17444,0,1,2,1,1
14453,1,0,2,7,1
3399,1,0,2,3,4
17121,0,1,2,3,1
15575,1,0,2,0,1
13852,0,1,2,1,1
16666,0,1,2,2,1
13034,1,0,2,4,1
11541,1,0,2,6,1
11660,1,0,2,3,1
14192,1,0,2,7,2
16945,1,0,2,2,1
11499,1,0,2,4,4
10102,1,0,2,3,1
11811,1,0,2,8,3
10599,1,0,2,2,1
6195,1,0,2,4,1
819,0,1,2,2,1
13605,1,0,2,8,1
15841,0,1,2,4,1
16997,0,1,2,2,1
13363,1,0,2,3,1
10742,1,0,2,9,3
6488,1,0,2,7,1
16005,0,1,2,2,2
15162,1,0,2,0,1
5274,1,0,2,7,1
7788,1,0,2,9,1
16293,1,0,2,1,2
4424,1,0,2,7,4
5133,1,0,2,7,2
14123,1,0,2,2,3
4530,1,0,2,8,1
17085,0,1,2,0,1
4001,1,0,2,4,1
18085,1,0,2,0,1
16835,1,0,2,2,1
10284,1,0,2,1,1
18535,0,1,2,2,1
8372,0,1,2,1,1
6082,1,0,2,3,1
5937,1,0,2,3,1
3812,1,0,2,9,1
5303,1,0,2,7,1
14111,1,0,2,4,2
16236,0,1,2,1,1
9176,1,0,2,6,3
15334,0,1,2,2,1
8474,1,0,2,8,1
8685,1,0,2,7,1
15603,1,0,2,1,1
9130,1,0,2,7,1
5432,1,0,2,7,2
11130,1,0,2,3,1
8608,1,0,2,6,2
4827,1,0,2,3,1
6018,1,0,2,3,1
12238,1,0,2,7,1
16229,1,0,2,1,1
7822,1,0,2,4,1
5002,1,0,2,3,1
15941,0,1,2,5,1
4242,0,1,2,8,1
4040,1,0,2,8,1
10749,1,0,2,7,1
10940,1,0,2,7,1
8545,1,0,2,2,1
15112,0,1,2,2,1
667,1,0,2,0,1
18413,1,0,2,2,1
9982,1,0,2,3,1
15801,0,1,2,2,1
14636,0,1,2,3,1
5148,1,0,2,6,1
15521,0,1,2,2,1
8421,1,0,2,2,1
7996,1,0,2,3,2
17468,1,0,2,0,1
13021,1,0,2,1,1
5331,0,1,2,6,1
8317,1,0,2,3,1
16038,0,1,2,2,2
3952,0,1,2,2,1
11669,1,0,2,3,1
10930,1,0,2,7,1
16027,0,1,2,1,1
3634,0,1,2,8,2
15711,0,1,2,0,1
6282,1,0,2,6,1
17171,1,0,2,0,1
11891,1,0,2,9,4
13337,1,0,2,1,2
12223,0,1,2,4,1
15107,0,1,2,7,1
15545,0,1,2,2,1
14534,0,1,2,7,1
10922,1,0,2,4,1
11497,1,0,2,7,3
17878,0,1,2,2,1
15372,0,1,2,1,1
12732,1,0,2,2,1
13402,1,0,2,6,1
16891,0,1,2,0,1
8683,1,0,2,7,1
14680,0,1,2,1,1
10863,0,1,2,7,1
15512,0,1,2,1,1
16198,1,0,2,0,1
15476,0,1,2,2,2
14372,1,0,2,1,1
16752,0,1,2,2,1
14832,1,0,2,5,1
12654,1,0,2,3,1
11808,1,0,2,8,1
13322,1,0,2,8,1
7877,1,0,2,7,1
10671,1,0,2,2,1
8556,1,0,2,1,1
15846,0,1,2,8,1
5349,1,0,2,6,1
5957,1,0,2,4,1
14981,0,1,2,1,1
14983,0,1,2,2,1
13559,1,0,2,3,4
10708,1,0,2,6,2
7238,1,0,2,8,1
11483,1,0,2,9,2
11018,0,1,2,3,1
14657,0,1,2,1,1
5730,0,1,2,1,2
12479,1,0,2,8,1
9309,1,0,2,3,2
16029,0,1,2,2,1
16658,0,1,2,1,1
12291,1,0,2,2,3
15476,0,1,2,2,2
18271,1,0,2,0,1
9677,1,0,2,4,1
8751,1,0,2,3,1
4675,1,0,2,6,2
11096,1,0,2,8,4
14672,1,0,2,2,1
18381,1,0,2,1,3
13108,1,0,2,7,1
14870,0,1,2,3,1
7291,1,0,2,3,1
7382,1,0,2,7,2
13070,1,0,2,2,1
14102,1,0,2,7,1
9963,0,1,2,7,1
9349,1,0,2,4,2
5957,1,0,2,4,1
7368,1,0,2,7,4
6885,1,0,2,1,3
13952,1,0,2,3,2
9405,1,0,2,3,2
5951,1,0,2,3,1
12193,1,0,2,7,1
4114,0,1,2,4,2
17391,1,0,2,2,1
15495,0,1,2,2,1
7599,1,0,2,4,2
9294,1,0,2,3,1
5442,0,1,2,1,1
15112,0,1,2,2,1
160,1,0,2,2,1
15649,0,1,2,7,1
13190,0,1,2,3,1
5360,1,0,2,8,1
11157,1,0,2,2,1
17313,0,1,2,2,1
8286,1,0,2,7,1
16176,0,1,2,2,1
3787,1,0,2,4,1
16988,0,1,2,7,1
12431,1,0,2,1,1
13800,1,0,2,4,1
2490,0,1,2,2,1
18529,0,1,2,4,1
3522,1,0,2,1,2
15365,1,0,2,1,1
13711,1,0,2,1,2
11220,1,0,2,3,2
14173,1,0,2,4,4
11761,1,0,2,1,1
14164,0,1,2,2,1
11986,0,1,2,4,1
7306,1,0,2,3,1
14932,1,0,2,2,1
15521,0,1,2,2,1
7670,1,0,2,2,1
11136,1,0,2,3,1
17157,0,1,2,0,1
16248,0,1,2,1,1
17582,0,1,2,4,1
4625,0,1,2,8,1
11414,1,0,2,3,1
8923,0,1,2,4,1
193,0,1,2,4,1
16916,1,0,2,1,1
10200,1,0,2,7,4
6201,1,0,2,2,1
15970,0,1,2,3,1
10595,0,1,2,7,1
13969,1,0,2,2,1
5877,1,0,2,4,1
16219,1,0,2,2,1
4499,1,0,2,3,1
7822,1,0,2,4,1
15291,0,1,2,0,1
6006,1,0,2,4,1
11157,1,0,2,2,1
16762,0,1,2,3,1
18367,0,1,2,6,1
4226,1,0,2,2,1
6278,1,0,2,6,2
3383,1,0,2,3,1
7227,0,1,2,2,1
13091,1,0,2,3,1
6310,1,0,2,2,1
8490,1,0,2,2,3
14936,0,1,2,2,1
17963,0,1,2,2,1
13895,1,0,2,9,1
11998,1,0,2,9,4
18600,0,1,2,2,1
3611,1,0,2,6,1
12533,1,0,2,4,1
10025,1,0,2,4,1
9381,1,0,2,4,1
4449,1,0,2,7,1
8297,0,1,2,6,1
3088,1,0,2,0,1
12627,1,0,2,2,2
12585,1,0,2,3,1
9008,1,0,2,3,1
10013,1,0,2,6,1
15083,0,1,2,0,1
18270,1,0,2,0,1
11873,0,1,2,4,1
12826,0,1,2,9,2
16884,0,1,2,2,1
10997,1,0,2,6,1
6396,1,0,2,3,2
6130,0,1,2,4,2
17284,0,1,2,8,1
7684,1,0,2,4,1
6173,1,0,2,7,4
13814,1,0,2,3,1
16157,0,1,2,3,1
14717,0,1,2,1,1
15290,1,0,2,0,1
8639,1,0,2,3,1
6332,1,0,2,2,1
14313,1,0,2,7,2
13279,1,0,2,4,1
14950,0,1,2,1,1
14102,1,0,2,7,1
5617,1,0,2,4,2
4894,1,0,2,7,1
5154,1,0,2,4,1
13982,1,0,2,5,1
17158,0,1,2,1,1
7312,1,0,2,3,1
2467,0,1,2,8,1
10008,1,0,2,6,1
16988,0,1,2,7,1
16331,0,1,2,2,1
3988,1,0,2,6,3
15995,0,1,2,6,1
9858,1,0,2,2,2
3352,1,0,2,0,1
5934,1,0,2,8,1
10863,0,1,2,7,1
17768,0,1,2,3,1
5218,0,1,2,4,2
17326,0,1,2,2,1
12585,1,0,2,3,1
4209,1,0,2,7,1
15365,1,0,2,1,1
12622,1,0,2,7,2
16711,0,1,2,1,1
9837,0,1,2,4,2
1068,1,0,2,2,1
12926,1,0,2,7,1
14255,1,0,2,4,1
7928,1,0,2,2,1
13140,1,0,2,1,3
15925,0,1,2,2,2
18323,1,0,2,8,2
4315,0,1,2,4,1
15428,1,0,2,2,2
15603,1,0,2,1,1
16331,0,1,2,2,1
4245,1,0,2,7,1
17528,1,0,2,1,2
5735,1,0,2,3,1
7238,1,0,2,8,1
4145,1,0,2,2,1
3747,1,0,2,1,1
6264,1,0,2,2,3
7016,1,0,2,2,2
6332,1,0,2,2,1
16047,0,1,2,1,1
9649,1,0,2,3,3
9807,1,0,2,4,1
11408,1,0,2,2,1
16595,0,1,2,7,1
15239,0,1,2,1,1
11235,1,0,2,8,1
12816,1,0,2,8,1
3940,0,1,2,4,1
10655,0,1,2,4,1
4797,1,0,2,3,2
11602,1,0,2,4,1
4572,1,0,2,7,2
12205,1,0,2,1,1
12975,1,0,2,6,1
7105,1,0,2,4,1
18501,1,0,2,0,1
10635,1,0,2,8,1
4950,1,0,2,6,3
16981,0,1,2,7,1
12985,1,0,2,9,1
12654,1,0,2,3,1
12249,1,0,2,1,1
4414,1,0,2,7,1
16695,0,1,2,6,1
7288,1,0,2,4,2
15927,1,0,2,0,1
8646,1,0,2,2,1
10054,1,0,2,1,1
3896,1,0,2,2,1
5361,1,0,2,1,1
18555,1,0,2,0,1
12568,1,0,2,6,1
15794,0,1,2,6,1
8182,1,0,2,1,2
3944,1,0,2,7,1
4435,1,0,2,2,1
16486,0,1,2,2,1
13004,1,0,2,8,1
16985,0,1,2,0,1
4220,1,0,2,3,1
12142,1,0,2,6,1
17823,0,1,2,0,1
13488,0,1,2,2,1
5059,1,0,2,3,1
14140,1,0,2,4,2
17048,1,0,2,0,1
4145,1,0,2,2,1
5444,0,1,2,6,1
7812,0,1,2,4,1
193,0,1,2,4,1
16813,0,1,2,3,1
15795,0,1,2,0,1
17123,0,1,2,1,1
10877,1,0,2,6,1
15437,0,1,2,2,1
8641,1,0,2,3,1
3607,1,0,2,6,1
11346,1,0,2,4,1
17722,0,1,2,6,1
17482,0,1,2,1,1
16985,0,1,2,0,1
12301,1,0,2,7,1
8999,1,0,2,6,1
11776,1,0,2,3,1
16037,0,1,2,2,1
8485,0,1,2,7,1
15711,0,1,2,0,1
7425,1,0,2,4,3
8530,0,1,2,6,1
3078,1,0,2,2,1
12597,1,0,2,3,1
18300,1,0,2,0,1
7996,1,0,2,3,2
4897,0,1,2,4,1
9895,0,1,2,2,1
3674,1,0,2,7,2
5404,1,0,2,3,1
11361,1,0,2,1,1
14874,0,1,2,1,2
6721,1,0,2,4,1
6264,1,0,2,2,3
15645,0,1,2,0,1
13706,1,0,2,4,1
8760,1,0,2,3,1
5739,1,0,2,1,1
4175,1,0,2,3,1
9733,1,0,2,1,4
9582,1,0,2,8,1
14516,0,1,2,3,2
10655,0,1,2,4,1
5650,0,1,2,4,1
8456,1,0,2,3,1
12540,1,0,2,7,1
3715,1,0,2,7,1
13876,0,1,2,9,1
14239,1,0,2,4,1
3805,1,0,2,7,1
1820,1,0,2,2,1
17983,0,1,2,1,1
10413,1,0,2,4,1
10808,1,0,2,7,1
17471,0,1,2,1,1
8702,1,0,2,2,1
12671,1,0,2,6,2
4726,1,0,2,7,1
7160,1,0,2,6,1
1187,0,1,2,0,1
12559,1,0,2,4,1
15708,1,0,2,0,2
2282,0,1,2,2,1
17286,0,1,2,2,1
12145,0,1,2,6,2
9392,1,0,2,1,1
6237,0,1,2,8,1
6337,0,1,2,2,1
6699,1,0,2,7,1
12626,0,1,2,2,2
16830,0,1,2,2,1
17779,0,1,2,1,1
7458,0,1,2,2,1
17582,0,1,2,4,1
7920,1,0,2,4,1
8907,1,0,2,3,1
15005,0,1,2,7,1
14279,1,0,2,3,1
10277,1,0,2,8,1
14718,0,1,2,2,1
4814,1,0,2,3,1
7965,1,0,2,8,1
5472,1,0,2,2,1
12291,1,0,2,2,3
10468,1,0,2,3,1
6164,1,0,2,9,1
16758,0,1,2,7,1
7405,1,0,2,4,3
10291,1,0,2,8,1
5112,1,0,2,7,1
15405,1,0,2,0,2
10648,1,0,2,4,2
18399,0,1,2,2,1
7368,1,0,2,7,4
4444,1,0,2,3,1
7073,1,0,2,2,2
15841,0,1,2,4,1
4764,0,1,2,4,1
5104,1,0,2,6,1
18267,1,0,2,2,1
5826,1,0,2,1,1
9096,1,0,2,7,1
5372,1,0,2,9,1
5157,1,0,2,1,1
3353,1,0,2,3,1
8127,1,0,2,3,1
14981,0,1,2,1,1
12627,1,0,2,2,2
3536,1,0,2,7,1
10013,1,0,2,6,1
17656,0,1,2,2,1
5433,1,0,2,6,1
16057,1,0,2,1,2
12747,1,0,2,4,1
17379,0,1,2,0,1
18643,0,1,2,0,1
13916,1,0,2,3,1
7384,1,0,2,8,2
18603,0,1,2,2,1
18475,0,1,2,2,2
9608,1,0,2,6,1
1371,1,0,2,0,1
532,1,0,2,0,1
6540,1,0,2,4,1
14296,1,0,2,8,1
10266,1,0,2,3,1
16027,0,1,2,1,1
5112,1,0,2,7,1
14756,1,0,2,5,1
8760,1,0,2,3,1
8497,1,0,2,2,1
15239,0,1,2,1,1
3950,1,0,2,6,1
10738,1,0,2,9,2
14396,1,0,2,3,1
3462,0,1,2,2,1
12235,1,0,2,3,1
6705,1,0,2,4,2
15291,0,1,2,0,1
18433,1,0,2,2,1
12097,1,0,2,3,1
15004,0,1,2,0,2
17310,1,0,2,1,1
16752,0,1,2,2,1
4683,0,1,2,9,1
5687,1,0,2,1,1
9971,1,0,2,7,3
14405,1,0,2,4,1
10957,1,0,2,1,1
11484,1,0,2,9,1
3846,1,0,2,6,1
13417,1,0,2,1,1
14932,1,0,2,2,1
5438,1,0,2,6,1
9648,1,0,2,3,1
10057,1,0,2,6,1
9608,1,0,2,6,1
6264,1,0,2,2,3
12985,1,0,2,9,1
10383,0,1,2,2,1
4965,1,0,2,7,1
12862,1,0,2,3,1
11590,1,0,2,7,4
18279,1,0,2,2,1
15225,0,1,2,3,1
6786,1,0,2,3,1
13812,1,0,2,3,1
12148,1,0,2,1,4
3922,1,0,2,4,3
10648,1,0,2,4,2
11350,1,0,2,8,1
16150,0,1,2,1,1
14158,1,0,2,3,3
606,1,0,2,0,2
3611,1,0,2,6,1
12834,1,0,2,3,1
3967,1,0,2,7,2
6211,1,0,2,2,2
10562,1,0,2,2,2
14453,1,0,2,7,1
13422,1,0,2,6,1
15995,0,1,2,6,1
7697,1,0,2,8,1
14079,1,0,2,1,4
4871,1,0,2,4,1
5827,0,1,2,4,1
15135,0,1,2,4,2
10069,1,0,2,1,1
17195,0,1,2,6,1
17730,0,1,2,2,2
8721,0,1,2,4,1
11730,1,0,2,2,4
9453,1,0,2,4,1
2120,0,1,2,2,1
5267,1,0,2,4,1
5648,1,0,2,4,1
6639,0,1,2,8,2
10245,1,0,2,7,2
3017,1,0,2,1,1
8372,0,1,2,1,1
15805,0,1,2,2,1
14603,1,0,2,4,2
4910,1,0,2,1,1
8389,1,0,2,4,1
16180,0,1,2,1,1
8816,1,0,2,4,4
13114,1,0,2,7,1
14632,1,0,2,3,1
7005,1,0,2,3,1
6176,1,0,2,3,2
17887,0,1,2,6,2
5648,1,0,2,4,1
17722,0,1,2,6,1
17592,0,1,2,1,1
9296,1,0,2,3,2
12070,1,0,2,3,1
17479,1,0,2,0,1
5915,1,0,2,3,1
15341,1,0,2,2,2
656,1,0,2,0,1
13236,0,1,2,4,1
4297,1,0,2,2,1
10265,1,0,2,4,1
17563,0,1,2,2,1
4383,1,0,2,7,1
8421,1,0,2,2,1
8108,0,1,2,4,3
6987,1,0,2,9,2
2419,1,0,2,1,1
12622,1,0,2,7,2
18657,0,1,2,0,2
13540,1,0,2,8,1
5950,1,0,2,3,2
17783,0,1,2,2,1
14609,1,0,2,2,3
3716,1,0,2,8,1
8885,1,0,2,2,2
16479,0,1,2,2,1
7079,1,0,2,8,1
4739,1,0,2,4,1
12128,1,0,2,2,1
13600,1,0,2,8,1
6304,1,0,2,2,2
11924,1,0,2,4,1
9742,1,0,2,9,1
10040,1,0,2,7,1
4714,1,0,2,7,2
6082,1,0,2,3,1
15185,0,1,2,7,1
2120,0,1,2,2,1
17714,0,1,2,2,1
9296,1,0,2,3,2
7223,1,0,2,8,1
1187,0,1,2,0,1
15177,0,1,2,1,1
8297,0,1,2,6,1
14164,0,1,2,2,1
14378,1,0,2,1,1
10550,1,0,2,4,2
13508,1,0,2,4,1
4726,1,0,2,7,1
16998,0,1,2,1,1
3600,0,1,2,6,1
8641,1,0,2,3,1
10461,1,0,2,3,3
10187,1,0,2,3,2
8313,1,0,2,7,2
8070,1,0,2,1,1
10960,1,0,2,1,1
16897,1,0,2,0,1
13287,1,0,2,3,1
9835,1,0,2,4,2
1970,0,1,2,2,1
14821,0,1,2,1,1
7670,1,0,2,2,1
6904,1,0,2,1,1
14814,1,0,2,0,2
14335,0,1,2,7,1
1733,1,0,2,2,1
7681,1,0,2,4,1
17983,0,1,2,1,1
9596,1,0,2,3,1
8858,1,0,2,7,2
4530,1,0,2,8,1
10742,1,0,2,9,3
4561,1,0,2,6,3
11157,1,0,2,2,1
9556,1,0,2,2,1
10605,1,0,2,6,1
11408,1,0,2,2,1
9700,1,0,2,4,2
10823,1,0,2,6,3
16384,0,1,2,6,1
4230,1,0,2,4,1
8863,1,0,2,3,1
14902,0,1,2,2,1
16158,0,1,2,2,1
15794,0,1,2,6,1
15225,0,1,2,3,1
13019,0,1,2,1,2
7291,1,0,2,3,1
17313,0,1,2,2,1
8030,1,0,2,7,1
12578,1,0,2,7,2
5882,1,0,2,4,1
12020,1,0,2,7,2
6308,1,0,2,4,1
5352,1,0,2,8,1
5311,1,0,2,7,1
16769,1,0,2,0,1
18657,0,1,2,0,2
15806,0,1,2,2,2
4814,1,0,2,3,1
4362,1,0,2,7,1
9861,1,0,2,2,1
17173,0,1,2,0,1
17473,0,1,2,1,2
11616,1,0,2,6,4
15982,1,0,2,2,1
6123,1,0,2,2,1
12416,0,1,2,4,1
5682,1,0,2,7,1
17413,0,1,2,7,1
17061,0,1,2,1,1
5061,1,0,2,3,1
4691,1,0,2,9,1
13945,1,0,2,7,2
8979,1,0,2,6,3
6622,1,0,2,3,3
13289,1,0,2,3,3
6258,1,0,2,2,1
15363,0,1,2,0,1
11244,1,0,2,2,3
10820,0,1,2,6,2
9691,0,1,2,1,1
13799,0,1,2,4,2
1757,1,0,2,0,2
15820,1,0,2,3,2
8751,1,0,2,3,1
9074,1,0,2,3,1
17067,0,1,2,2,1
4153,1,0,2,2,1
3518,1,0,2,6,1
7324,1,0,2,3,2
7011,0,1,2,7,1
13785,1,0,2,4,1
18099,1,0,2,0,1
7012,1,0,2,7,1
18316,1,0,2,1,1
7793,1,0,2,4,3
17802,0,1,2,1,1
11898,1,0,2,3,1
3402,0,1,2,4,1
11234,1,0,2,8,2
18501,1,0,2,0,1
9742,1,0,2,9,1
7997,1,0,2,3,1
7584,1,0,2,2,1
6085,1,0,2,3,1
13251,1,0,2,2,3
16752,0,1,2,2,1
17452,0,1,2,6,1
13425,1,0,2,1,2
4097,1,0,2,3,1
15519,1,0,2,1,1
17983,0,1,2,1,1
16290,0,1,2,3,1
14839,0,1,2,1,1
11068,1,0,2,3,3
6908,1,0,2,4,3
7753,1,0,2,2,3
1970,0,1,2,2,1
8705,1,0,2,4,1
3818,1,0,2,1,1
14030,1,0,2,6,1
14718,0,1,2,2,1
14872,1,0,2,2,1
6641,1,0,2,3,1
11472,1,0,2,4,2
4239,1,0,2,7,2
1733,1,0,2,2,1
12585,1,0,2,3,1
13573,1,0,2,4,1
14096,1,0,2,2,1
11873,0,1,2,4,1
9593,1,0,2,3,1
12202,1,0,2,1,1
15960,1,0,2,0,1
5674,1,0,2,4,1
10813,1,0,2,4,1
5965,1,0,2,4,1
13207,1,0,2,8,1
8941,1,0,2,1,1
4445,0,1,2,3,1
17222,0,1,2,2,1
17391,1,0,2,2,1
13810,1,0,2,4,1
17563,0,1,2,2,1
9116,1,0,2,4,1
17294,0,1,2,1,1
3522,1,0,2,1,2
8106,1,0,2,2,1
18252,0,1,2,2,1
13876,0,1,2,9,1
15977,0,1,2,8,1
18502,1,0,2,0,1
6176,1,0,2,3,2
15395,0,1,2,1,1
16342,0,1,2,2,1
14608,1,0,2,2,1
2494,0,1,2,0,1
15575,1,0,2,0,1
13720,1,0,2,4,1
15603,1,0,2,1,1
15341,1,0,2,2,2
17285,0,1,2,1,1
17625,0,1,2,3,1
16813,0,1,2,3,1
15535,0,1,2,6,1
9468,1,0,2,3,1
11512,1,0,2,8,1
16447,0,1,2,4,2
16549,0,1,2,1,1
5360,1,0,2,8,1
11267,1,0,2,2,1
12689,1,0,2,3,1
8307,1,0,2,4,1
10013,1,0,2,6,1
5840,1,0,2,4,1
5095,1,0,2,7,1
5278,1,0,2,2,1
6102,1,0,2,8,2
16289,0,1,2,6,1
18380,1,0,2,0,1
11157,1,0,2,2,1
6176,1,0,2,3,2
6698,1,0,2,3,3
4312,1,0,2,8,2
6495,1,0,2,7,1
6053,1,0,2,3,2
14467,1,0,2,3,1
15344,1,0,2,6,1
17823,0,1,2,0,1
5368,1,0,2,3,2
18043,1,0,2,0,1
6029,1,0,2,6,1
11408,1,0,2,2,1
13243,0,1,2,7,2
18280,1,0,2,2,1
3365,1,0,2,4,1
17799,0,1,2,1,2
6237,0,1,2,8,1
11721,1,0,2,1,2
9206,0,1,2,4,2
18346,1,0,2,4,2
14359,1,0,2,4,3
14523,1,0,2,3,1
17000,0,1,2,2,1
3566,1,0,2,7,1
13916,1,0,2,3,1
4909,1,0,2,4,1
11461,1,0,2,7,2
15117,0,1,2,8,1
10626,0,1,2,2,1
3522,1,0,2,1,2
17957,1,0,2,1,1
532,1,0,2,0,1
14292,1,0,2,8,2
14973,1,0,2,5,1
12825,1,0,2,9,3
14192,1,0,2,7,2
7972,1,0,2,7,1
5081,0,1,2,7,1
12750,1,0,2,4,4
7681,1,0,2,4,1
9791,1,0,2,4,1
10595,0,1,2,7,1
3538,1,0,2,7,1
17000,0,1,2,2,1
12622,1,0,2,7,2
17789,1,0,2,4,2
2708,0,1,2,1,1
4061,1,0,2,4,1
3891,1,0,2,4,1
16029,0,1,2,2,1
10172,1,0,2,4,1
4114,0,1,2,4,2
7031,1,0,2,8,1
17779,0,1,2,1,1
4362,1,0,2,7,1
16387,0,1,2,1,1
7184,1,0,2,4,2
13417,1,0,2,1,1
1988,1,0,2,2,1
9389,1,0,2,1,2
9648,1,0,2,3,1
4404,1,0,2,2,4
8108,0,1,2,4,3
9596,1,0,2,3,1
6987,1,0,2,9,2
8603,1,0,2,3,1
7005,1,0,2,3,1
3806,1,0,2,4,1
11891,1,0,2,9,4
5491,1,0,2,2,1
14173,1,0,2,4,4
4140,0,1,2,7,1
11989,0,1,2,4,1
15946,1,0,2,2,1
13216,1,0,2,1,1
15344,1,0,2,6,1
17171,1,0,2,0,1
9898,1,0,2,2,4
8772,1,0,2,4,4
13447,1,0,2,6,1
16517,0,1,2,1,1
8444,1,0,2,3,4
16350,0,1,2,2,1
12238,1,0,2,7,1
5396,1,0,2,3,1
11075,1,0,2,8,2
14999,1,0,2,1,1
15395,0,1,2,1,1
15780,1,0,2,0,1
9826,1,0,2,3,1
17887,0,1,2,6,2
16342,0,1,2,2,1
9049,1,0,2,3,3
6470,1,0,2,2,1
4564,1,0,2,1,1
6164,1,0,2,9,1
7748,1,0,2,2,1
4978,1,0,2,1,1
7439,1,0,2,2,1
3535,1,0,2,3,1
17849,0,1,2,1,1
5555,1,0,2,3,1
13616,1,0,2,8,1
9200,1,0,2,3,1
16483,1,0,2,3,1
15434,0,1,2,0,1
4797,1,0,2,3,2
16029,0,1,2,2,1
3810,1,0,2,9,1
15915,1,0,2,2,1
15838,1,0,2,0,1
16758,0,1,2,7,1
16981,0,1,2,7,1
14241,1,0,2,2,1
12512,1,0,2,4,2
14779,0,1,2,1,1
6570,1,0,2,3,1
13900,1,0,2,4,1
17285,0,1,2,1,1
18566,1,0,2,0,1
6278,1,0,2,6,2
2334,0,1,2,2,1
17315,0,1,2,2,1
14983,0,1,2,2,1
16017,0,1,2,4,1
14996,0,1,2,6,1
5510,1,0,2,1,1
12928,1,0,2,3,2
3988,1,0,2,6,3
6037,1,0,2,7,1
11866,1,0,2,4,1
14933,0,1,2,2,1
12417,1,0,2,4,1
77,1,0,2,2,1
11616,1,0,2,6,4
3896,1,0,2,2,1
12291,1,0,2,2,3
1068,1,0,2,2,1
13625,1,0,2,2,1
17909,1,0,2,1,1
16081,0,1,2,2,3
6082,1,0,2,3,1
10618,1,0,2,7,1
12559,1,0,2,4,1
17365,0,1,2,2,1
16277,0,1,2,7,1
13808,1,0,2,3,1
7434,1,0,2,2,1
8383,1,0,2,4,1
9327,1,0,2,6,3
16030,0,1,2,6,1
17660,0,1,2,6,1
15053,0,1,2,2,4
6220,0,1,2,4,1
10466,0,1,2,3,1
14889,0,1,2,1,1
6487,1,0,2,2,1
8315,1,0,2,2,1
12786,1,0,2,3,1
8730,1,0,2,4,1
4134,1,0,2,6,4
14878,0,1,2,0,1
12488,1,0,2,3,1
12271,1,0,2,7,1
17222,0,1,2,2,1
10461,1,0,2,3,3
15692,0,1,2,2,1
9097,1,0,2,7,1
1206,1,0,2,8,1
16068,1,0,2,1,1
5750,1,0,2,1,1
9380,1,0,2,4,1
17625,0,1,2,3,1
3976,1,0,2,7,1
12628,0,1,2,2,1
17779,0,1,2,1,1
15288,0,1,2,2,2
16821,0,1,2,1,1
7889,1,0,2,4,1
17641,0,1,2,4,2
12067,0,1,2,3,1
7200,1,0,2,1,1
6913,1,0,2,1,1
5311,1,0,2,7,1
11939,1,0,2,4,1
10407,1,0,2,7,1
17823,0,1,2,0,1
17373,0,1,2,2,1
11541,1,0,2,6,1
14636,0,1,2,3,1
1474,1,0,2,0,1
15887,0,1,2,2,1
5937,1,0,2,3,1
8372,0,1,2,1,1
12240,1,0,2,3,4
18503,1,0,2,0,1
7731,0,1,2,3,1
15223,1,0,2,0,1
11157,1,0,2,2,1
16887,1,0,2,0,1
16758,0,1,2,7,1
6128,1,0,2,4,2
14828,1,0,2,1,1
4840,1,0,2,3,1
9694,1,0,2,4,1
16176,0,1,2,2,1
15823,1,0,2,2,1
15265,0,1,2,6,1
4742,0,1,2,9,1
7200,1,0,2,1,1
6856,1,0,2,3,1
6157,0,1,2,2,1
16891,0,1,2,0,1
9861,1,0,2,2,1
4797,1,0,2,3,2
13644,1,0,2,1,4
15795,0,1,2,0,1
4061,1,0,2,4,1
3812,1,0,2,9,1
16579,1,0,2,1,1
13631,0,1,2,3,1
8705,1,0,2,4,1
18124,1,0,2,0,1
16606,0,1,2,4,1
13151,1,0,2,4,1
3622,1,0,2,2,3
7580,1,0,2,6,1
17479,1,0,2,0,1
17657,0,1,2,5,1
11024,1,0,2,6,1
18172,1,0,2,0,1
7795,1,0,2,8,1
9084,1,0,2,7,2
15226,0,1,2,1,1
12081,1,0,2,3,4
17575,0,1,2,7,1
7042,1,0,2,6,1
13113,1,0,2,7,1
9733,1,0,2,1,4
15007,0,1,2,8,1
3882,0,1,2,2,1
3647,1,0,2,3,1
4825,1,0,2,3,2
6754,1,0,2,4,1
16086,0,1,2,3,2
15915,1,0,2,2,1
8428,1,0,2,9,1
17619,0,1,2,2,1
4894,1,0,2,7,1
5908,1,0,2,6,1
11046,1,0,2,2,1
10660,1,0,2,6,3
17289,0,1,2,1,1
12202,1,0,2,1,1
6304,1,0,2,2,2
17656,0,1,2,2,1
9129,1,0,2,7,1
13611,1,0,2,7,1
4711,1,0,2,7,1
11660,1,0,2,3,1
5125,1,0,2,3,1
3078,1,0,2,2,1
2264,0,1,2,2,1
4024,1,0,2,7,1
12671,1,0,2,6,2
14981,0,1,2,1,1
8960,1,0,2,2,1
7420,1,0,2,3,3
10823,1,0,2,6,3
16619,1,0,2,7,3
13458,1,0,2,3,1
11410,1,0,2,2,1
4376,1,0,2,2,1
7738,1,0,2,4,1
17184,0,1,2,1,2
8550,1,0,2,1,4
15660,1,0,2,2,1
16077,0,1,2,0,1
15538,0,1,2,5,1
10267,1,0,2,2,1
4704,1,0,2,8,1
17446,0,1,2,0,1
11500,1,0,2,4,1
4639,1,0,2,2,1
14574,1,0,2,2,1
17112,0,1,2,1,1
12546,1,0,2,3,1
17196,0,1,2,6,1
8018,1,0,2,2,1
15545,0,1,2,2,1
17722,0,1,2,6,1
5368,1,0,2,3,2
7697,1,0,2,8,1
13021,1,0,2,1,1
13303,1,0,2,4,1
5401,1,0,2,3,2
9556,1,0,2,2,1
15787,0,1,2,1,1
17196,0,1,2,6,1
16198,1,0,2,0,1
3668,0,1,2,8,1
15559,0,1,2,2,1
7567,1,0,2,6,1
3361,1,0,2,7,1
7896,1,0,2,7,1
12770,0,1,2,3,2
14362,1,0,2,2,1
9207,0,1,2,7,2
5427,1,0,2,7,1
9086,1,0,2,1,1
6396,1,0,2,3,2
14017,0,1,2,3,1
4564,1,0,2,1,1
15927,1,0,2,0,1
1935,1,0,2,0,1
10953,1,0,2,6,1
10794,1,0,2,8,3
4793,0,1,2,7,1
532,1,0,2,0,1
16604,1,0,2,2,2
13711,1,0,2,1,2
5714,1,0,2,3,2
17830,0,1,2,1,1
9426,1,0,2,1,2
18559,1,0,2,2,1
14377,1,0,2,1,2
17421,0,1,2,1,1
12698,1,0,2,3,1
6130,0,1,2,4,2
11261,1,0,2,2,2
7928,1,0,2,2,1
16653,1,0,2,2,1
15941,0,1,2,5,1
9597,1,0,2,3,1
7456,1,0,2,8,2
11452,0,1,2,4,1
17107,1,0,2,2,2
10884,1,0,2,6,1
12626,0,1,2,2,2
11943,1,0,2,3,1
8650,1,0,2,7,1
14164,0,1,2,2,1
12706,1,0,2,7,2
8142,1,0,2,6,1
11726,1,0,2,4,3
4309,0,1,2,4,1
14255,1,0,2,4,1
17709,0,1,2,1,1
10928,1,0,2,4,1
16651,0,1,2,1,1
11740,0,1,2,9,1
17577,0,1,2,3,1
15603,1,0,2,1,1
8451,0,1,2,4,1
14680,0,1,2,1,1
7639,1,0,2,6,1
10118,1,0,2,3,1
5706,1,0,2,4,2
17433,0,1,2,4,1
7969,1,0,2,2,3
8960,1,0,2,2,1
15538,0,1,2,5,1
7559,1,0,2,4,1
12417,1,0,2,4,1
7032,1,0,2,3,1
18626,1,0,2,0,2
17354,0,1,2,3,1
14279,1,0,2,3,1
11420,1,0,2,3,1
5937,1,0,2,3,1
4895,0,1,2,4,1
11753,1,0,2,3,2
17855,0,1,2,7,1
16769,1,0,2,0,1
2708,0,1,2,1,1
15414,1,0,2,0,1
6139,1,0,2,1,2
5002,1,0,2,3,1
8646,1,0,2,2,1
4764,0,1,2,4,1
18603,0,1,2,2,1
8302,1,0,2,6,2
3901,1,0,2,3,1
6794,1,0,2,3,1
9516,1,0,2,4,1
8665,1,0,2,3,2
5510,1,0,2,1,1
14158,1,0,2,3,3
16401,0,1,2,2,1
2613,1,0,2,0,1
8561,1,0,2,1,2
405,0,1,2,7,1
18036,0,1,2,2,1
12313,1,0,2,7,1
6919,1,0,2,7,2
7680,1,0,2,8,1
16935,0,1,2,0,1
12313,1,0,2,7,1
11028,0,1,2,2,1
17526,0,1,2,2,1
12825,1,0,2,9,3
16485,1,0,2,2,2
18336,0,1,2,8,1
8223,1,0,2,1,4
4364,1,0,2,4,1
18095,1,0,2,1,1
7587,1,0,2,6,1
6069,1,0,2,3,1
15007,0,1,2,8,1
6003,1,0,2,4,1
15445,0,1,2,0,1
8772,1,0,2,4,4
7661,1,0,2,1,3
7028,1,0,2,8,3
11867,1,0,2,4,1
15841,0,1,2,4,1
7806,0,1,2,8,1
18535,0,1,2,2,1
7731,0,1,2,3,1
9251,0,1,2,3,2
7705,1,0,2,3,2
7670,1,0,2,2,1
14108,1,0,2,4,1
8955,1,0,2,2,1
13785,1,0,2,4,1
10635,1,0,2,8,1
8444,1,0,2,3,4
17791,0,1,2,1,1
3730,1,0,2,9,1
14378,1,0,2,1,1
12157,1,0,2,7,2
9206,0,1,2,4,2
5159,0,1,2,6,1
11879,0,1,2,4,1
16348,0,1,2,1,1
17285,0,1,2,1,1
9084,1,0,2,7,2
16222,0,1,2,4,3
7381,1,0,2,8,1
15132,1,0,2,1,2
14675,0,1,2,5,1
15191,0,1,2,1,1
9585,1,0,2,9,1
11325,1,0,2,8,1
7680,1,0,2,8,1
18626,1,0,2,0,2
17228,0,1,2,7,1
7584,1,0,2,2,1
12676,0,1,2,3,1
5352,1,0,2,8,1
10708,1,0,2,6,2
12865,1,0,2,4,1
8433,1,0,2,4,1
15122,0,1,2,2,1
16059,0,1,2,1,1
12147,1,0,2,6,2
6721,1,0,2,4,1
14675,0,1,2,5,1
1371,1,0,2,0,1
16830,0,1,2,2,1
7514,1,0,2,4,1
17783,0,1,2,2,1
5662,0,1,2,7,1
6800,1,0,2,8,1
15692,0,1,2,2,1
13287,1,0,2,3,1
12168,1,0,2,3,1
5756,1,0,2,2,1
9516,1,0,2,4,1
4048,1,0,2,8,1
13611,1,0,2,7,1
12689,1,0,2,3,1
4682,1,0,2,4,1
12646,0,1,2,4,1
3288,1,0,2,6,1
3805,1,0,2,7,1
7487,1,0,2,3,2
8556,1,0,2,1,1
7231,1,0,2,3,2
16054,1,0,2,0,1
8376,0,1,2,4,1
6128,1,0,2,4,2
1052,0,1,2,1,1
18566,1,0,2,0,1
6051,1,0,2,4,1
8139,1,0,2,8,1
890,1,0,2,0,1
13826,1,0,2,3,1
9700,1,0,2,4,2
12928,1,0,2,3,2
3668,0,1,2,8,1
15209,1,0,2,0,1
12439,1,0,2,4,1
17157,0,1,2,0,1
777,1,0,2,0,2
310,0,1,2,1,1
13136,1,0,2,3,1
13808,1,0,2,3,1
15512,0,1,2,1,1
14273,0,1,2,4,1
5279,1,0,2,2,1
9381,1,0,2,4,1
10110,1,0,2,8,1
14481,1,0,2,7,1
12698,1,0,2,3,1
12837,0,1,2,1,2
12260,1,0,2,3,1
10250,1,0,2,7,1
9755,1,0,2,4,1
18627,1,0,2,5,1
16890,0,1,2,7,1
7889,1,0,2,4,1
7016,1,0,2,2,2
10848,1,0,3,2,1
17418,0,1,3,6,1
16793,0,1,3,0,1
16021,0,1,3,2,1
11211,1,0,3,6,1
8494,1,0,3,2,4
14987,0,1,3,2,1
4791,1,0,3,4,1
10848,1,0,3,2,1
12188,1,0,3,4,1
17614,0,1,3,1,1
15301,0,1,3,2,1
16612,0,1,3,1,1
17578,0,1,3,2,1
9353,1,0,3,7,2
17017,0,1,3,1,1
10630,1,0,3,4,1
16928,0,1,3,1,1
14124,0,1,3,4,1
12688,0,1,3,3,1
13961,1,0,3,3,1
16416,0,1,3,1,2
15892,0,1,3,1,1
16740,0,1,3,2,1
17287,0,1,3,3,1
16261,0,1,3,1,1
17092,0,1,3,2,1
15049,0,1,3,3,1
17454,0,1,3,2,1
16067,0,1,3,2,1
14524,1,0,3,2,1
17583,0,1,3,1,1
16456,0,1,3,7,1
4916,0,1,3,9,1
15842,0,1,3,6,1
15620,0,1,3,2,1
16771,0,1,3,2,1
6996,1,0,3,2,2
17687,0,1,3,0,1
7614,1,0,3,4,3
14691,0,1,3,1,1
17694,0,1,3,4,1
14977,0,1,3,0,1
17599,0,1,3,1,1
16021,0,1,3,2,1
15019,0,1,3,2,1
17469,0,1,3,7,1
14770,0,1,3,7,1
17469,0,1,3,7,1
7236,1,0,3,2,1
16952,0,1,3,2,1
7416,1,0,3,3,1
15729,0,1,3,3,1
16522,0,1,3,2,1
12688,0,1,3,3,1
17818,0,1,3,1,1
16406,0,1,3,1,1
13072,1,0,3,3,1
4791,1,0,3,4,1
16576,0,1,3,2,1
14666,0,1,3,0,1
16062,0,1,3,2,1
17103,0,1,3,1,1
9478,1,0,3,7,1
16467,1,0,3,2,1
4158,1,0,3,8,2
15682,0,1,3,6,1
15952,0,1,3,1,1
16773,0,1,3,1,1
7318,1,0,3,7,1
17092,0,1,3,2,1
16704,0,1,3,2,1
9810,1,0,3,4,1
16973,0,1,3,2,1
17454,0,1,3,2,1
17537,0,1,3,1,1
17376,0,1,3,0,1
15940,0,1,3,2,1
17384,0,1,3,1,1
5707,1,0,3,4,1
15187,0,1,3,7,1
8950,1,0,3,3,1
17321,0,1,3,1,1
7066,1,0,3,7,1
16928,0,1,3,1,1
17103,0,1,3,1,1
3496,1,0,3,7,1
17111,0,1,3,3,1
7392,0,1,3,4,1
11174,1,0,3,4,1
15901,0,1,3,1,1
16423,0,1,3,1,1
17716,0,1,3,2,2
15025,0,1,3,3,1
17202,0,1,3,2,1
15342,0,1,3,1,1
6428,1,0,3,1,1
14578,1,0,3,2,1
15160,0,1,3,2,1
17469,0,1,3,7,1
17804,0,1,3,1,1
16012,0,1,3,1,1
16838,0,1,3,3,1
16386,0,1,3,4,1
16021,0,1,3,2,1
17561,0,1,3,6,1
17587,0,1,3,1,1
15301,0,1,3,2,1
15836,0,1,3,2,1
15019,0,1,3,2,1
16303,0,1,3,0,1
15272,0,1,3,1,1
15198,0,1,3,0,1
15624,0,1,3,1,1
16694,0,1,3,1,1
16973,0,1,3,2,1
7318,1,0,3,7,1
16111,0,1,3,1,1
17253,0,1,3,0,1
15340,0,1,3,1,1
15836,0,1,3,2,1
14977,0,1,3,0,1
17056,0,1,3,7,1
6207,1,0,3,3,1
14315,1,0,3,2,4
4325,0,1,3,7,1
16370,0,1,3,1,1
8221,1,0,3,2,1
16771,0,1,3,2,1
16561,0,1,3,6,1
4010,1,0,3,7,2
16740,0,1,3,2,1
12435,0,1,3,3,1
13096,1,0,3,3,1
17678,0,1,3,1,1
8054,1,0,3,4,2
13354,1,0,3,4,1
8950,1,0,3,3,1
17124,0,1,3,2,1
14622,1,0,3,3,1
17312,0,1,3,1,1
16187,0,1,3,2,1
17046,0,1,3,4,1
15909,0,1,3,5,1
17852,0,1,3,1,1
15492,0,1,3,3,1
6207,1,0,3,3,1
5245,1,0,3,4,1
13072,1,0,3,3,1
15150,0,1,3,0,1
16564,0,1,3,1,1
15975,0,1,3,1,1
17308,0,1,3,4,1
5679,1,0,3,7,1
6951,1,0,3,4,1
17240,0,1,3,2,1
8042,1,0,3,6,1
15326,0,1,3,1,1
16252,0,1,3,1,1
10581,1,0,3,2,1
14721,0,1,3,3,1
16928,0,1,3,1,1
15285,0,1,3,1,1
17687,0,1,3,0,1
5707,1,0,3,4,1
17487,0,1,3,1,1
15412,0,1,3,2,1
10737,1,0,3,2,1
17384,0,1,3,1,1
17587,0,1,3,1,1
12688,0,1,3,3,1
15883,0,1,3,9,1
3840,1,0,3,4,1
15342,0,1,3,1,1
15875,0,1,3,0,3
17180,0,1,3,0,1
16904,0,1,3,1,1
16139,0,1,3,8,1
17132,0,1,3,7,1
15196,0,1,3,1,2
4325,0,1,3,7,1
16773,0,1,3,1,1
6277,1,0,3,1,1
17056,0,1,3,7,1
17586,0,1,3,3,1
14820,0,1,3,1,1
8054,1,0,3,4,2
16852,0,1,3,1,1
15492,0,1,3,3,1
15679,0,1,3,6,1
7298,1,0,3,4,1
10255,1,0,3,2,1
17103,0,1,3,1,1
15364,0,1,3,2,1
17818,0,1,3,1,1
17240,0,1,3,2,1
15492,0,1,3,3,1
15624,0,1,3,1,1
13638,1,0,3,6,1
14715,0,1,3,0,1
5324,1,0,3,7,1
5869,0,1,3,3,1
4090,1,0,3,2,1
14478,0,1,3,8,1
16561,0,1,3,6,1
14947,0,1,3,2,1
15717,0,1,3,1,1
9180,1,0,3,7,2
16141,0,1,3,1,1
8311,1,0,3,4,1
14691,0,1,3,1,1
6431,1,0,3,3,1
8042,1,0,3,6,1
17441,0,1,3,1,1
13031,0,1,3,4,1
16141,0,1,3,1,1
5245,1,0,3,4,1
11221,1,0,3,3,1
6428,1,0,3,1,1
16704,0,1,3,2,1
16151,0,1,3,1,1
17469,0,1,3,7,1
16612,0,1,3,1,1
12384,0,1,3,4,1
16776,0,1,3,1,1
17680,0,1,3,4,1
15492,0,1,3,3,1
15019,0,1,3,2,1
15397,0,1,3,1,1
17080,0,1,3,2,1
17035,0,1,3,7,1
16139,0,1,3,8,1
17469,0,1,3,7,1
12182,0,1,3,4,1
11676,1,0,3,3,1
17586,0,1,3,3,1
15533,0,1,3,2,1
15894,0,1,3,2,1
16904,0,1,3,1,1
15121,0,1,3,1,1
17561,0,1,3,6,1
17259,0,1,3,1,1
13189,1,0,3,3,3
16497,0,1,3,1,1
14637,1,0,3,3,3
15397,0,1,3,1,1
16406,0,1,3,1,1
15546,0,1,3,2,1
14721,0,1,3,3,1
14124,0,1,3,4,1
17596,0,1,3,0,1
16462,0,1,3,1,1
17018,0,1,3,0,1
14478,0,1,3,8,1
10255,1,0,3,2,1
17678,0,1,3,1,1
15533,0,1,3,2,1
14827,0,1,3,1,1
11507,1,0,3,7,1
16497,0,1,3,1,1
17443,0,1,3,2,1
7298,1,0,3,4,1
15975,0,1,3,1,1
16267,0,1,3,2,1
17092,0,1,3,2,1
17098,0,1,3,1,1
11507,1,0,3,7,1
10737,1,0,3,2,1
11507,1,0,3,7,1
17429,0,1,3,6,1
8950,1,0,3,3,1
14947,0,1,3,2,1
11507,1,0,3,7,1
3496,1,0,3,7,1
12445,1,0,3,2,1
15351,0,1,3,2,1
7392,0,1,3,4,1
16738,0,1,3,1,1
17818,0,1,3,1,1
15393,0,1,3,2,1
15397,0,1,3,1,1
17080,0,1,3,2,1
17212,0,1,3,1,1
12299,1,0,3,7,1
12445,1,0,3,2,1
7318,1,0,3,7,1
14721,0,1,3,3,1
15342,0,1,3,1,1
14478,0,1,3,8,1
15121,0,1,3,1,1
17300,0,1,3,0,1
15743,0,1,3,2,1
16546,0,1,3,2,1
17428,0,1,3,1,1
15180,0,1,3,1,1
14907,0,1,3,0,1
12230,1,0,3,1,1
17187,0,1,3,2,1
15875,0,1,3,0,3
16261,0,1,3,1,1
16111,0,1,3,1,1
16553,0,1,3,1,1
17003,0,1,3,1,1
10568,1,0,3,2,2
15121,0,1,3,1,1
17651,0,1,3,3,1
17148,0,1,3,2,1
15674,0,1,3,1,1
13657,1,0,3,1,1
10543,1,0,3,8,1
15150,0,1,3,0,1
12281,1,0,3,3,2
14947,0,1,3,2,1
16557,0,1,3,1,1
17599,0,1,3,1,1
16793,0,1,3,0,1
15894,0,1,3,2,1
13903,0,1,3,3,1
15836,0,1,3,2,1
17449,0,1,3,1,1
17321,0,1,3,1,1
17212,0,1,3,1,1
16773,0,1,3,1,1
17505,0,1,3,1,1
13819,1,0,3,3,3
13903,0,1,3,3,1
16852,0,1,3,1,1
15143,0,1,3,1,1
16408,0,1,3,1,1
17850,0,1,3,3,1
17307,0,1,3,1,1
17360,0,1,3,1,1
12384,0,1,3,4,1
6148,1,0,3,3,1
16694,0,1,3,1,1
16928,0,1,3,1,1
12435,0,1,3,3,1
15962,0,1,3,8,1
17694,0,1,3,4,1
17441,0,1,3,1,1
17680,0,1,3,4,1
17410,0,1,3,1,1
13979,1,0,3,4,2
17291,0,1,3,1,1
17720,0,1,3,4,1
16310,0,1,3,1,1
10581,1,0,3,2,1
15935,0,1,3,2,1
15836,0,1,3,2,1
13657,1,0,3,1,1
16773,0,1,3,1,1
11468,1,0,3,4,1
7994,0,1,3,8,2
16982,0,1,3,2,1
3496,1,0,3,7,1
17080,0,1,3,2,1
16386,0,1,3,4,1
15866,0,1,3,2,1
13410,1,0,3,2,1
17531,0,1,3,1,1
6059,1,0,3,4,1
14478,0,1,3,8,1
4010,1,0,3,7,2
15533,0,1,3,2,1
10581,1,0,3,2,1
13819,1,0,3,3,3
16386,0,1,3,4,1
15198,0,1,3,0,1
12688,0,1,3,3,1
17213,0,1,3,1,1
14124,0,1,3,4,1
7392,0,1,3,4,1
12051,0,1,3,7,1
14524,1,0,3,2,1
17245,0,1,3,1,1
11676,1,0,3,3,1
8605,1,0,3,4,1
11507,1,0,3,7,1
17561,0,1,3,6,1
17321,0,1,3,1,1
17350,0,1,3,1,1
10919,1,0,3,4,1
16704,0,1,3,2,1
15866,0,1,3,2,1
15412,0,1,3,2,1
11468,1,0,3,4,1
17680,0,1,3,4,1
10581,1,0,3,2,1
14197,0,1,3,3,1
16793,0,1,3,0,1
17202,0,1,3,2,1
17077,0,1,3,2,1
16959,0,1,3,3,1
16694,0,1,3,1,1
15059,0,1,3,2,1
16423,0,1,3,1,1
14622,1,0,3,3,1
15198,0,1,3,0,1
17461,0,1,3,1,1
14676,0,1,3,1,1
17804,0,1,3,1,1
14524,1,0,3,2,1
8400,0,1,3,3,1
16187,0,1,3,2,1
17180,0,1,3,0,1
16067,0,1,3,2,1
16386,0,1,3,4,1
17213,0,1,3,1,1
17077,0,1,3,2,1
17124,0,1,3,2,1
13072,1,0,3,3,1
15074,0,1,3,1,1
17187,0,1,3,2,1
12384,0,1,3,4,1
5679,1,0,3,7,1
14785,0,1,3,1,1
17583,0,1,3,1,1
17449,0,1,3,1,1
17001,0,1,3,2,1
17651,0,1,3,3,1
17024,0,1,3,1,1
4916,0,1,3,9,1
15638,0,1,3,2,1
14347,0,1,3,3,1
6146,0,1,3,2,1
15483,0,1,3,2,1
16956,0,1,3,3,1
7236,1,0,3,2,1
17426,0,1,3,3,1
15940,0,1,3,2,1
16139,0,1,3,8,1
5129,1,0,3,7,1
15400,0,1,3,1,1
16067,0,1,3,2,1
16151,0,1,3,1,1
10543,1,0,3,8,1
16141,0,1,3,1,1
16973,0,1,3,2,1
17480,0,1,3,1,1
17784,0,1,3,1,1
17531,0,1,3,1,1
16482,0,1,3,1,1
16386,0,1,3,4,1
13819,1,0,3,3,3
3743,0,1,3,4,1
5707,1,0,3,4,1
15049,0,1,3,3,1
6996,1,0,3,2,2
4389,1,0,3,2,1
14721,0,1,3,3,1
15351,0,1,3,2,1
14347,0,1,3,3,1
17716,0,1,3,2,2
6475,1,0,3,2,4
17017,0,1,3,1,1
3921,1,0,3,2,1
10581,1,0,3,2,1
17056,0,1,3,7,1
15533,0,1,3,2,1
6059,1,0,3,4,1
16111,0,1,3,1,1
16793,0,1,3,0,1
16382,0,1,3,6,1
14867,0,1,3,1,1
10222,1,0,3,2,1
10581,1,0,3,2,1
14977,0,1,3,0,1
17784,0,1,3,1,1
11676,1,0,3,3,1
15025,0,1,3,3,1
15842,0,1,3,6,1
17649,0,1,3,1,1
17300,0,1,3,0,1
17667,0,1,3,1,1
14524,1,0,3,2,1
15878,0,1,3,4,1
16529,0,1,3,7,1
12384,0,1,3,4,1
4638,1,0,3,7,2
16118,0,1,3,2,1
17852,0,1,3,1,1
15368,0,1,3,2,1
7392,0,1,3,4,1
7552,1,0,3,2,1
16529,0,1,3,7,1
16928,0,1,3,1,1
14767,0,1,3,6,1
16111,0,1,3,1,1
11588,1,0,3,7,1
16178,0,1,3,1,1
17384,0,1,3,1,1
16727,0,1,3,0,1
13979,1,0,3,4,2
17490,0,1,3,1,1
12354,1,0,3,7,1
14287,1,0,3,7,1
17852,0,1,3,1,1
17092,0,1,3,2,1
17686,0,1,3,2,1
16050,0,1,3,2,1
10919,1,0,3,4,1
17307,0,1,3,1,1
17132,0,1,3,7,1
16337,0,1,3,1,1
15740,0,1,3,3,1
14785,0,1,3,1,1
6148,1,0,3,3,1
17716,0,1,3,2,2
14691,0,1,3,1,1
15743,0,1,3,2,1
5107,1,0,3,6,2
16877,0,1,3,5,1
16404,0,1,3,1,1
17248,0,1,3,3,1
17245,0,1,3,1,1
4090,1,0,3,2,1
16467,1,0,3,2,1
17119,0,1,3,1,1
16451,0,1,3,3,1
5869,0,1,3,3,1
14760,0,1,3,1,1
4768,0,1,3,4,1
16525,0,1,3,4,1
15940,0,1,3,2,1
17182,0,1,3,1,1
13614,0,1,3,8,2
17583,0,1,3,1,1
17001,0,1,3,2,1
17667,0,1,3,1,1
13638,1,0,3,6,1
9810,1,0,3,4,1
16857,0,1,3,1,1
16528,0,1,3,1,1
16178,0,1,3,1,1
15301,0,1,3,2,1
17470,0,1,3,2,1
16727,0,1,3,0,1
7236,1,0,3,2,1
14197,0,1,3,3,1
14913,0,1,3,1,1
8054,1,0,3,4,2
15019,0,1,3,2,1
12289,1,0,3,2,1
13961,1,0,3,3,1
16456,0,1,3,7,1
7552,1,0,3,2,1
16727,0,1,3,0,1
16395,0,1,3,1,1
14827,0,1,3,1,1
14691,0,1,3,1,1
16557,0,1,3,1,1
16021,0,1,3,2,1
7392,0,1,3,4,1
17454,0,1,3,2,1
10737,1,0,3,2,1
17784,0,1,3,1,1
15940,0,1,3,2,1
7318,1,0,3,7,1
7994,0,1,3,8,2
11221,1,0,3,3,1
3840,1,0,3,4,1
10848,1,0,3,2,1
15106,0,1,3,1,1
15921,0,1,3,1,1
16956,0,1,3,3,1
17758,0,1,3,1,1
17003,0,1,3,1,1
16833,0,1,3,0,1
6569,1,0,3,7,1
16877,0,1,3,5,1
16435,0,1,3,1,1
17360,0,1,3,1,1
16408,0,1,3,1,1
13657,1,0,3,1,1
15988,0,1,3,3,1
16986,0,1,3,7,1
12281,1,0,3,3,2
11174,1,0,3,4,1
14347,0,1,3,3,1
13819,1,0,3,3,3
13729,1,0,3,2,1
12051,0,1,3,7,1
16513,0,1,3,1,1
16063,0,1,3,1,1
9810,1,0,3,4,1
7552,1,0,3,2,1
17428,0,1,3,1,1
16773,0,1,3,1,1
15453,0,1,3,2,1
17686,0,1,3,2,1
11915,1,0,3,2,1
16497,0,1,3,1,1
16091,0,1,3,7,1
12354,1,0,3,7,1
17132,0,1,3,7,1
17169,0,1,3,7,1
12435,0,1,3,3,1
7552,1,0,3,2,1
12188,1,0,3,4,1
2335,0,1,3,2,1
15651,0,1,3,2,1
16196,0,1,3,1,1
10255,1,0,3,2,1
12299,1,0,3,7,1
11956,1,0,3,8,1
6951,1,0,3,4,1
9478,1,0,3,7,1
17844,0,1,3,2,1
15624,0,1,3,1,1
17017,0,1,3,1,1
17080,0,1,3,2,1
16042,0,1,3,3,1
14987,0,1,3,2,1
17832,0,1,3,2,1
15049,0,1,3,3,1
17470,0,1,3,2,1
8437,1,0,3,6,3
16071,0,1,3,1,1
16793,0,1,3,0,1
15743,0,1,3,2,1
17505,0,1,3,1,1
8679,0,1,3,8,1
14201,1,0,3,3,1
13657,1,0,3,1,1
17416,0,1,3,1,1
17818,0,1,3,1,1
9180,1,0,3,7,2
14908,0,1,3,2,1
16143,0,1,3,3,1
17587,0,1,3,1,1
15351,0,1,3,2,1
8437,1,0,3,6,3
6569,1,0,3,7,1
9968,1,0,3,7,1
15638,0,1,3,2,1
17469,0,1,3,7,1
17531,0,1,3,1,1
15182,0,1,3,6,1
17182,0,1,3,1,1
15342,0,1,3,1,1
17686,0,1,3,2,1
17385,0,1,3,3,1
16706,0,1,3,7,1
6148,1,0,3,3,1
10630,1,0,3,4,1
16187,0,1,3,2,1
15866,0,1,3,2,1
15364,0,1,3,2,1
16894,0,1,3,0,1
4923,1,0,3,1,1
15807,0,1,3,1,1
4011,1,0,3,7,1
15740,0,1,3,3,1
16553,0,1,3,1,1
10630,1,0,3,4,1
16196,0,1,3,1,1
14827,0,1,3,1,1
15368,0,1,3,2,1
17138,0,1,3,6,2
15807,0,1,3,1,1
13819,1,0,3,3,3
17443,0,1,3,2,1
10255,1,0,3,2,1
15883,0,1,3,9,1
16553,0,1,3,1,1
3743,0,1,3,4,1
4344,1,0,3,7,1
16111,0,1,3,1,1
16665,0,1,3,0,1
15743,0,1,3,2,1
15892,0,1,3,1,1
17694,0,1,3,4,1
17077,0,1,3,2,1
14478,0,1,3,8,1
17687,0,1,3,0,1
16704,0,1,3,2,1
14124,0,1,3,4,1
17169,0,1,3,7,1
14804,0,1,3,1,1
14622,1,0,3,3,1
17056,0,1,3,7,1
5679,1,0,3,7,1
17307,0,1,3,1,1
17461,0,1,3,1,1
14820,0,1,3,1,1
17371,0,1,3,1,1
10737,1,0,3,2,1
15975,0,1,3,1,1
16529,0,1,3,7,1
8221,1,0,3,2,1
17307,0,1,3,1,1
14671,0,1,3,2,1
16581,0,1,3,0,1
6365,0,1,3,3,1
6428,1,0,3,1,1
16143,0,1,3,3,1
17174,0,1,3,0,1
4059,1,0,3,8,1
10222,1,0,3,2,1
16382,0,1,3,6,1
17092,0,1,3,2,1
15842,0,1,3,6,1
15682,0,1,3,6,1
5707,1,0,3,4,1
15301,0,1,3,2,1
16683,0,1,3,6,1
9500,1,0,3,6,2
15940,0,1,3,2,1
9842,0,1,3,2,1
17253,0,1,3,0,1
17574,0,1,3,1,1
9500,1,0,3,6,2
17308,0,1,3,4,1
11648,1,0,3,2,1
10981,1,0,3,2,1
17119,0,1,3,1,1
15106,0,1,3,1,1
16456,0,1,3,7,1
11588,1,0,3,7,1
8605,1,0,3,4,1
17270,0,1,3,1,1
17034,0,1,3,1,1
17321,0,1,3,1,1
15340,0,1,3,1,1
16067,0,1,3,2,1
15774,0,1,3,1,1
14626,1,0,3,7,1
17138,0,1,3,6,2
16894,0,1,3,0,1
17569,0,1,3,1,1
17245,0,1,3,1,1
15049,0,1,3,3,1
15412,0,1,3,2,1
14789,0,1,3,6,1
10581,1,0,3,2,1
5869,0,1,3,3,1
17608,0,1,3,9,1
17832,0,1,3,2,1
10255,1,0,3,2,1
14124,0,1,3,4,1
13979,1,0,3,4,2
15019,0,1,3,2,1
15393,0,1,3,2,1
6059,1,0,3,4,1
15975,0,1,3,1,1
16982,0,1,3,2,1
14887,0,1,3,1,1
4090,1,0,3,2,1
16091,0,1,3,7,1
15340,0,1,3,1,1
16877,0,1,3,5,1
16932,0,1,3,4,1
16151,0,1,3,1,1
16050,0,1,3,2,1
16982,0,1,3,2,1
8042,1,0,3,6,1
9035,1,0,3,7,1
16980,0,1,3,0,1
15340,0,1,3,1,1
16727,0,1,3,0,1
17174,0,1,3,0,1
14947,0,1,3,2,1
4689,1,0,3,2,1
14789,0,1,3,6,1
10630,1,0,3,4,1
17169,0,1,3,7,1
17461,0,1,3,1,1
15533,0,1,3,2,1
17212,0,1,3,1,1
8679,0,1,3,8,1
15952,0,1,3,1,1
17537,0,1,3,1,1
16141,0,1,3,1,1
15187,0,1,3,7,1
15368,0,1,3,2,1
17077,0,1,3,2,1
7298,1,0,3,4,1
16697,0,1,3,2,1
16973,0,1,3,2,1
13657,1,0,3,1,1
17017,0,1,3,1,1
8437,1,0,3,6,3
10581,1,0,3,2,1
17169,0,1,3,7,1
5076,1,0,3,3,2
17418,0,1,3,6,1
17046,0,1,3,4,1
17649,0,1,3,1,1
17804,0,1,3,1,1
7318,1,0,3,7,1
13979,1,0,3,4,2
13657,1,0,3,1,1
7486,1,0,3,2,1
6148,1,0,3,3,1
11230,1,0,3,7,1
14867,0,1,3,1,1
6277,1,0,3,1,1
14913,0,1,3,1,1
17356,0,1,3,1,1
17180,0,1,3,0,1
15368,0,1,3,2,1
12188,1,0,3,4,1
12938,1,0,3,4,3
14622,1,0,3,3,1
15301,0,1,3,2,1
15354,0,1,3,0,1
15556,0,1,3,1,1
16612,0,1,3,1,1
13802,1,0,3,4,1
15651,0,1,3,2,1
8679,0,1,3,8,1
4010,1,0,3,7,2
8580,1,0,3,2,1
17443,0,1,3,2,1
17187,0,1,3,2,1
15842,0,1,3,6,1
15483,0,1,3,2,1
3939,1,0,3,7,1
14767,0,1,3,6,1
13489,1,0,3,4,1
14671,0,1,3,2,1
14691,0,1,3,1,1
17132,0,1,3,7,1
17410,0,1,3,1,1
16139,0,1,3,8,1
12188,1,0,3,4,1
15059,0,1,3,2,1
3840,1,0,3,4,1
5324,1,0,3,7,1
14637,1,0,3,3,3
17350,0,1,3,1,1
16697,0,1,3,2,1
13096,1,0,3,3,1
16956,0,1,3,3,1
16525,0,1,3,4,1
16727,0,1,3,0,1
13729,1,0,3,2,1
16561,0,1,3,6,1
15340,0,1,3,1,1
16370,0,1,3,1,1
12754,1,0,3,7,1
16238,0,1,3,2,1
8466,1,0,3,7,1
15836,0,1,3,2,1
17291,0,1,3,1,1
16063,0,1,3,1,1
17461,0,1,3,1,1
16952,0,1,3,2,1
14884,0,1,3,7,1
14666,0,1,3,0,1
9697,1,0,3,8,1
15160,0,1,3,2,1
16773,0,1,3,1,1
4689,1,0,3,2,1
6148,1,0,3,3,1
12299,1,0,3,7,1
17505,0,1,3,1,1
14760,0,1,3,1,1
13489,1,0,3,4,1
15682,0,1,3,6,1
15351,0,1,3,2,1
12299,1,0,3,7,1
7552,1,0,3,2,1
13903,0,1,3,3,1
17694,0,1,3,4,1
17561,0,1,3,6,1
16482,0,1,3,1,1
17076,0,1,3,1,1
16932,0,1,3,4,1
17356,0,1,3,1,1
2335,0,1,3,2,1
17098,0,1,3,1,1
17586,0,1,3,3,1
16776,0,1,3,1,1
15019,0,1,3,2,1
15025,0,1,3,3,1
16982,0,1,3,2,1
17248,0,1,3,3,1
16440,0,1,3,0,1
17307,0,1,3,1,1
17350,0,1,3,1,1
11915,1,0,3,2,1
13031,0,1,3,4,1
7552,1,0,3,2,1
6428,1,0,3,1,1
14760,0,1,3,1,1
14478,0,1,3,8,1
14760,0,1,3,1,1
16482,0,1,3,1,1
16383,0,1,3,8,1
13904,1,0,3,6,3
8866,1,0,3,3,1
17018,0,1,3,0,1
15272,0,1,3,1,1
15180,0,1,3,1,1
15836,0,1,3,2,1
15453,0,1,3,2,1
14626,1,0,3,7,1
15412,0,1,3,2,1
13819,1,0,3,3,3
4768,0,1,3,4,1
17441,0,1,3,1,1
17202,0,1,3,2,1
6569,1,0,3,7,1
15533,0,1,3,2,1
16395,0,1,3,1,1
4158,1,0,3,8,2
13638,1,0,3,6,1
17291,0,1,3,1,1
2335,0,1,3,2,1
17017,0,1,3,1,1
7392,0,1,3,4,1
17018,0,1,3,0,1
15894,0,1,3,2,1
13657,1,0,3,1,1
17667,0,1,3,1,1
17441,0,1,3,1,1
17578,0,1,3,2,1
4059,1,0,3,8,1
16581,0,1,3,0,1
15393,0,1,3,2,1
16042,0,1,3,3,1
17561,0,1,3,6,1
16899,0,1,3,0,1
17583,0,1,3,1,1
17245,0,1,3,1,1
14289,1,0,3,4,1
17017,0,1,3,1,1
3971,1,0,3,8,1
12188,1,0,3,4,1
16776,0,1,3,1,1
14626,1,0,3,7,1
9500,1,0,3,6,2
13096,1,0,3,3,1
14913,0,1,3,1,1
16467,1,0,3,2,1
14804,0,1,3,1,1
5245,1,0,3,4,1
15351,0,1,3,2,1
16894,0,1,3,0,1
6207,1,0,3,3,1
15441,0,1,3,0,1
15049,0,1,3,3,1
17259,0,1,3,1,1
17470,0,1,3,2,1
13729,1,0,3,2,1
15150,0,1,3,0,1
17307,0,1,3,1,1
15244,0,1,3,1,1
17586,0,1,3,3,1
15351,0,1,3,2,1
15674,0,1,3,1,1
17270,0,1,3,1,1
17174,0,1,3,0,1
6475,1,0,3,2,4
5707,1,0,3,4,1
15842,0,1,3,6,1
17111,0,1,3,3,1
8957,1,0,3,7,1
17001,0,1,3,2,1
15878,0,1,3,4,1
15118,0,1,3,1,1
16383,0,1,3,8,1
17248,0,1,3,3,1
17490,0,1,3,1,1
4011,1,0,3,7,1
16440,0,1,3,0,1
16151,0,1,3,1,1
15682,0,1,3,6,1
15829,0,1,3,2,1
16956,0,1,3,3,1
3840,1,0,3,4,1
11987,1,0,3,8,2
16187,0,1,3,2,1
17018,0,1,3,0,1
8221,1,0,3,2,1
13802,1,0,3,4,1
15393,0,1,3,2,1
15651,0,1,3,2,1
14789,0,1,3,6,1
15962,0,1,3,8,1
16706,0,1,3,7,1
16137,0,1,3,7,1
8054,1,0,3,4,2
15340,0,1,3,1,1
16727,0,1,3,0,1
16462,0,1,3,1,1
16139,0,1,3,8,1
14789,0,1,3,6,1
17586,0,1,3,3,1
17307,0,1,3,1,1
10568,1,0,3,2,2
10981,1,0,3,2,1
10581,1,0,3,2,1
17080,0,1,3,2,1
17231,0,1,3,3,1
16435,0,1,3,1,1
3921,1,0,3,2,1
17694,0,1,3,4,1
17603,0,1,3,7,1
15118,0,1,3,1,1
16838,0,1,3,3,1
12938,1,0,3,4,3
16899,0,1,3,0,1
15894,0,1,3,2,1
17422,0,1,3,2,1
4923,1,0,3,1,1
17818,0,1,3,1,1
7318,1,0,3,7,1
14637,1,0,3,3,3
15160,0,1,3,2,1
17574,0,1,3,1,1
8981,1,0,3,3,3
13729,1,0,3,2,1
9082,1,0,3,7,2
8761,1,0,3,2,1
17569,0,1,3,1,1
16959,0,1,3,3,1
2335,0,1,3,2,1
7236,1,0,3,2,1
14760,0,1,3,1,1
15186,0,1,3,1,1
15901,0,1,3,1,1
17469,0,1,3,7,1
17487,0,1,3,1,1
16982,0,1,3,2,1
17844,0,1,3,2,1
16178,0,1,3,1,1
5683,1,0,3,8,1
16776,0,1,3,1,1
10222,1,0,3,2,1
8494,1,0,3,2,4
6148,1,0,3,3,1
14201,1,0,3,3,1
15807,0,1,3,1,1
14578,1,0,3,2,1
17426,0,1,3,3,1
11956,1,0,3,8,1
15894,0,1,3,2,1
17046,0,1,3,4,1
16404,0,1,3,1,1
15975,0,1,3,1,1
17487,0,1,3,1,1
7392,0,1,3,4,1
15620,0,1,3,2,1
17104,0,1,3,7,1
17720,0,1,3,4,1
15364,0,1,3,2,1
15829,0,1,3,2,1
16451,0,1,3,3,1
17187,0,1,3,2,1
11468,1,0,3,4,1
15875,0,1,3,0,3
16383,0,1,3,8,1
17240,0,1,3,2,1
15196,0,1,3,1,2
15453,0,1,3,2,1
16706,0,1,3,7,1
17180,0,1,3,0,1
8311,1,0,3,4,1
8605,1,0,3,4,1
17416,0,1,3,1,1
10848,1,0,3,2,1
17350,0,1,3,1,1
15049,0,1,3,3,1
15836,0,1,3,2,1
15400,0,1,3,1,1
16261,0,1,3,1,1
16404,0,1,3,1,1
10568,1,0,3,2,2
16694,0,1,3,1,1
16151,0,1,3,1,1
16660,0,1,3,1,1
16774,0,1,3,3,1
17416,0,1,3,1,1
17470,0,1,3,2,1
17792,0,1,3,1,1
16408,0,1,3,1,1
15774,0,1,3,1,1
14658,0,1,3,0,1
17784,0,1,3,1,1
17678,0,1,3,1,1
16660,0,1,3,1,1
5391,1,0,3,3,3
15743,0,1,3,2,1
11174,1,0,3,4,1
7236,1,0,3,2,1
8950,1,0,3,3,1
12938,1,0,3,4,3
16143,0,1,3,3,1
17103,0,1,3,1,1
13248,1,0,3,1,1
14907,0,1,3,0,1
17187,0,1,3,2,1
16581,0,1,3,0,1
16050,0,1,3,2,1
16704,0,1,3,2,1
17678,0,1,3,1,1
8437,1,0,3,6,3
5683,1,0,3,8,1
15921,0,1,3,1,1
7318,1,0,3,7,1
17490,0,1,3,1,1
15186,0,1,3,1,1
12299,1,0,3,7,1
15556,0,1,3,1,1
6365,0,1,3,3,1
15674,0,1,3,1,1
17578,0,1,3,2,1
17001,0,1,3,2,1
11310,1,0,3,2,4
15774,0,1,3,1,1
13979,1,0,3,4,2
14887,0,1,3,1,1
16665,0,1,3,0,1
10222,1,0,3,2,1
17578,0,1,3,2,1
17018,0,1,3,0,1
17182,0,1,3,1,1
3971,1,0,3,8,1
17103,0,1,3,1,1
16928,0,1,3,1,1
17103,0,1,3,1,1
14907,0,1,3,0,1
16118,0,1,3,2,1
15074,0,1,3,1,1
16852,0,1,3,1,1
15074,0,1,3,1,1
14287,1,0,3,7,1
9842,0,1,3,2,1
14478,0,1,3,8,1
17410,0,1,3,1,1
8008,1,0,3,3,1
12188,1,0,3,4,1
7236,1,0,3,2,1
17212,0,1,3,1,1
16067,0,1,3,2,1
3840,1,0,3,4,1
17608,0,1,3,9,1
9810,1,0,3,4,1
14691,0,1,3,1,1
16482,0,1,3,1,1
4916,0,1,3,9,1
17231,0,1,3,3,1
16557,0,1,3,1,1
2335,0,1,3,2,1
12938,1,0,3,4,3
15533,0,1,3,2,1
4059,1,0,3,8,1
16773,0,1,3,1,1
6475,1,0,3,2,4
5683,1,0,3,8,1
17409,0,1,3,1,1
8761,1,0,3,2,1
15342,0,1,3,1,1
16370,0,1,3,1,1
17259,0,1,3,1,1
8526,0,1,3,3,1
16137,0,1,3,7,1
15774,0,1,3,1,1
6569,1,0,3,7,1
12182,0,1,3,4,1
15285,0,1,3,1,1
15651,0,1,3,2,1
7466,1,0,3,2,1
16833,0,1,3,0,1
11211,1,0,3,6,1
16513,0,1,3,1,1
6951,1,0,3,4,1
8008,1,0,3,3,1
16683,0,1,3,6,1
5107,1,0,3,6,2
16238,0,1,3,2,1
15883,0,1,3,9,1
3971,1,0,3,8,1
11507,1,0,3,7,1
16877,0,1,3,5,1
15842,0,1,3,6,1
14827,0,1,3,1,1
15196,0,1,3,1,2
16383,0,1,3,8,1
12354,1,0,3,7,1
7466,1,0,3,2,1
15285,0,1,3,1,1
4158,1,0,3,8,2
17686,0,1,3,2,1
5245,1,0,3,4,1
17667,0,1,3,1,1
8761,1,0,3,2,1
15326,0,1,3,1,1
17092,0,1,3,2,1
16956,0,1,3,3,1
14201,1,0,3,3,1
4158,1,0,3,8,2
14947,0,1,3,2,1
16440,0,1,3,0,1
17001,0,1,3,2,1
3939,1,0,3,7,1
3671,1,0,3,7,2
11310,1,0,3,2,4
17240,0,1,3,2,1
15638,0,1,3,2,1
16941,0,1,3,6,1
15651,0,1,3,2,1
16062,0,1,3,2,1
16261,0,1,3,1,1
15412,0,1,3,2,1
17001,0,1,3,2,1
4325,0,1,3,7,1
15049,0,1,3,3,1
17680,0,1,3,4,1
11987,1,0,3,8,2
17818,0,1,3,1,1
5245,1,0,3,4,1
15160,0,1,3,2,1
6148,1,0,3,3,1
17441,0,1,3,1,1
16050,0,1,3,2,1
15492,0,1,3,3,1
9180,1,0,3,7,2
17686,0,1,3,2,1
12299,1,0,3,7,1
16339,0,1,3,0,1
5076,1,0,3,3,2
13729,1,0,3,2,1
4090,1,0,3,2,1
15244,0,1,3,1,1
5076,1,0,3,3,2
8400,0,1,3,3,1
17138,0,1,3,6,2
8331,1,0,3,3,3
15533,0,1,3,2,1
11230,1,0,3,7,1
13802,1,0,3,4,1
11310,1,0,3,2,4
15441,0,1,3,0,1
11310,1,0,3,2,4
17651,0,1,3,3,1
5683,1,0,3,8,1
11310,1,0,3,2,4
15940,0,1,3,2,1
17360,0,1,3,1,1
16982,0,1,3,2,1
15620,0,1,3,2,1
8981,1,0,3,3,3
6277,1,0,3,1,1
17361,0,1,3,0,1
10737,1,0,3,2,1
3921,1,0,3,2,1
14827,0,1,3,1,1
16137,0,1,3,7,1
16522,0,1,3,2,1
15400,0,1,3,1,1
17449,0,1,3,1,1
17429,0,1,3,6,1
16462,0,1,3,1,1
16956,0,1,3,3,1
17536,0,1,3,1,1
15453,0,1,3,2,1
17035,0,1,3,7,1
16187,0,1,3,2,1
17422,0,1,3,2,1
13961,1,0,3,3,1
16067,0,1,3,2,1
15121,0,1,3,1,1
8466,1,0,3,7,1
11468,1,0,3,4,1
3743,0,1,3,4,1
16833,0,1,3,0,1
16612,0,1,3,1,1
17469,0,1,3,7,1
16497,0,1,3,1,1
16833,0,1,3,0,1
10222,1,0,3,2,1
14124,0,1,3,4,1
16435,0,1,3,1,1
13189,1,0,3,3,3
15743,0,1,3,2,1
17098,0,1,3,1,1
15717,0,1,3,1,1
5437,1,0,3,2,1
6153,1,0,3,6,1
15453,0,1,3,2,1
5869,0,1,3,3,1
17245,0,1,3,1,1
15368,0,1,3,2,1
3921,1,0,3,2,1
16528,0,1,3,1,1
17617,0,1,3,2,1
15351,0,1,3,2,1
8605,1,0,3,4,1
3743,0,1,3,4,1
16660,0,1,3,1,1
13031,0,1,3,4,1
11956,1,0,3,8,1
16982,0,1,3,2,1
9968,1,0,3,7,1
17822,0,1,3,4,1
17416,0,1,3,1,1
8042,1,0,3,6,1
17441,0,1,3,1,1
15059,0,1,3,2,1
16660,0,1,3,1,1
15180,0,1,3,1,1
17124,0,1,3,2,1
5107,1,0,3,6,2
17416,0,1,3,1,1
14760,0,1,3,1,1
16339,0,1,3,0,1
12938,1,0,3,4,3
16557,0,1,3,1,1
17253,0,1,3,0,1
11956,1,0,3,8,1
16546,0,1,3,2,1
16063,0,1,3,1,1
15244,0,1,3,1,1
15397,0,1,3,1,1
4768,0,1,3,4,1
11507,1,0,3,7,1
13410,1,0,3,2,1
6569,1,0,3,7,1
2335,0,1,3,2,1
9500,1,0,3,6,2
13614,0,1,3,8,2
16522,0,1,3,2,1
6146,0,1,3,2,1
16252,0,1,3,1,1
17074,0,1,3,0,1
13354,1,0,3,4,1
16879,0,1,3,8,1
16635,0,1,3,2,1
15894,0,1,3,2,1
14524,1,0,3,2,1
17111,0,1,3,3,1
14804,0,1,3,1,1
4011,1,0,3,7,1
15909,0,1,3,5,1
17240,0,1,3,2,1
13248,1,0,3,1,1
14721,0,1,3,3,1
17092,0,1,3,2,1
4090,1,0,3,2,1
14671,0,1,3,2,1
12445,1,0,3,2,1
9035,1,0,3,7,1
16525,0,1,3,4,1
16513,0,1,3,1,1
10737,1,0,3,2,1
16576,0,1,3,2,1
16050,0,1,3,2,1
15952,0,1,3,1,1
17578,0,1,3,2,1
17181,0,1,3,2,1
17245,0,1,3,1,1
6146,0,1,3,2,1
17312,0,1,3,1,1
9968,1,0,3,7,1
10222,1,0,3,2,1
16395,0,1,3,1,1
8437,1,0,3,6,3
16497,0,1,3,1,1
17454,0,1,3,2,1
15620,0,1,3,2,1
17410,0,1,3,1,1
16642,0,1,3,6,1
17017,0,1,3,1,1
17034,0,1,3,1,1
17578,0,1,3,2,1
13189,1,0,3,3,3
17308,0,1,3,4,1
8679,0,1,3,8,1
17794,0,1,3,2,1
5707,1,0,3,4,1
2335,0,1,3,2,1
16303,0,1,3,0,1
16522,0,1,3,2,1
17233,0,1,3,1,1
7994,0,1,3,8,2
16522,0,1,3,2,1
16793,0,1,3,0,1
16564,0,1,3,1,1
15962,0,1,3,8,1
16932,0,1,3,4,1
15453,0,1,3,2,1
16012,0,1,3,1,1
16467,1,0,3,2,1
16151,0,1,3,1,1
16200,0,1,3,0,1
15272,0,1,3,1,1
14637,1,0,3,3,3
3840,1,0,3,4,1
16697,0,1,3,2,1
17046,0,1,3,4,1
8761,1,0,3,2,1
17253,0,1,3,0,1
8042,1,0,3,6,1
12754,1,0,3,7,1
9478,1,0,3,7,1
15624,0,1,3,1,1
6277,1,0,3,1,1
9478,1,0,3,7,1
17202,0,1,3,2,1
16303,0,1,3,0,1
16564,0,1,3,1,1
16267,0,1,3,2,1
10919,1,0,3,4,1
4158,1,0,3,8,2
16178,0,1,3,1,1
14820,0,1,3,1,1
12289,1,0,3,2,1
17350,0,1,3,1,1
16856,0,1,3,2,1
4923,1,0,3,1,1
8054,1,0,3,4,2
13638,1,0,3,6,1
17784,0,1,3,1,1
14197,0,1,3,3,1
13729,1,0,3,2,1
15397,0,1,3,1,1
17490,0,1,3,1,1
17587,0,1,3,1,1
16416,0,1,3,1,2
10919,1,0,3,4,1
10919,1,0,3,4,1
17416,0,1,3,1,1
6148,1,0,3,3,1
17416,0,1,3,1,1
15121,0,1,3,1,1
13031,0,1,3,4,1
8331,1,0,3,3,3
17119,0,1,3,1,1
14820,0,1,3,1,1
17561,0,1,3,6,1
6277,1,0,3,1,1
17480,0,1,3,1,1
4325,0,1,3,7,1
11310,1,0,3,2,4
14315,1,0,3,2,4
16187,0,1,3,2,1
17720,0,1,3,4,1
15492,0,1,3,3,1
17259,0,1,3,1,1
17321,0,1,3,1,1
14315,1,0,3,2,4
6146,0,1,3,2,1
17441,0,1,3,1,1
10543,1,0,3,8,1
17818,0,1,3,1,1
17259,0,1,3,1,1
17428,0,1,3,1,1
16187,0,1,3,2,1
15866,0,1,3,2,1
15106,0,1,3,1,1
9180,1,0,3,7,2
16528,0,1,3,1,1
4011,1,0,3,7,1
3840,1,0,3,4,1
12230,1,0,3,1,1
16581,0,1,3,0,1
16856,0,1,3,2,1
11956,1,0,3,8,1
16261,0,1,3,1,1
17174,0,1,3,0,1
14410,1,0,3,4,1
16383,0,1,3,8,1
15441,0,1,3,0,1
16956,0,1,3,3,1
15326,0,1,3,1,1
17418,0,1,3,6,1
14907,0,1,3,0,1
4325,0,1,3,7,1
14315,1,0,3,2,4
13096,1,0,3,3,1
15909,0,1,3,5,1
14315,1,0,3,2,4
6569,1,0,3,7,1
16546,0,1,3,2,1
16632,0,1,3,1,1
14760,0,1,3,1,1
12445,1,0,3,2,1
17259,0,1,3,1,1
10222,1,0,3,2,1
11648,1,0,3,2,1
15717,0,1,3,1,1
17321,0,1,3,1,1
16238,0,1,3,2,1
16137,0,1,3,7,1
16337,0,1,3,1,1
16139,0,1,3,8,1
8437,1,0,3,6,3
13903,0,1,3,3,1
4046,1,0,3,2,1
15866,0,1,3,2,1
16581,0,1,3,0,1
16928,0,1,3,1,1
6146,0,1,3,2,1
13031,0,1,3,4,1
15145,0,1,3,2,1
4923,1,0,3,1,1
16383,0,1,3,8,1
16773,0,1,3,1,1
16382,0,1,3,6,1
16941,0,1,3,6,1
17169,0,1,3,7,1
15342,0,1,3,1,1
13489,1,0,3,4,1
10919,1,0,3,4,1
17469,0,1,3,7,1
15211,0,1,3,1,1
17680,0,1,3,4,1
17784,0,1,3,1,1
11310,1,0,3,2,4
10919,1,0,3,4,1
16467,1,0,3,2,1
14715,0,1,3,0,1
17583,0,1,3,1,1
16879,0,1,3,8,1
16546,0,1,3,2,1
12938,1,0,3,4,3
17034,0,1,3,1,1
16252,0,1,3,1,1
16564,0,1,3,1,1
12354,1,0,3,7,1
11174,1,0,3,4,1
9810,1,0,3,4,1
16177,0,1,3,3,1
17041,0,1,3,2,1
17132,0,1,3,7,1
7236,1,0,3,2,1
5324,1,0,3,7,1
17587,0,1,3,1,1
16303,0,1,3,0,1
16305,0,1,3,2,1
15285,0,1,3,1,1
15962,0,1,3,8,1
17240,0,1,3,2,1
15883,0,1,3,9,1
16382,0,1,3,6,1
10737,1,0,3,2,1
17231,0,1,3,3,1
16773,0,1,3,1,1
11251,1,0,3,1,1
17321,0,1,3,1,1
14884,0,1,3,7,1
17667,0,1,3,1,1
16451,0,1,3,3,1
2335,0,1,3,2,1
16513,0,1,3,1,1
17426,0,1,3,3,1
7416,1,0,3,3,1
17001,0,1,3,2,1
17360,0,1,3,1,1
17181,0,1,3,2,1
13904,1,0,3,6,3
17384,0,1,3,1,1
17569,0,1,3,1,1
16416,0,1,3,1,2
13189,1,0,3,3,3
15160,0,1,3,2,1
17418,0,1,3,6,1
16451,0,1,3,3,1
11915,1,0,3,2,1
14201,1,0,3,3,1
17361,0,1,3,0,1
16200,0,1,3,0,1
8054,1,0,3,4,2
15729,0,1,3,3,1
5076,1,0,3,3,2
9500,1,0,3,6,2
8605,1,0,3,4,1
16261,0,1,3,1,1
17092,0,1,3,2,1
17119,0,1,3,1,1
15211,0,1,3,1,1
17687,0,1,3,0,1
17308,0,1,3,4,1
16774,0,1,3,3,1
4389,1,0,3,2,1
12384,0,1,3,4,1
17371,0,1,3,1,1
17449,0,1,3,1,1
16952,0,1,3,2,1
15829,0,1,3,2,1
14820,0,1,3,1,1
14884,0,1,3,7,1
14124,0,1,3,4,1
5076,1,0,3,3,2
17537,0,1,3,1,1
14827,0,1,3,1,1
15121,0,1,3,1,1
16740,0,1,3,2,1
14524,1,0,3,2,1
14789,0,1,3,6,1
16143,0,1,3,3,1
8054,1,0,3,4,2
13961,1,0,3,3,1
14201,1,0,3,3,1
14289,1,0,3,4,1
16986,0,1,3,7,1
17649,0,1,3,1,1
6996,1,0,3,2,2
17537,0,1,3,1,1
16683,0,1,3,6,1
9035,1,0,3,7,1
16932,0,1,3,4,1
14789,0,1,3,6,1
13903,0,1,3,3,1
11956,1,0,3,8,1
16727,0,1,3,0,1
17694,0,1,3,4,1
8054,1,0,3,4,2
14987,0,1,3,2,1
16928,0,1,3,1,1
6996,1,0,3,2,2
16561,0,1,3,6,1
15883,0,1,3,9,1
15393,0,1,3,2,1
13489,1,0,3,4,1
17720,0,1,3,4,1
15301,0,1,3,2,1
17416,0,1,3,1,1
17046,0,1,3,4,1
17429,0,1,3,6,1
15221,0,1,3,1,1
16497,0,1,3,1,1
5580,1,0,3,4,1
14347,0,1,3,3,1
16143,0,1,3,3,1
16395,0,1,3,1,1
17377,0,1,3,2,1
17716,0,1,3,2,2
16151,0,1,3,1,1
13657,1,0,3,1,1
17360,0,1,3,1,1
4689,1,0,3,2,1
4638,1,0,3,7,2
15883,0,1,3,9,1
8761,1,0,3,2,1
17001,0,1,3,2,1
14770,0,1,3,7,1
15059,0,1,3,2,1
17694,0,1,3,4,1
11507,1,0,3,7,1
11588,1,0,3,7,1
15364,0,1,3,2,1
14658,0,1,3,0,1
17416,0,1,3,1,1
16513,0,1,3,1,1
12754,1,0,3,7,1
17080,0,1,3,2,1
15940,0,1,3,2,1
17270,0,1,3,1,1
7416,1,0,3,3,1
16904,0,1,3,1,1
12688,0,1,3,3,1
16178,0,1,3,1,1
15957,0,1,3,1,1
17574,0,1,3,1,1
17614,0,1,3,1,1
16959,0,1,3,3,1
14578,1,0,3,2,1
17056,0,1,3,7,1
17784,0,1,3,1,1
9181,1,0,3,7,1
7416,1,0,3,3,1
17694,0,1,3,4,1
16178,0,1,3,1,1
14804,0,1,3,1,1
17119,0,1,3,1,1
16793,0,1,3,0,1
3971,1,0,3,8,1
16525,0,1,3,4,1
16451,0,1,3,3,1
15743,0,1,3,2,1
16529,0,1,3,7,1
17678,0,1,3,1,1
17667,0,1,3,1,1
17449,0,1,3,1,1
15875,0,1,3,0,3
16564,0,1,3,1,1
7392,0,1,3,4,1
15774,0,1,3,1,1
15651,0,1,3,2,1
15453,0,1,3,2,1
8331,1,0,3,3,3
7236,1,0,3,2,1
10543,1,0,3,8,1
9810,1,0,3,4,1
15940,0,1,3,2,1
17308,0,1,3,4,1
16200,0,1,3,0,1
10255,1,0,3,2,1
9353,1,0,3,7,2
8761,1,0,3,2,1
16178,0,1,3,1,1
12051,0,1,3,7,1
16382,0,1,3,6,1
17182,0,1,3,1,1
17511,0,1,3,1,1
14637,1,0,3,3,3
14884,0,1,3,7,1
17649,0,1,3,1,1
17180,0,1,3,0,1
15368,0,1,3,2,1
16435,0,1,3,1,1
17385,0,1,3,3,1
17608,0,1,3,9,1
3939,1,0,3,7,1
16581,0,1,3,0,1
15935,0,1,3,2,1
14524,1,0,3,2,1
13979,1,0,3,4,2
9082,1,0,3,7,2
13819,1,0,3,3,3
11468,1,0,3,4,1
17070,0,1,3,1,1
17212,0,1,3,1,1
5869,0,1,3,3,1
16143,0,1,3,3,1
14977,0,1,3,0,1
8957,1,0,3,7,1
3496,1,0,3,7,1
17080,0,1,3,2,1
16383,0,1,3,8,1
15118,0,1,3,1,1
17213,0,1,3,1,1
4046,1,0,3,2,1
15546,0,1,3,2,1
17092,0,1,3,2,1
15074,0,1,3,1,1
17667,0,1,3,1,1
11987,1,0,3,8,2
17169,0,1,3,7,1
4768,0,1,3,4,1
15909,0,1,3,5,1
16252,0,1,3,1,1
17350,0,1,3,1,1
15878,0,1,3,4,1
15364,0,1,3,2,1
17132,0,1,3,7,1
15400,0,1,3,1,1
7318,1,0,3,7,1
17376,0,1,3,0,1
16877,0,1,3,5,1
16727,0,1,3,0,1
16952,0,1,3,2,1
16111,0,1,3,1,1
8950,1,0,3,3,1
15160,0,1,3,2,1
14347,0,1,3,3,1
12051,0,1,3,7,1
7614,1,0,3,4,3
15301,0,1,3,2,1
12384,0,1,3,4,1
15393,0,1,3,2,1
15200,0,1,3,7,1
16986,0,1,3,7,1
11648,1,0,3,2,1
15200,0,1,3,7,1
4158,1,0,3,8,2
4010,1,0,3,7,2
6153,1,0,3,6,1
17490,0,1,3,1,1
15624,0,1,3,1,1
16118,0,1,3,2,1
16904,0,1,3,1,1
15150,0,1,3,0,1
15740,0,1,3,3,1
16071,0,1,3,1,1
15556,0,1,3,1,1
3743,0,1,3,4,1
14201,1,0,3,3,1
17443,0,1,3,2,1
5324,1,0,3,7,1
11230,1,0,3,7,1
10568,1,0,3,2,2
15301,0,1,3,2,1
16252,0,1,3,1,1
8605,1,0,3,4,1
16557,0,1,3,1,1
13802,1,0,3,4,1
12384,0,1,3,4,1
16706,0,1,3,7,1
6277,1,0,3,1,1
16879,0,1,3,8,1
6207,1,0,3,3,1
17350,0,1,3,1,1
5683,1,0,3,8,1
4389,1,0,3,2,1
14637,1,0,3,3,3
14197,0,1,3,3,1
17822,0,1,3,4,1
17041,0,1,3,2,1
8679,0,1,3,8,1
9181,1,0,3,7,1
11915,1,0,3,2,1
16938,0,1,3,2,1
16727,0,1,3,0,1
17649,0,1,3,1,1
5129,1,0,3,7,1
16451,0,1,3,3,1
16177,0,1,3,3,1
13031,0,1,3,4,1
15346,0,1,3,2,1
14671,0,1,3,2,1
10568,1,0,3,2,2
15975,0,1,3,1,1
15624,0,1,3,1,1
16416,0,1,3,1,2
17537,0,1,3,1,1
17138,0,1,3,6,2
14760,0,1,3,1,1
17187,0,1,3,2,1
17253,0,1,3,0,1
17649,0,1,3,1,1
17694,0,1,3,4,1
15019,0,1,3,2,1
12188,1,0,3,4,1
6475,1,0,3,2,4
8072,1,0,3,1,1
12445,1,0,3,2,1
16423,0,1,3,1,1
16941,0,1,3,6,1
15058,0,1,3,2,1
16406,0,1,3,1,1
14867,0,1,3,1,1
16238,0,1,3,2,1
17001,0,1,3,2,1
16137,0,1,3,7,1
5324,1,0,3,7,1
13904,1,0,3,6,3
15962,0,1,3,8,1
16303,0,1,3,0,1
4046,1,0,3,2,1
14626,1,0,3,7,1
11507,1,0,3,7,1
14947,0,1,3,2,1
16267,0,1,3,2,1
15507,0,1,3,3,1
15412,0,1,3,2,1
16423,0,1,3,1,1
10568,1,0,3,2,2
7416,1,0,3,3,1
11310,1,0,3,2,4
14124,0,1,3,4,1
15740,0,1,3,3,1
17233,0,1,3,1,1
8437,1,0,3,6,3
16440,0,1,3,0,1
16187,0,1,3,2,1
15807,0,1,3,1,1
5869,0,1,3,3,1
15651,0,1,3,2,1
13903,0,1,3,3,1
17614,0,1,3,1,1
15412,0,1,3,2,1
15729,0,1,3,3,1
16683,0,1,3,6,1
17469,0,1,3,7,1
16956,0,1,3,3,1
17792,0,1,3,1,1
15150,0,1,3,0,1
14201,1,0,3,3,1
17490,0,1,3,1,1
8526,0,1,3,3,1
15150,0,1,3,0,1
16303,0,1,3,0,1
4389,1,0,3,2,1
12435,0,1,3,3,1
15340,0,1,3,1,1
8008,1,0,3,3,1
17371,0,1,3,1,1
10919,1,0,3,4,1
6277,1,0,3,1,1
5076,1,0,3,3,2
6148,1,0,3,3,1
16200,0,1,3,0,1
12688,0,1,3,3,1
15453,0,1,3,2,1
11221,1,0,3,3,1
14721,0,1,3,3,1
17416,0,1,3,1,1
17720,0,1,3,4,1
10815,0,1,3,9,1
16857,0,1,3,1,1
4059,1,0,3,8,1
16063,0,1,3,1,1
10737,1,0,3,2,1
6428,1,0,3,1,1
17449,0,1,3,1,1
16395,0,1,3,1,1
17461,0,1,3,1,1
4389,1,0,3,2,1
16581,0,1,3,0,1
7486,1,0,3,2,1
16435,0,1,3,1,1
16383,0,1,3,8,1
4059,1,0,3,8,1
16497,0,1,3,1,1
8866,1,0,3,3,1
15326,0,1,3,1,1
16697,0,1,3,2,1
15940,0,1,3,2,1
17748,0,1,3,6,1
13904,1,0,3,6,3
8950,1,0,3,3,1
15301,0,1,3,2,1
17818,0,1,3,1,1
17018,0,1,3,0,1
17599,0,1,3,1,1
15121,0,1,3,1,1
15145,0,1,3,2,1
5076,1,0,3,3,2
17608,0,1,3,9,1
9478,1,0,3,7,1
15975,0,1,3,1,1
13638,1,0,3,6,1
7614,1,0,3,4,3
17253,0,1,3,0,1
17850,0,1,3,3,1
16956,0,1,3,3,1
5107,1,0,3,6,2
6569,1,0,3,7,1
16178,0,1,3,1,1
15957,0,1,3,1,1
4344,1,0,3,7,1
15143,0,1,3,1,1
17187,0,1,3,2,1
17240,0,1,3,2,1
16137,0,1,3,7,1
17649,0,1,3,1,1
9180,1,0,3,7,2
15807,0,1,3,1,1
17119,0,1,3,1,1
16012,0,1,3,1,1
16660,0,1,3,1,1
11915,1,0,3,2,1
3939,1,0,3,7,1
13189,1,0,3,3,3
17001,0,1,3,2,1
14785,0,1,3,1,1
16564,0,1,3,1,1
16462,0,1,3,1,1
15301,0,1,3,2,1
17716,0,1,3,2,2
8957,1,0,3,7,1
15368,0,1,3,2,1
17720,0,1,3,4,1
17003,0,1,3,1,1
17356,0,1,3,1,1
17794,0,1,3,2,1
17202,0,1,3,2,1
17449,0,1,3,1,1
17852,0,1,3,1,1
10848,1,0,3,2,1
16050,0,1,3,2,1
4158,1,0,3,8,2
14410,1,0,3,4,1
14124,0,1,3,4,1
17794,0,1,3,2,1
11221,1,0,3,3,1
14977,0,1,3,0,1
16370,0,1,3,1,1
10568,1,0,3,2,2
12688,0,1,3,3,1
16252,0,1,3,1,1
14715,0,1,3,0,1
17360,0,1,3,1,1
17686,0,1,3,2,1
14887,0,1,3,1,1
17667,0,1,3,1,1
16952,0,1,3,2,1
6148,1,0,3,3,1
4325,0,1,3,7,1
17034,0,1,3,1,1
3743,0,1,3,4,1
16793,0,1,3,0,1
17651,0,1,3,3,1
17248,0,1,3,3,1
17174,0,1,3,0,1
15211,0,1,3,1,1
14524,1,0,3,2,1
4344,1,0,3,7,1
17362,0,1,3,1,1
11221,1,0,3,3,1
17074,0,1,3,0,1
17490,0,1,3,1,1
16435,0,1,3,1,1
15412,0,1,3,2,1
14691,0,1,3,1,1
5683,1,0,3,8,1
17287,0,1,3,3,1
15829,0,1,3,2,1
15743,0,1,3,2,1
15988,0,1,3,3,1
13489,1,0,3,4,1
16062,0,1,3,2,1
17300,0,1,3,0,1
10255,1,0,3,2,1
15412,0,1,3,2,1
17046,0,1,3,4,1
6148,1,0,3,3,1
16382,0,1,3,6,1
5324,1,0,3,7,1
17469,0,1,3,7,1
17716,0,1,3,2,2
16497,0,1,3,1,1
15730,0,1,3,1,1
15620,0,1,3,2,1
14908,0,1,3,2,1
16042,0,1,3,3,1
17429,0,1,3,6,1
15620,0,1,3,2,1
15651,0,1,3,2,1
17035,0,1,3,7,1
15957,0,1,3,1,1
17287,0,1,3,3,1
17248,0,1,3,3,1
16904,0,1,3,1,1
16704,0,1,3,2,1
17104,0,1,3,7,1
8221,1,0,3,2,1
17720,0,1,3,4,1
14789,0,1,3,6,1
3671,1,0,3,7,2
17377,0,1,3,2,1
13614,0,1,3,8,2
17034,0,1,3,1,1
14347,0,1,3,3,1
16546,0,1,3,2,1
13802,1,0,3,4,1
17469,0,1,3,7,1
16252,0,1,3,1,1
14197,0,1,3,3,1
17385,0,1,3,3,1
15058,0,1,3,2,1
17422,0,1,3,2,1
17596,0,1,3,0,1
8526,0,1,3,3,1
17181,0,1,3,2,1
16395,0,1,3,1,1
17035,0,1,3,7,1
16740,0,1,3,2,1
17511,0,1,3,1,1
13410,1,0,3,2,1
14947,0,1,3,2,1
16252,0,1,3,1,1
8008,1,0,3,3,1
17818,0,1,3,1,1
17371,0,1,3,1,1
17056,0,1,3,7,1
15121,0,1,3,1,1
16267,0,1,3,2,1
17429,0,1,3,6,1
16513,0,1,3,1,1
16382,0,1,3,6,1
16740,0,1,3,2,1
4046,1,0,3,2,1
8042,1,0,3,6,1
16635,0,1,3,2,1
15400,0,1,3,1,1
14197,0,1,3,3,1
15143,0,1,3,1,1
7298,1,0,3,4,1
15901,0,1,3,1,1
7614,1,0,3,4,3
8494,1,0,3,2,4
13903,0,1,3,3,1
16793,0,1,3,0,1
8054,1,0,3,4,2
16423,0,1,3,1,1
17017,0,1,3,1,1
15717,0,1,3,1,1
16959,0,1,3,3,1
16581,0,1,3,0,1
11211,1,0,3,6,1
15400,0,1,3,1,1
16451,0,1,3,3,1
15342,0,1,3,1,1
17361,0,1,3,0,1
15679,0,1,3,6,1
15894,0,1,3,2,1
17034,0,1,3,1,1
15921,0,1,3,1,1
3840,1,0,3,4,1
15909,0,1,3,5,1
7392,0,1,3,4,1
6569,1,0,3,7,1
15301,0,1,3,2,1
14789,0,1,3,6,1
4010,1,0,3,7,2
10581,1,0,3,2,1
4768,0,1,3,4,1
17041,0,1,3,2,1
15679,0,1,3,6,1
8008,1,0,3,3,1
17046,0,1,3,4,1
17852,0,1,3,1,1
17312,0,1,3,1,1
14804,0,1,3,1,1
16694,0,1,3,1,1
8042,1,0,3,6,1
13729,1,0,3,2,1
15326,0,1,3,1,1
3671,1,0,3,7,2
14478,0,1,3,8,1
15412,0,1,3,2,1
17822,0,1,3,4,1
15988,0,1,3,3,1
12051,0,1,3,7,1
17070,0,1,3,1,1
9478,1,0,3,7,1
16576,0,1,3,2,1
8400,0,1,3,3,1
17180,0,1,3,0,1
16894,0,1,3,0,1
10568,1,0,3,2,2
15962,0,1,3,8,1
10981,1,0,3,2,1
17429,0,1,3,6,1
16529,0,1,3,7,1
12230,1,0,3,1,1
17694,0,1,3,4,1
5324,1,0,3,7,1
13189,1,0,3,3,3
15074,0,1,3,1,1
17248,0,1,3,3,1
15400,0,1,3,1,1
16632,0,1,3,1,1
14691,0,1,3,1,1
4010,1,0,3,7,2
17596,0,1,3,0,1
6153,1,0,3,6,1
5076,1,0,3,3,2
15909,0,1,3,5,1
17148,0,1,3,2,1
17449,0,1,3,1,1
15400,0,1,3,1,1
17678,0,1,3,1,1
12281,1,0,3,3,2
17596,0,1,3,0,1
6146,0,1,3,2,1
16564,0,1,3,1,1
15829,0,1,3,2,1
17104,0,1,3,7,1
14785,0,1,3,1,1
9500,1,0,3,6,2
17202,0,1,3,2,1
17536,0,1,3,1,1
6059,1,0,3,4,1
16467,1,0,3,2,1
14785,0,1,3,1,1
17586,0,1,3,3,1
16141,0,1,3,1,1
17531,0,1,3,1,1
17586,0,1,3,3,1
8950,1,0,3,3,1
11588,1,0,3,7,1
6153,1,0,3,6,1
16370,0,1,3,1,1
15393,0,1,3,2,1
16497,0,1,3,1,1
16793,0,1,3,0,1
11648,1,0,3,2,1
14913,0,1,3,1,1
16529,0,1,3,7,1
7466,1,0,3,2,1
6153,1,0,3,6,1
16857,0,1,3,1,1
6153,1,0,3,6,1
16774,0,1,3,3,1
17586,0,1,3,3,1
15624,0,1,3,1,1
16187,0,1,3,2,1
15921,0,1,3,1,1
15326,0,1,3,1,1
13819,1,0,3,3,3
16665,0,1,3,0,1
14671,0,1,3,2,1
9810,1,0,3,4,1
16856,0,1,3,2,1
7614,1,0,3,4,3
7614,1,0,3,4,3
16386,0,1,3,4,1
14676,0,1,3,1,1
15988,0,1,3,3,1
16941,0,1,3,6,1
6431,1,0,3,3,1
16771,0,1,3,2,1
14867,0,1,3,1,1
14691,0,1,3,1,1
16879,0,1,3,8,1
15025,0,1,3,3,1
14287,1,0,3,7,1
17350,0,1,3,1,1
14977,0,1,3,0,1
3939,1,0,3,7,1
12938,1,0,3,4,3
15556,0,1,3,1,1
6431,1,0,3,3,1
16456,0,1,3,7,1
15774,0,1,3,1,1
5437,1,0,3,2,1
4923,1,0,3,1,1
17362,0,1,3,1,1
17138,0,1,3,6,2
14478,0,1,3,8,1
16941,0,1,3,6,1
17422,0,1,3,2,1
14347,0,1,3,3,1
6148,1,0,3,3,1
17291,0,1,3,1,1
8957,1,0,3,7,1
16879,0,1,3,8,1
15892,0,1,3,1,1
15187,0,1,3,7,1
8734,0,1,3,4,1
17716,0,1,3,2,2
4059,1,0,3,8,1
16267,0,1,3,2,1
17490,0,1,3,1,1
15393,0,1,3,2,1
4090,1,0,3,2,1
6475,1,0,3,2,4
14287,1,0,3,7,1
11507,1,0,3,7,1
15533,0,1,3,2,1
4389,1,0,3,2,1
16928,0,1,3,1,1
15368,0,1,3,2,1
16857,0,1,3,1,1
14977,0,1,3,0,1
17480,0,1,3,1,1
16740,0,1,3,2,1
16956,0,1,3,3,1
14622,1,0,3,3,1
16557,0,1,3,1,1
17614,0,1,3,1,1
17287,0,1,3,3,1
17537,0,1,3,1,1
8580,1,0,3,2,1
15533,0,1,3,2,1
15393,0,1,3,2,1
17792,0,1,3,1,1
16513,0,1,3,1,1
17264,0,1,3,0,1
7994,0,1,3,8,2
16660,0,1,3,1,1
15364,0,1,3,2,1
6059,1,0,3,4,1
17716,0,1,3,2,2
16071,0,1,3,1,1
15106,0,1,3,1,1
17213,0,1,3,1,1
16852,0,1,3,1,1
17804,0,1,3,1,1
15682,0,1,3,6,1
16546,0,1,3,2,1
15346,0,1,3,2,1
15049,0,1,3,3,1
4389,1,0,3,2,1
4059,1,0,3,8,1
17233,0,1,3,1,1
17187,0,1,3,2,1
17138,0,1,3,6,2
17018,0,1,3,0,1
15058,0,1,3,2,1
4916,0,1,3,9,1
17686,0,1,3,2,1
12051,0,1,3,7,1
15211,0,1,3,1,1
16404,0,1,3,1,1
16012,0,1,3,1,1
15049,0,1,3,3,1
14770,0,1,3,7,1
16143,0,1,3,3,1
15182,0,1,3,6,1
14626,1,0,3,7,1
15829,0,1,3,2,1
15412,0,1,3,2,1
17418,0,1,3,6,1
17070,0,1,3,1,1
17583,0,1,3,1,1
3939,1,0,3,7,1
5324,1,0,3,7,1
17148,0,1,3,2,1
5679,1,0,3,7,1
13031,0,1,3,4,1
16973,0,1,3,2,1
8856,0,1,3,3,1
17300,0,1,3,0,1
17416,0,1,3,1,1
17578,0,1,3,2,1
7552,1,0,3,2,1
17667,0,1,3,1,1
5107,1,0,3,6,2
17792,0,1,3,1,1
17381,0,1,3,2,1
15400,0,1,3,1,1
16143,0,1,3,3,1
3743,0,1,3,4,1
17603,0,1,3,7,1
10581,1,0,3,2,1
17174,0,1,3,0,1
17850,0,1,3,3,1
6148,1,0,3,3,1
16021,0,1,3,2,1
17024,0,1,3,1,1
16143,0,1,3,3,1
14315,1,0,3,2,4
8605,1,0,3,4,1
17003,0,1,3,1,1
16178,0,1,3,1,1
12445,1,0,3,2,1
14770,0,1,3,7,1
17587,0,1,3,1,1
9035,1,0,3,7,1
4916,0,1,3,9,1
17578,0,1,3,2,1
5129,1,0,3,7,1
15074,0,1,3,1,1
16683,0,1,3,6,1
17074,0,1,3,0,1
15620,0,1,3,2,1
17429,0,1,3,6,1
9810,1,0,3,4,1
17716,0,1,3,2,2
4791,1,0,3,4,1
16383,0,1,3,8,1
17599,0,1,3,1,1
16894,0,1,3,0,1
17449,0,1,3,1,1
9035,1,0,3,7,1
15921,0,1,3,1,1
13819,1,0,3,3,3
17441,0,1,3,1,1
17531,0,1,3,1,1
17098,0,1,3,1,1
15883,0,1,3,9,1
7552,1,0,3,2,1
17056,0,1,3,7,1
17350,0,1,3,1,1
4325,0,1,3,7,1
14578,1,0,3,2,1
17461,0,1,3,1,1
14622,1,0,3,3,1
16522,0,1,3,2,1
16118,0,1,3,2,1
16111,0,1,3,1,1
4059,1,0,3,8,1
16062,0,1,3,2,1
16021,0,1,3,2,1
15198,0,1,3,0,1
5129,1,0,3,7,1
8494,1,0,3,2,4
7994,0,1,3,8,2
17381,0,1,3,2,1
17680,0,1,3,4,1
13729,1,0,3,2,1
9842,0,1,3,2,1
16416,0,1,3,1,2
3971,1,0,3,8,1
8856,0,1,3,3,1
5129,1,0,3,7,1
14767,0,1,3,6,1
7066,1,0,3,7,1
15143,0,1,3,1,1
17098,0,1,3,1,1
16793,0,1,3,0,1
17480,0,1,3,1,1
17376,0,1,3,0,1
14867,0,1,3,1,1
5027,1,0,3,2,1
16467,1,0,3,2,1
17041,0,1,3,2,1
17098,0,1,3,1,1
17213,0,1,3,1,1
6475,1,0,3,2,4
4325,0,1,3,7,1
14197,0,1,3,3,1
15364,0,1,3,2,1
15187,0,1,3,7,1
17537,0,1,3,1,1
16050,0,1,3,2,1
17074,0,1,3,0,1
15620,0,1,3,2,1
16704,0,1,3,2,1
15441,0,1,3,0,1
4010,1,0,3,7,2
14658,0,1,3,0,1
17385,0,1,3,3,1
17454,0,1,3,2,1
16513,0,1,3,1,1
15285,0,1,3,1,1
11915,1,0,3,2,1
17092,0,1,3,2,1
16740,0,1,3,2,1
8494,1,0,3,2,4
17148,0,1,3,2,1
8072,1,0,3,1,1
15186,0,1,3,1,1
15200,0,1,3,7,1
8494,1,0,3,2,4
16067,0,1,3,2,1
16062,0,1,3,2,1
17720,0,1,3,4,1
16522,0,1,3,2,1
16694,0,1,3,1,1
16959,0,1,3,3,1
10222,1,0,3,2,1
14658,0,1,3,0,1
5580,1,0,3,4,1
4046,1,0,3,2,1
16370,0,1,3,1,1
15340,0,1,3,1,1
16187,0,1,3,2,1
10815,0,1,3,9,1
17361,0,1,3,0,1
17124,0,1,3,2,1
15962,0,1,3,8,1
15285,0,1,3,1,1
14820,0,1,3,1,1
9353,1,0,3,7,2
6207,1,0,3,3,1
17187,0,1,3,2,1
8679,0,1,3,8,1
17035,0,1,3,7,1
6475,1,0,3,2,4
14478,0,1,3,8,1
17596,0,1,3,0,1
8866,1,0,3,3,1
16423,0,1,3,1,1
9180,1,0,3,7,2
9810,1,0,3,4,1
13903,0,1,3,3,1
14524,1,0,3,2,1
15160,0,1,3,2,1
17360,0,1,3,1,1
17300,0,1,3,0,1
15682,0,1,3,6,1
16856,0,1,3,2,1
3496,1,0,3,7,1
15397,0,1,3,1,1
16187,0,1,3,2,1
15533,0,1,3,2,1
17586,0,1,3,3,1
17287,0,1,3,3,1
17307,0,1,3,1,1
8734,0,1,3,4,1
11676,1,0,3,3,1
14201,1,0,3,3,1
17233,0,1,3,1,1
10848,1,0,3,2,1
15059,0,1,3,2,1
14658,0,1,3,0,1
16904,0,1,3,1,1
9500,1,0,3,6,2
14767,0,1,3,6,1
12188,1,0,3,4,1
13638,1,0,3,6,1
17792,0,1,3,1,1
11174,1,0,3,4,1
17024,0,1,3,1,1
17376,0,1,3,0,1
16395,0,1,3,1,1
16928,0,1,3,1,1
17578,0,1,3,2,1
16482,0,1,3,1,1
17505,0,1,3,1,1
12230,1,0,3,1,1
17111,0,1,3,3,1
4010,1,0,3,7,2
15921,0,1,3,1,1
8526,0,1,3,3,1
16904,0,1,3,1,1
15368,0,1,3,2,1
17300,0,1,3,0,1
6207,1,0,3,3,1
16986,0,1,3,7,1
15182,0,1,3,6,1
15940,0,1,3,2,1
16564,0,1,3,1,1
14804,0,1,3,1,1
16776,0,1,3,1,1
16497,0,1,3,1,1
9035,1,0,3,7,1
16497,0,1,3,1,1
11310,1,0,3,2,4
15829,0,1,3,2,1
17076,0,1,3,1,1
3939,1,0,3,7,1
17578,0,1,3,2,1
9035,1,0,3,7,1
15198,0,1,3,0,1
17103,0,1,3,1,1
17111,0,1,3,3,1
16456,0,1,3,7,1
4916,0,1,3,9,1
17253,0,1,3,0,1
17076,0,1,3,1,1
3671,1,0,3,7,2
12354,1,0,3,7,1
16305,0,1,3,2,1
14977,0,1,3,0,1
16938,0,1,3,2,1
4158,1,0,3,8,2
17578,0,1,3,2,1
17608,0,1,3,9,1
4059,1,0,3,8,1
9181,1,0,3,7,1
4059,1,0,3,8,1
17174,0,1,3,0,1
5076,1,0,3,3,2
16370,0,1,3,1,1
15717,0,1,3,1,1
12188,1,0,3,4,1
13819,1,0,3,3,3
7416,1,0,3,3,1
15638,0,1,3,2,1
16879,0,1,3,8,1
14760,0,1,3,1,1
17124,0,1,3,2,1
15354,0,1,3,0,1
11987,1,0,3,8,2
16416,0,1,3,1,2
14887,0,1,3,1,1
16178,0,1,3,1,1
16406,0,1,3,1,1
16339,0,1,3,0,1
8957,1,0,3,7,1
17536,0,1,3,1,1
17202,0,1,3,2,1
15221,0,1,3,1,1
13961,1,0,3,3,1
6059,1,0,3,4,1
16852,0,1,3,1,1
16440,0,1,3,0,1
16932,0,1,3,4,1
7614,1,0,3,4,3
12688,0,1,3,3,1
17264,0,1,3,0,1
15160,0,1,3,2,1
15717,0,1,3,1,1
5707,1,0,3,4,1
17461,0,1,3,1,1
9842,0,1,3,2,1
17426,0,1,3,3,1
17470,0,1,3,2,1
15196,0,1,3,1,2
16856,0,1,3,2,1
17119,0,1,3,1,1
16632,0,1,3,1,1
16395,0,1,3,1,1
16833,0,1,3,0,1
15272,0,1,3,1,1
14410,1,0,3,4,1
17443,0,1,3,2,1
17461,0,1,3,1,1
5027,1,0,3,2,1
17213,0,1,3,1,1
16252,0,1,3,1,1
3743,0,1,3,4,1
15351,0,1,3,2,1
16952,0,1,3,2,1
17074,0,1,3,0,1
4768,0,1,3,4,1
17454,0,1,3,2,1
14124,0,1,3,4,1
7066,1,0,3,7,1
14789,0,1,3,6,1
17416,0,1,3,1,1
10255,1,0,3,2,1
10981,1,0,3,2,1
17321,0,1,3,1,1
15807,0,1,3,1,1
11915,1,0,3,2,1
16857,0,1,3,1,1
15441,0,1,3,0,1
8311,1,0,3,4,1
16660,0,1,3,1,1
17308,0,1,3,4,1
17321,0,1,3,1,1
15921,0,1,3,1,1
16267,0,1,3,2,1
17362,0,1,3,1,1
15717,0,1,3,1,1
17001,0,1,3,2,1
14913,0,1,3,1,1
15740,0,1,3,3,1
12289,1,0,3,2,1
15975,0,1,3,1,1
12688,0,1,3,3,1
15624,0,1,3,1,1
4638,1,0,3,7,2
6153,1,0,3,6,1
4791,1,0,3,4,1
17181,0,1,3,2,1
15397,0,1,3,1,1
16877,0,1,3,5,1
16137,0,1,3,7,1
3971,1,0,3,8,1
10630,1,0,3,4,1
15674,0,1,3,1,1
17720,0,1,3,4,1
9181,1,0,3,7,1
16310,0,1,3,1,1
17376,0,1,3,0,1
4158,1,0,3,8,2
16642,0,1,3,6,1
3496,1,0,3,7,1
17024,0,1,3,1,1
16252,0,1,3,1,1
16553,0,1,3,1,1
17350,0,1,3,1,1
6207,1,0,3,3,1
16497,0,1,3,1,1
16467,1,0,3,2,1
17070,0,1,3,1,1
11310,1,0,3,2,4
4158,1,0,3,8,2
15492,0,1,3,3,1
17680,0,1,3,4,1
9035,1,0,3,7,1
12445,1,0,3,2,1
15492,0,1,3,3,1
16557,0,1,3,1,1
13729,1,0,3,2,1
17046,0,1,3,4,1
16771,0,1,3,2,1
5245,1,0,3,4,1
8311,1,0,3,4,1
14622,1,0,3,3,1
15453,0,1,3,2,1
15909,0,1,3,5,1
17487,0,1,3,1,1
17360,0,1,3,1,1
17583,0,1,3,1,1
17429,0,1,3,6,1
14626,1,0,3,7,1
16370,0,1,3,1,1
17240,0,1,3,2,1
16383,0,1,3,8,1
16177,0,1,3,3,1
17148,0,1,3,2,1
4011,1,0,3,7,1
15074,0,1,3,1,1
11956,1,0,3,8,1
16012,0,1,3,1,1
8866,1,0,3,3,1
17574,0,1,3,1,1
9842,0,1,3,2,1
15957,0,1,3,1,1
16632,0,1,3,1,1
16833,0,1,3,0,1
16932,0,1,3,4,1
15883,0,1,3,9,1
12938,1,0,3,4,3
16065,0,1,3,2,1
15940,0,1,3,2,1
14715,0,1,3,0,1
17583,0,1,3,1,1
2335,0,1,3,2,1
16451,0,1,3,3,1
8072,1,0,3,1,1
17018,0,1,3,0,1
17617,0,1,3,2,1
16141,0,1,3,1,1
12182,0,1,3,4,1
11211,1,0,3,6,1
17333,0,1,3,1,1
14770,0,1,3,7,1
17818,0,1,3,1,1
15182,0,1,3,6,1
14637,1,0,3,3,3
16395,0,1,3,1,1
12051,0,1,3,7,1
6428,1,0,3,1,1
16440,0,1,3,0,1
14289,1,0,3,4,1
16973,0,1,3,2,1
15196,0,1,3,1,2
17111,0,1,3,3,1
11221,1,0,3,3,1
15829,0,1,3,2,1
17461,0,1,3,1,1
17213,0,1,3,1,1
16986,0,1,3,7,1
16642,0,1,3,6,1
12445,1,0,3,2,1
17569,0,1,3,1,1
16252,0,1,3,1,1
4768,0,1,3,4,1
16137,0,1,3,7,1
16143,0,1,3,3,1
2335,0,1,3,2,1
11987,1,0,3,8,2
5707,1,0,3,4,1
15121,0,1,3,1,1
17818,0,1,3,1,1
15730,0,1,3,1,1
7614,1,0,3,4,3
16553,0,1,3,1,1
14524,1,0,3,2,1
14820,0,1,3,1,1
15187,0,1,3,7,1
4059,1,0,3,8,1
17852,0,1,3,1,1
16065,0,1,3,2,1
14867,0,1,3,1,1
15682,0,1,3,6,1
15326,0,1,3,1,1
15829,0,1,3,2,1
16337,0,1,3,1,1
12299,1,0,3,7,1
17792,0,1,3,1,1
15340,0,1,3,1,1
16404,0,1,3,1,1
16143,0,1,3,3,1
14908,0,1,3,2,1
6148,1,0,3,3,1
15368,0,1,3,2,1
14907,0,1,3,0,1
17371,0,1,3,1,1
14804,0,1,3,1,1
17240,0,1,3,2,1
17376,0,1,3,0,1
16261,0,1,3,1,1
16704,0,1,3,2,1
13979,1,0,3,4,2
17077,0,1,3,2,1
12299,1,0,3,7,1
16370,0,1,3,1,1
16408,0,1,3,1,1
16665,0,1,3,0,1
17410,0,1,3,1,1
15546,0,1,3,2,1
17056,0,1,3,7,1
17024,0,1,3,1,1
3971,1,0,3,8,1
16706,0,1,3,7,1
12435,0,1,3,3,1
15940,0,1,3,2,1
14315,1,0,3,2,4
16852,0,1,3,1,1
16899,0,1,3,0,1
3840,1,0,3,4,1
9180,1,0,3,7,2
14770,0,1,3,7,1
16196,0,1,3,1,1
15058,0,1,3,2,1
16435,0,1,3,1,1
11987,1,0,3,8,2
15342,0,1,3,1,1
17371,0,1,3,1,1
17574,0,1,3,1,1
17287,0,1,3,3,1
11588,1,0,3,7,1
17608,0,1,3,9,1
13729,1,0,3,2,1
5107,1,0,3,6,2
13096,1,0,3,3,1
16383,0,1,3,8,1
15507,0,1,3,3,1
16982,0,1,3,2,1
8679,0,1,3,8,1
17687,0,1,3,0,1
16564,0,1,3,1,1
16771,0,1,3,2,1
16382,0,1,3,6,1
17511,0,1,3,1,1
16187,0,1,3,2,1
2335,0,1,3,2,1
13819,1,0,3,3,3
16177,0,1,3,3,1
17599,0,1,3,1,1
13614,0,1,3,8,2
7318,1,0,3,7,1
16386,0,1,3,4,1
8437,1,0,3,6,3
16932,0,1,3,4,1
9500,1,0,3,6,2
17469,0,1,3,7,1
15351,0,1,3,2,1
17490,0,1,3,1,1
15049,0,1,3,3,1
17536,0,1,3,1,1
8054,1,0,3,4,2
8526,0,1,3,3,1
14524,1,0,3,2,1
14676,0,1,3,1,1
9478,1,0,3,7,1
14785,0,1,3,1,1
15988,0,1,3,3,1
8526,0,1,3,3,1
15730,0,1,3,1,1
8734,0,1,3,4,1
14410,1,0,3,4,1
17850,0,1,3,3,1
17578,0,1,3,2,1
16546,0,1,3,2,1
10568,1,0,3,2,2
17070,0,1,3,1,1
10815,0,1,3,9,1
12754,1,0,3,7,1
10815,0,1,3,9,1
4689,1,0,3,2,1
17536,0,1,3,1,1
17792,0,1,3,1,1
8957,1,0,3,7,1
17174,0,1,3,0,1
17850,0,1,3,3,1
16091,0,1,3,7,1
16697,0,1,3,2,1
16956,0,1,3,3,1
16612,0,1,3,1,1
12435,0,1,3,3,1
16740,0,1,3,2,1
16423,0,1,3,1,1
17537,0,1,3,1,1
9478,1,0,3,7,1
15272,0,1,3,1,1
13638,1,0,3,6,1
8221,1,0,3,2,1
8679,0,1,3,8,1
15143,0,1,3,1,1
13638,1,0,3,6,1
17231,0,1,3,3,1
17212,0,1,3,1,1
16467,1,0,3,2,1
9842,0,1,3,2,1
17680,0,1,3,4,1
17307,0,1,3,1,1
16395,0,1,3,1,1
15393,0,1,3,2,1
16200,0,1,3,0,1
17376,0,1,3,0,1
10815,0,1,3,9,1
17686,0,1,3,2,1
15962,0,1,3,8,1
16877,0,1,3,5,1
17561,0,1,3,6,1
11251,1,0,3,1,1
17587,0,1,3,1,1
16581,0,1,3,0,1
17490,0,1,3,1,1
17381,0,1,3,2,1
15952,0,1,3,1,1
3671,1,0,3,7,2
9082,1,0,3,7,2
16137,0,1,3,7,1
16564,0,1,3,1,1
16386,0,1,3,4,1
17490,0,1,3,1,1
17536,0,1,3,1,1
17264,0,1,3,0,1
11915,1,0,3,2,1
15354,0,1,3,0,1
14201,1,0,3,3,1
14197,0,1,3,3,1
4059,1,0,3,8,1
12938,1,0,3,4,3
17792,0,1,3,1,1
16386,0,1,3,4,1
16252,0,1,3,1,1
17596,0,1,3,0,1
16339,0,1,3,0,1
15441,0,1,3,0,1
16021,0,1,3,2,1
6365,0,1,3,3,1
17385,0,1,3,3,1
16738,0,1,3,1,1
16557,0,1,3,1,1
16382,0,1,3,6,1
16952,0,1,3,2,1
17046,0,1,3,4,1
17371,0,1,3,1,1
4791,1,0,3,4,1
17240,0,1,3,2,1
11211,1,0,3,6,1
16665,0,1,3,0,1
16383,0,1,3,8,1
11915,1,0,3,2,1
12281,1,0,3,3,2
17181,0,1,3,2,1
16118,0,1,3,2,1
16238,0,1,3,2,1
15180,0,1,3,1,1
7236,1,0,3,2,1
16021,0,1,3,2,1
16546,0,1,3,2,1
16067,0,1,3,2,1
13489,1,0,3,4,1
17651,0,1,3,3,1
16063,0,1,3,1,1
16196,0,1,3,1,1
16642,0,1,3,6,1
17070,0,1,3,1,1
17511,0,1,3,1,1
17017,0,1,3,1,1
7298,1,0,3,4,1
5129,1,0,3,7,1
14315,1,0,3,2,4
15651,0,1,3,2,1
14289,1,0,3,4,1
16200,0,1,3,0,1
13096,1,0,3,3,1
13657,1,0,3,1,1
11174,1,0,3,4,1
17321,0,1,3,1,1
14347,0,1,3,3,1
13802,1,0,3,4,1
3496,1,0,3,7,1
17409,0,1,3,1,1
8734,0,1,3,4,1
12754,1,0,3,7,1
9500,1,0,3,6,2
16771,0,1,3,2,1
16833,0,1,3,0,1
17578,0,1,3,2,1
15935,0,1,3,2,1
16838,0,1,3,3,1
11221,1,0,3,3,1
8580,1,0,3,2,1
6148,1,0,3,3,1
17174,0,1,3,0,1
14410,1,0,3,4,1
8468,1,0,3,4,1
17470,0,1,3,2,1
16440,0,1,3,0,1
15679,0,1,3,6,1
17362,0,1,3,1,1
17461,0,1,3,1,1
16310,0,1,3,1,1
17429,0,1,3,6,1
5869,0,1,3,3,1
9035,1,0,3,7,1
17511,0,1,3,1,1
17018,0,1,3,0,1
15935,0,1,3,2,1
16423,0,1,3,1,1
17080,0,1,3,2,1
14721,0,1,3,3,1
17034,0,1,3,1,1
14760,0,1,3,1,1
16938,0,1,3,2,1
6569,1,0,3,7,1
17046,0,1,3,4,1
13489,1,0,3,4,1
17024,0,1,3,1,1
17233,0,1,3,1,1
11956,1,0,3,8,1
16067,0,1,3,2,1
15285,0,1,3,1,1
15351,0,1,3,2,1
17132,0,1,3,7,1
5107,1,0,3,6,2
4010,1,0,3,7,2
16021,0,1,3,2,1
4011,1,0,3,7,1
17678,0,1,3,1,1
17041,0,1,3,2,1
12182,0,1,3,4,1
12289,1,0,3,2,1
14691,0,1,3,1,1
8494,1,0,3,2,4
14124,0,1,3,4,1
15198,0,1,3,0,1
6996,1,0,3,2,2
14201,1,0,3,3,1
16774,0,1,3,3,1
16252,0,1,3,1,1
8400,0,1,3,3,1
7066,1,0,3,7,1
14124,0,1,3,4,1
4689,1,0,3,2,1
10630,1,0,3,4,1
7994,0,1,3,8,2
14666,0,1,3,0,1
15160,0,1,3,2,1
16771,0,1,3,2,1
13802,1,0,3,4,1
17212,0,1,3,1,1
14626,1,0,3,7,1
17574,0,1,3,1,1
17784,0,1,3,1,1
17428,0,1,3,1,1
15682,0,1,3,6,1
8437,1,0,3,6,3
14770,0,1,3,7,1
6996,1,0,3,2,2
17794,0,1,3,2,1
11221,1,0,3,3,1
15400,0,1,3,1,1
14524,1,0,3,2,1
11987,1,0,3,8,2
13904,1,0,3,6,3
17603,0,1,3,7,1
13961,1,0,3,3,1
17385,0,1,3,3,1
16252,0,1,3,1,1
13638,1,0,3,6,1
17312,0,1,3,1,1
17694,0,1,3,4,1
17537,0,1,3,1,1
14478,0,1,3,8,1
4046,1,0,3,2,1
13248,1,0,3,1,1
17569,0,1,3,1,1
8761,1,0,3,2,1
8734,0,1,3,4,1
17441,0,1,3,1,1
15866,0,1,3,2,1
17248,0,1,3,3,1
15892,0,1,3,1,1
16522,0,1,3,2,1
16200,0,1,3,0,1
15935,0,1,3,2,1
9082,1,0,3,7,2
13802,1,0,3,4,1
16529,0,1,3,7,1
6277,1,0,3,1,1
17018,0,1,3,0,1
12289,1,0,3,2,1
14666,0,1,3,0,1
17361,0,1,3,0,1
15679,0,1,3,6,1
17578,0,1,3,2,1
17832,0,1,3,2,1
16111,0,1,3,1,1
14977,0,1,3,0,1
16382,0,1,3,6,1
4689,1,0,3,2,1
8400,0,1,3,3,1
15342,0,1,3,1,1
10815,0,1,3,9,1
6277,1,0,3,1,1
16178,0,1,3,1,1
14666,0,1,3,0,1
11230,1,0,3,7,1
5869,0,1,3,3,1
15507,0,1,3,3,1
15453,0,1,3,2,1
16856,0,1,3,2,1
14626,1,0,3,7,1
17098,0,1,3,1,1
8526,0,1,3,3,1
13096,1,0,3,3,1
16856,0,1,3,2,1
17046,0,1,3,4,1
8466,1,0,3,7,1
17361,0,1,3,0,1
17832,0,1,3,2,1
15106,0,1,3,1,1
15988,0,1,3,3,1
6996,1,0,3,2,2
16467,1,0,3,2,1
12445,1,0,3,2,1
17454,0,1,3,2,1
3840,1,0,3,4,1
17376,0,1,3,0,1
5129,1,0,3,7,1
14478,0,1,3,8,1
13904,1,0,3,6,3
15940,0,1,3,2,1
15483,0,1,3,2,1
15145,0,1,3,2,1
7066,1,0,3,7,1
8331,1,0,3,3,3
16339,0,1,3,0,1
17070,0,1,3,1,1
7552,1,0,3,2,1
15894,0,1,3,2,1
16727,0,1,3,0,1
16557,0,1,3,1,1
12445,1,0,3,2,1
15301,0,1,3,2,1
14721,0,1,3,3,1
15892,0,1,3,1,1
10815,0,1,3,9,1
15200,0,1,3,7,1
16200,0,1,3,0,1
16857,0,1,3,1,1
17667,0,1,3,1,1
16151,0,1,3,1,1
11676,1,0,3,3,1
15940,0,1,3,2,1
13961,1,0,3,3,1
16339,0,1,3,0,1
17443,0,1,3,2,1
5869,0,1,3,3,1
17531,0,1,3,1,1
16635,0,1,3,2,1
17716,0,1,3,2,2
16177,0,1,3,3,1
16383,0,1,3,8,1
16435,0,1,3,1,1
15198,0,1,3,0,1
11174,1,0,3,4,1
17469,0,1,3,7,1
14347,0,1,3,3,1
12182,0,1,3,4,1
7416,1,0,3,3,1
17182,0,1,3,1,1
4059,1,0,3,8,1
13729,1,0,3,2,1
17182,0,1,3,1,1
17169,0,1,3,7,1
13096,1,0,3,3,1
17617,0,1,3,2,1
3671,1,0,3,7,2
13657,1,0,3,1,1
5391,1,0,3,3,3
15624,0,1,3,1,1
16091,0,1,3,7,1
16776,0,1,3,1,1
11648,1,0,3,2,1
10919,1,0,3,4,1
11956,1,0,3,8,1
3840,1,0,3,4,1
17617,0,1,3,2,1
16928,0,1,3,1,1
15750,0,1,3,1,1
16952,0,1,3,2,1
16525,0,1,3,4,1
12182,0,1,3,4,1
16151,0,1,3,1,1
13904,1,0,3,6,3
9035,1,0,3,7,1
17536,0,1,3,1,1
17233,0,1,3,1,1
17608,0,1,3,9,1
17561,0,1,3,6,1
15492,0,1,3,3,1
16178,0,1,3,1,1
14524,1,0,3,2,1
16042,0,1,3,3,1
17583,0,1,3,1,1
6146,0,1,3,2,1
15400,0,1,3,1,1
13614,0,1,3,8,2
16238,0,1,3,2,1
17784,0,1,3,1,1
13979,1,0,3,4,2
11588,1,0,3,7,1
15624,0,1,3,1,1
8311,1,0,3,4,1
16932,0,1,3,4,1
16706,0,1,3,7,1
15892,0,1,3,1,1
17687,0,1,3,0,1
15774,0,1,3,1,1
17569,0,1,3,1,1
17487,0,1,3,1,1
16612,0,1,3,1,1
16529,0,1,3,7,1
14827,0,1,3,1,1
15019,0,1,3,2,1
17240,0,1,3,2,1
14201,1,0,3,3,1
15106,0,1,3,1,1
17608,0,1,3,9,1
16435,0,1,3,1,1
15921,0,1,3,1,1
17312,0,1,3,1,1
17233,0,1,3,1,1
17371,0,1,3,1,1
13638,1,0,3,6,1
16727,0,1,3,0,1
16467,1,0,3,2,1
10737,1,0,3,2,1
15729,0,1,3,3,1
17852,0,1,3,1,1
4059,1,0,3,8,1
15651,0,1,3,2,1
6996,1,0,3,2,2
6277,1,0,3,1,1
14658,0,1,3,0,1
8957,1,0,3,7,1
17377,0,1,3,2,1
16200,0,1,3,0,1
14347,0,1,3,3,1
15326,0,1,3,1,1
17852,0,1,3,1,1
14347,0,1,3,3,1
17587,0,1,3,1,1
13031,0,1,3,4,1
8331,1,0,3,3,3
16665,0,1,3,0,1
3939,1,0,3,7,1
17418,0,1,3,6,1
4158,1,0,3,8,2
8526,0,1,3,3,1
17181,0,1,3,2,1
17231,0,1,3,3,1
14622,1,0,3,3,1
8311,1,0,3,4,1
16774,0,1,3,3,1
12445,1,0,3,2,1
17312,0,1,3,1,1
17608,0,1,3,9,1
15187,0,1,3,7,1
16065,0,1,3,2,1
17608,0,1,3,9,1
15878,0,1,3,4,1
15957,0,1,3,1,1
5076,1,0,3,3,2
17490,0,1,3,1,1
16118,0,1,3,2,1
15842,0,1,3,6,1
16423,0,1,3,1,1
16187,0,1,3,2,1
14626,1,0,3,7,1
10222,1,0,3,2,1
16012,0,1,3,1,1
16525,0,1,3,4,1
11251,1,0,3,1,1
16665,0,1,3,0,1
16423,0,1,3,1,1
15638,0,1,3,2,1
17070,0,1,3,1,1
17418,0,1,3,6,1
17098,0,1,3,1,1
17794,0,1,3,2,1
17361,0,1,3,0,1
17111,0,1,3,3,1
5076,1,0,3,3,2
13489,1,0,3,4,1
11915,1,0,3,2,1
17792,0,1,3,1,1
17124,0,1,3,2,1
17231,0,1,3,3,1
17792,0,1,3,1,1
17511,0,1,3,1,1
5076,1,0,3,3,2
8856,0,1,3,3,1
8400,0,1,3,3,1
14760,0,1,3,1,1
17454,0,1,3,2,1
4059,1,0,3,8,1
16178,0,1,3,1,1
12384,0,1,3,4,1
10255,1,0,3,2,1
9810,1,0,3,4,1
13489,1,0,3,4,1
5437,1,0,3,2,1
16642,0,1,3,6,1
4768,0,1,3,4,1
13802,1,0,3,4,1
17716,0,1,3,2,2
16467,1,0,3,2,1
17470,0,1,3,2,1
17111,0,1,3,3,1
14478,0,1,3,8,1
16793,0,1,3,0,1
6365,0,1,3,3,1
15866,0,1,3,2,1
12445,1,0,3,2,1
7994,0,1,3,8,2
13979,1,0,3,4,2
17614,0,1,3,1,1
16177,0,1,3,3,1
3840,1,0,3,4,1
17614,0,1,3,1,1
17308,0,1,3,4,1
15957,0,1,3,1,1
16771,0,1,3,2,1
12445,1,0,3,2,1
17074,0,1,3,0,1
15962,0,1,3,8,1
14804,0,1,3,1,1
15842,0,1,3,6,1
17291,0,1,3,1,1
7466,1,0,3,2,1
17596,0,1,3,0,1
17569,0,1,3,1,1
17667,0,1,3,1,1
8981,1,0,3,3,3
17132,0,1,3,7,1
10581,1,0,3,2,1
13904,1,0,3,6,3
16576,0,1,3,2,1
14289,1,0,3,4,1
15019,0,1,3,2,1
17001,0,1,3,2,1
15935,0,1,3,2,1
8866,1,0,3,3,1
17182,0,1,3,1,1
15836,0,1,3,2,1
10543,1,0,3,8,1
15901,0,1,3,1,1
15901,0,1,3,1,1
10848,1,0,3,2,1
6153,1,0,3,6,1
16050,0,1,3,2,1
10737,1,0,3,2,1
16904,0,1,3,1,1
17056,0,1,3,7,1
16408,0,1,3,1,1
15354,0,1,3,0,1
16408,0,1,3,1,1
17321,0,1,3,1,1
12281,1,0,3,3,2
17350,0,1,3,1,1
15492,0,1,3,3,1
14804,0,1,3,1,1
8054,1,0,3,4,2
17818,0,1,3,1,1
11676,1,0,3,3,1
15025,0,1,3,3,1
8042,1,0,3,6,1
15878,0,1,3,4,1
17794,0,1,3,2,1
3939,1,0,3,7,1
14287,1,0,3,7,1
9810,1,0,3,4,1
17651,0,1,3,3,1
4158,1,0,3,8,2
17537,0,1,3,1,1
15453,0,1,3,2,1
9180,1,0,3,7,2
12938,1,0,3,4,3
14887,0,1,3,1,1
17092,0,1,3,2,1
8042,1,0,3,6,1
15346,0,1,3,2,1
17231,0,1,3,3,1
15740,0,1,3,3,1
15483,0,1,3,2,1
8856,0,1,3,3,1
13904,1,0,3,6,3
13248,1,0,3,1,1
17667,0,1,3,1,1
16456,0,1,3,7,1
17034,0,1,3,1,1
17356,0,1,3,1,1
17104,0,1,3,7,1
8221,1,0,3,2,1
4090,1,0,3,2,1
15272,0,1,3,1,1
17686,0,1,3,2,1
15682,0,1,3,6,1
15272,0,1,3,1,1
14867,0,1,3,1,1
16694,0,1,3,1,1
17818,0,1,3,1,1
14760,0,1,3,1,1
14478,0,1,3,8,1
14626,1,0,3,7,1
17603,0,1,3,7,1
17794,0,1,3,2,1
14977,0,1,3,0,1
17148,0,1,3,2,1
15025,0,1,3,3,1
17231,0,1,3,3,1
16408,0,1,3,1,1
15878,0,1,3,4,1
14887,0,1,3,1,1
11915,1,0,3,2,1
16137,0,1,3,7,1
15106,0,1,3,1,1
5683,1,0,3,8,1
7298,1,0,3,4,1
11468,1,0,3,4,1
15836,0,1,3,2,1
8957,1,0,3,7,1
15507,0,1,3,3,1
15412,0,1,3,2,1
15533,0,1,3,2,1
15354,0,1,3,0,1
17418,0,1,3,6,1
17270,0,1,3,1,1
17350,0,1,3,1,1
6277,1,0,3,1,1
4791,1,0,3,4,1
6277,1,0,3,1,1
17174,0,1,3,0,1
11507,1,0,3,7,1
10981,1,0,3,2,1
15049,0,1,3,3,1
4389,1,0,3,2,1
12051,0,1,3,7,1
17132,0,1,3,7,1
17361,0,1,3,0,1
12435,0,1,3,3,1
12445,1,0,3,2,1
7994,0,1,3,8,2
6951,1,0,3,4,1
5324,1,0,3,7,1
10543,1,0,3,8,1
4011,1,0,3,7,1
15682,0,1,3,6,1
16456,0,1,3,7,1
17454,0,1,3,2,1
15507,0,1,3,3,1
16067,0,1,3,2,1
16141,0,1,3,1,1
15180,0,1,3,1,1
15743,0,1,3,2,1
16196,0,1,3,1,1
15940,0,1,3,2,1
17449,0,1,3,1,1
15285,0,1,3,1,1
15145,0,1,3,2,1
17409,0,1,3,1,1
8856,0,1,3,3,1
17187,0,1,3,2,1
17454,0,1,3,2,1
16738,0,1,3,1,1
16740,0,1,3,2,1
14760,0,1,3,1,1
17614,0,1,3,1,1
8437,1,0,3,6,3
17300,0,1,3,0,1
17376,0,1,3,0,1
17487,0,1,3,1,1
9181,1,0,3,7,1
10737,1,0,3,2,1
3971,1,0,3,8,1
16635,0,1,3,2,1
15145,0,1,3,2,1
9181,1,0,3,7,1
6365,0,1,3,3,1
17080,0,1,3,2,1
11230,1,0,3,7,1
17416,0,1,3,1,1
17245,0,1,3,1,1
17794,0,1,3,2,1
14124,0,1,3,4,1
4389,1,0,3,2,1
12938,1,0,3,4,3
13903,0,1,3,3,1
16067,0,1,3,2,1
15507,0,1,3,3,1
16456,0,1,3,7,1
17291,0,1,3,1,1
16959,0,1,3,3,1
15441,0,1,3,0,1
13354,1,0,3,4,1
17418,0,1,3,6,1
17181,0,1,3,2,1
15221,0,1,3,1,1
17119,0,1,3,1,1
5245,1,0,3,4,1
7236,1,0,3,2,1
17443,0,1,3,2,1
15909,0,1,3,5,1
15909,0,1,3,5,1
16833,0,1,3,0,1
16852,0,1,3,1,1
3971,1,0,3,8,1
16522,0,1,3,2,1
13248,1,0,3,1,1
6146,0,1,3,2,1
11310,1,0,3,2,4
17758,0,1,3,1,1
16980,0,1,3,0,1
15351,0,1,3,2,1
16683,0,1,3,6,1
15368,0,1,3,2,1
13096,1,0,3,3,1
15878,0,1,3,4,1
16928,0,1,3,1,1
17248,0,1,3,3,1
16576,0,1,3,2,1
17490,0,1,3,1,1
17596,0,1,3,0,1
17410,0,1,3,1,1
17505,0,1,3,1,1
6996,1,0,3,2,2
16238,0,1,3,2,1
17074,0,1,3,0,1
16546,0,1,3,2,1
8761,1,0,3,2,1
10981,1,0,3,2,1
14676,0,1,3,1,1
15340,0,1,3,1,1
17041,0,1,3,2,1
11987,1,0,3,8,2
15019,0,1,3,2,1
15875,0,1,3,0,3
16986,0,1,3,7,1
15957,0,1,3,1,1
13904,1,0,3,6,3
14626,1,0,3,7,1
13410,1,0,3,2,1
16774,0,1,3,3,1
17844,0,1,3,2,1
15892,0,1,3,1,1
17018,0,1,3,0,1
15988,0,1,3,3,1
14867,0,1,3,1,1
14478,0,1,3,8,1
16838,0,1,3,3,1
17182,0,1,3,1,1
16178,0,1,3,1,1
16178,0,1,3,1,1
17056,0,1,3,7,1
15400,0,1,3,1,1
4046,1,0,3,2,1
4011,1,0,3,7,1
16021,0,1,3,2,1
16050,0,1,3,2,1
17360,0,1,3,1,1
17202,0,1,3,2,1
14887,0,1,3,1,1
17569,0,1,3,1,1
14197,0,1,3,3,1
17844,0,1,3,2,1
16462,0,1,3,1,1
16642,0,1,3,6,1
12281,1,0,3,3,2
17680,0,1,3,4,1
11588,1,0,3,7,1
16071,0,1,3,1,1
17287,0,1,3,3,1
17617,0,1,3,2,1
15272,0,1,3,1,1
14721,0,1,3,3,1
16178,0,1,3,1,1
17416,0,1,3,1,1
14767,0,1,3,6,1
11507,1,0,3,7,1
17034,0,1,3,1,1
17231,0,1,3,3,1
17794,0,1,3,2,1
12188,1,0,3,4,1
5580,1,0,3,4,1
15364,0,1,3,2,1
11987,1,0,3,8,2
6148,1,0,3,3,1
15975,0,1,3,1,1
15533,0,1,3,2,1
17384,0,1,3,1,1
4638,1,0,3,7,2
13904,1,0,3,6,3
17174,0,1,3,0,1
13904,1,0,3,6,3
12299,1,0,3,7,1
17124,0,1,3,2,1
16382,0,1,3,6,1
16928,0,1,3,1,1
15638,0,1,3,2,1
13072,1,0,3,3,1
13979,1,0,3,4,2
15620,0,1,3,2,1
15393,0,1,3,2,1
15180,0,1,3,1,1
15878,0,1,3,4,1
9180,1,0,3,7,2
13961,1,0,3,3,1
15556,0,1,3,1,1
16771,0,1,3,2,1
4916,0,1,3,9,1
16776,0,1,3,1,1
16143,0,1,3,3,1
15988,0,1,3,3,1
17608,0,1,3,9,1
15892,0,1,3,1,1
5324,1,0,3,7,1
15272,0,1,3,1,1
17596,0,1,3,0,1
17418,0,1,3,6,1
16139,0,1,3,8,1
7066,1,0,3,7,1
10222,1,0,3,2,1
17596,0,1,3,0,1
17240,0,1,3,2,1
9353,1,0,3,7,2
6428,1,0,3,1,1
17586,0,1,3,3,1
16071,0,1,3,1,1
14715,0,1,3,0,1
17333,0,1,3,1,1
14987,0,1,3,2,1
16856,0,1,3,2,1
14907,0,1,3,0,1
3671,1,0,3,7,2
15025,0,1,3,3,1
11956,1,0,3,8,1
4689,1,0,3,2,1
4923,1,0,3,1,1
17270,0,1,3,1,1
5391,1,0,3,3,3
16267,0,1,3,2,1
11221,1,0,3,3,1
16973,0,1,3,2,1
16118,0,1,3,2,1
12384,0,1,3,4,1
15453,0,1,3,2,1
11310,1,0,3,2,4
13096,1,0,3,3,1
16938,0,1,3,2,1
14913,0,1,3,1,1
13657,1,0,3,1,1
8494,1,0,3,2,4
12435,0,1,3,3,1
16952,0,1,3,2,1
15909,0,1,3,5,1
3671,1,0,3,7,2
17487,0,1,3,1,1
17103,0,1,3,1,1
10919,1,0,3,4,1
17794,0,1,3,2,1
15393,0,1,3,2,1
16522,0,1,3,2,1
16938,0,1,3,2,1
16857,0,1,3,1,1
17680,0,1,3,4,1
4011,1,0,3,7,1
17231,0,1,3,3,1
17077,0,1,3,2,1
16382,0,1,3,6,1
15492,0,1,3,3,1
15346,0,1,3,2,1
17259,0,1,3,1,1
8311,1,0,3,4,1
17361,0,1,3,0,1
11468,1,0,3,4,1
4090,1,0,3,2,1
17132,0,1,3,7,1
17321,0,1,3,1,1
9180,1,0,3,7,2
15546,0,1,3,2,1
9500,1,0,3,6,2
16456,0,1,3,7,1
7392,0,1,3,4,1
4059,1,0,3,8,1
15200,0,1,3,7,1
17587,0,1,3,1,1
4158,1,0,3,8,2
12182,0,1,3,4,1
17308,0,1,3,4,1
17422,0,1,3,2,1
17035,0,1,3,7,1
4768,0,1,3,4,1
8605,1,0,3,4,1
17182,0,1,3,1,1
15717,0,1,3,1,1
15368,0,1,3,2,1
8466,1,0,3,7,1
16440,0,1,3,0,1
15221,0,1,3,1,1
10737,1,0,3,2,1
14913,0,1,3,1,1
12754,1,0,3,7,1
11310,1,0,3,2,4
17070,0,1,3,1,1
12754,1,0,3,7,1
4768,0,1,3,4,1
17138,0,1,3,6,2
5027,1,0,3,2,1
15412,0,1,3,2,1
14201,1,0,3,3,1
16252,0,1,3,1,1
15483,0,1,3,2,1
17649,0,1,3,1,1
16423,0,1,3,1,1
17844,0,1,3,2,1
16904,0,1,3,1,1
17231,0,1,3,3,1
15160,0,1,3,2,1
6146,0,1,3,2,1
17381,0,1,3,2,1
15901,0,1,3,1,1
14977,0,1,3,0,1
7486,1,0,3,2,1
17377,0,1,3,2,1
4768,0,1,3,4,1
16050,0,1,3,2,1
11987,1,0,3,8,2
8468,1,0,3,4,1
3743,0,1,3,4,1
15354,0,1,3,0,1
4158,1,0,3,8,2
3671,1,0,3,7,2
15326,0,1,3,1,1
15453,0,1,3,2,1
16665,0,1,3,0,1
14913,0,1,3,1,1
7416,1,0,3,3,1
17103,0,1,3,1,1
17034,0,1,3,1,1
15866,0,1,3,2,1
5027,1,0,3,2,1
14578,1,0,3,2,1
14347,0,1,3,3,1
8957,1,0,3,7,1
17212,0,1,3,1,1
14410,1,0,3,4,1
14977,0,1,3,0,1
7994,0,1,3,8,2
17212,0,1,3,1,1
16395,0,1,3,1,1
16513,0,1,3,1,1
16959,0,1,3,3,1
15221,0,1,3,1,1
17233,0,1,3,1,1
14124,0,1,3,4,1
11230,1,0,3,7,1
8679,0,1,3,8,1
5391,1,0,3,3,3
16456,0,1,3,7,1
17822,0,1,3,4,1
11915,1,0,3,2,1
17291,0,1,3,1,1
16879,0,1,3,8,1
15049,0,1,3,3,1
4689,1,0,3,2,1
17385,0,1,3,3,1
14760,0,1,3,1,1
15441,0,1,3,0,1
16833,0,1,3,0,1
14887,0,1,3,1,1
11507,1,0,3,7,1
14887,0,1,3,1,1
17784,0,1,3,1,1
13802,1,0,3,4,1
16513,0,1,3,1,1
11676,1,0,3,3,1
11507,1,0,3,7,1
15829,0,1,3,2,1
17694,0,1,3,4,1
15829,0,1,3,2,1
16383,0,1,3,8,1
17578,0,1,3,2,1
16451,0,1,3,3,1
11956,1,0,3,8,1
16370,0,1,3,1,1
14524,1,0,3,2,1
17187,0,1,3,2,1
15121,0,1,3,1,1
15901,0,1,3,1,1
13903,0,1,3,3,1
15674,0,1,3,1,1
6569,1,0,3,7,1
17687,0,1,3,0,1
17181,0,1,3,2,1
15121,0,1,3,1,1
6569,1,0,3,7,1
8761,1,0,3,2,1
12281,1,0,3,3,2
8605,1,0,3,4,1
16904,0,1,3,1,1
13189,1,0,3,3,3
9500,1,0,3,6,2
17182,0,1,3,1,1
16553,0,1,3,1,1
8008,1,0,3,3,1
13248,1,0,3,1,1
7066,1,0,3,7,1
15894,0,1,3,2,1
17586,0,1,3,3,1
11211,1,0,3,6,1
11507,1,0,3,7,1
16833,0,1,3,0,1
15866,0,1,3,2,1
11956,1,0,3,8,1
15121,0,1,3,1,1
16683,0,1,3,6,1
16956,0,1,3,3,1
7236,1,0,3,2,1
15730,0,1,3,1,1
17212,0,1,3,1,1
17362,0,1,3,1,1
5707,1,0,3,4,1
16382,0,1,3,6,1
17253,0,1,3,0,1
8437,1,0,3,6,3
16793,0,1,3,0,1
16522,0,1,3,2,1
17333,0,1,3,1,1
17617,0,1,3,2,1
6996,1,0,3,2,2
17231,0,1,3,3,1
8580,1,0,3,2,1
15049,0,1,3,3,1
15909,0,1,3,5,1
16879,0,1,3,8,1
8466,1,0,3,7,1
9500,1,0,3,6,2
15901,0,1,3,1,1
12299,1,0,3,7,1
15492,0,1,3,3,1
16267,0,1,3,2,1
17312,0,1,3,1,1
12435,0,1,3,3,1
16111,0,1,3,1,1
16451,0,1,3,3,1
10630,1,0,3,4,1
16557,0,1,3,1,1
16305,0,1,3,2,1
14884,0,1,3,7,1
14767,0,1,3,6,1
16467,1,0,3,2,1
16952,0,1,3,2,1
14977,0,1,3,0,1
7486,1,0,3,2,1
5437,1,0,3,2,1
9035,1,0,3,7,1
14124,0,1,3,4,1
17680,0,1,3,4,1
5869,0,1,3,3,1
15272,0,1,3,1,1
17287,0,1,3,3,1
17245,0,1,3,1,1
16952,0,1,3,2,1
11174,1,0,3,4,1
17287,0,1,3,3,1
16727,0,1,3,0,1
15351,0,1,3,2,1
17119,0,1,3,1,1
14622,1,0,3,3,1
17428,0,1,3,1,1
15351,0,1,3,2,1
16012,0,1,3,1,1
12051,0,1,3,7,1
17138,0,1,3,6,2
16665,0,1,3,0,1
17182,0,1,3,1,1
14884,0,1,3,7,1
17748,0,1,3,6,1
11174,1,0,3,4,1
15340,0,1,3,1,1
15186,0,1,3,1,1
8466,1,0,3,7,1
6428,1,0,3,1,1
16576,0,1,3,2,1
16370,0,1,3,1,1
15441,0,1,3,0,1
14907,0,1,3,0,1
11211,1,0,3,6,1
9035,1,0,3,7,1
16694,0,1,3,1,1
15807,0,1,3,1,1
16941,0,1,3,6,1
17441,0,1,3,1,1
4791,1,0,3,4,1
15106,0,1,3,1,1
14804,0,1,3,1,1
17307,0,1,3,1,1
17687,0,1,3,0,1
3939,1,0,3,7,1
8466,1,0,3,7,1
12354,1,0,3,7,1
17181,0,1,3,2,1
17608,0,1,3,9,1
14478,0,1,3,8,1
15750,0,1,3,1,1
15180,0,1,3,1,1
13903,0,1,3,3,1
17678,0,1,3,1,1
13638,1,0,3,6,1
17385,0,1,3,3,1
15143,0,1,3,1,1
17231,0,1,3,3,1
17362,0,1,3,1,1
14201,1,0,3,3,1
17034,0,1,3,1,1
17077,0,1,3,2,1
13614,0,1,3,8,2
16451,0,1,3,3,1
14637,1,0,3,3,3
16456,0,1,3,7,1
4791,1,0,3,4,1
8957,1,0,3,7,1
8437,1,0,3,6,3
12688,0,1,3,3,1
9181,1,0,3,7,1
15342,0,1,3,1,1
17333,0,1,3,1,1
17678,0,1,3,1,1
16395,0,1,3,1,1
17212,0,1,3,1,1
17001,0,1,3,2,1
16771,0,1,3,2,1
16706,0,1,3,7,1
17077,0,1,3,2,1
17169,0,1,3,7,1
17461,0,1,3,1,1
17361,0,1,3,0,1
14524,1,0,3,2,1
14804,0,1,3,1,1
11915,1,0,3,2,1
15106,0,1,3,1,1
17076,0,1,3,1,1
17852,0,1,3,1,1
16561,0,1,3,6,1
9180,1,0,3,7,2
16187,0,1,3,2,1
8950,1,0,3,3,1
14124,0,1,3,4,1
8008,1,0,3,3,1
8008,1,0,3,3,1
16857,0,1,3,1,1
5245,1,0,3,4,1
17443,0,1,3,2,1
6365,0,1,3,3,1
14676,0,1,3,1,1
17356,0,1,3,1,1
9180,1,0,3,7,2
14789,0,1,3,6,1
4389,1,0,3,2,1
10568,1,0,3,2,2
17536,0,1,3,1,1
15121,0,1,3,1,1
10568,1,0,3,2,2
8221,1,0,3,2,1
16581,0,1,3,0,1
16706,0,1,3,7,1
3840,1,0,3,4,1
3496,1,0,3,7,1
4916,0,1,3,9,1
11468,1,0,3,4,1
7486,1,0,3,2,1
8311,1,0,3,4,1
16581,0,1,3,0,1
10568,1,0,3,2,2
13657,1,0,3,1,1
16980,0,1,3,0,1
17416,0,1,3,1,1
12289,1,0,3,2,1
14666,0,1,3,0,1
9180,1,0,3,7,2
8679,0,1,3,8,1
16740,0,1,3,2,1
17360,0,1,3,1,1
16261,0,1,3,1,1
17454,0,1,3,2,1
7614,1,0,3,4,3
13248,1,0,3,1,1
10581,1,0,3,2,1
15049,0,1,3,3,1
15717,0,1,3,1,1
16513,0,1,3,1,1
6996,1,0,3,2,2
17480,0,1,3,1,1
5580,1,0,3,4,1
17119,0,1,3,1,1
16067,0,1,3,2,1
4768,0,1,3,4,1
14201,1,0,3,3,1
17076,0,1,3,1,1
8400,0,1,3,3,1
16959,0,1,3,3,1
17003,0,1,3,1,1
15285,0,1,3,1,1
13638,1,0,3,6,1
17034,0,1,3,1,1
15507,0,1,3,3,1
15272,0,1,3,1,1
8856,0,1,3,3,1
15285,0,1,3,1,1
11676,1,0,3,3,1
9810,1,0,3,4,1
16012,0,1,3,1,1
17259,0,1,3,1,1
17070,0,1,3,1,1
17850,0,1,3,3,1
14671,0,1,3,2,1
7552,1,0,3,2,1
16141,0,1,3,1,1
5107,1,0,3,6,2
16982,0,1,3,2,1
17470,0,1,3,2,1
8311,1,0,3,4,1
17248,0,1,3,3,1
15750,0,1,3,1,1
15866,0,1,3,2,1
17098,0,1,3,1,1
17561,0,1,3,6,1
6428,1,0,3,1,1
10543,1,0,3,8,1
6277,1,0,3,1,1
15412,0,1,3,2,1
15921,0,1,3,1,1
14666,0,1,3,0,1
17418,0,1,3,6,1
16091,0,1,3,7,1
9478,1,0,3,7,1
17046,0,1,3,4,1
14804,0,1,3,1,1
17371,0,1,3,1,1
17212,0,1,3,1,1
15118,0,1,3,1,1
16406,0,1,3,1,1
15962,0,1,3,8,1
15975,0,1,3,1,1
8580,1,0,3,2,1
3971,1,0,3,8,1
17245,0,1,3,1,1
17694,0,1,3,4,1
16305,0,1,3,2,1
14626,1,0,3,7,1
17818,0,1,3,1,1
9082,1,0,3,7,2
8494,1,0,3,2,4
7416,1,0,3,3,1
17132,0,1,3,7,1
6569,1,0,3,7,1
17181,0,1,3,2,1
17385,0,1,3,3,1
15638,0,1,3,2,1
10919,1,0,3,4,1
15211,0,1,3,1,1
6277,1,0,3,1,1
16467,1,0,3,2,1
17617,0,1,3,2,1
17536,0,1,3,1,1
15975,0,1,3,1,1
17092,0,1,3,2,1
15935,0,1,3,2,1
16665,0,1,3,0,1
17098,0,1,3,1,1
16956,0,1,3,3,1
15894,0,1,3,2,1
16139,0,1,3,8,1
11588,1,0,3,7,1
16941,0,1,3,6,1
6153,1,0,3,6,1
17822,0,1,3,4,1
17307,0,1,3,1,1
15351,0,1,3,2,1
12435,0,1,3,3,1
3971,1,0,3,8,1
10737,1,0,3,2,1
17300,0,1,3,0,1
17056,0,1,3,7,1
14785,0,1,3,1,1
11211,1,0,3,6,1
10737,1,0,3,2,1
15901,0,1,3,1,1
17720,0,1,3,4,1
17536,0,1,3,1,1
16959,0,1,3,3,1
15740,0,1,3,3,1
16063,0,1,3,1,1
5580,1,0,3,4,1
13189,1,0,3,3,3
4059,1,0,3,8,1
17148,0,1,3,2,1
16382,0,1,3,6,1
17024,0,1,3,1,1
4344,1,0,3,7,1
12435,0,1,3,3,1
8054,1,0,3,4,2
11230,1,0,3,7,1
17024,0,1,3,1,1
4791,1,0,3,4,1
14347,0,1,3,3,1
15988,0,1,3,3,1
14578,1,0,3,2,1
15901,0,1,3,1,1
17264,0,1,3,0,1
10815,0,1,3,9,1
15368,0,1,3,2,1
7614,1,0,3,4,3
15743,0,1,3,2,1
12384,0,1,3,4,1
16139,0,1,3,8,1
16553,0,1,3,1,1
5076,1,0,3,3,2
12688,0,1,3,3,1
16856,0,1,3,2,1
15106,0,1,3,1,1
16118,0,1,3,2,1
17213,0,1,3,1,1
17308,0,1,3,4,1
14201,1,0,3,3,1
17074,0,1,3,0,1
12938,1,0,3,4,3
15412,0,1,3,2,1
14987,0,1,3,2,1
17694,0,1,3,4,1
17716,0,1,3,2,2
15952,0,1,3,1,1
17003,0,1,3,1,1
17822,0,1,3,4,1
17410,0,1,3,1,1
13031,0,1,3,4,1
15221,0,1,3,1,1
7994,0,1,3,8,2
17376,0,1,3,0,1
17035,0,1,3,7,1
17148,0,1,3,2,1
17490,0,1,3,1,1
17384,0,1,3,1,1
16952,0,1,3,2,1
16952,0,1,3,2,1
17569,0,1,3,1,1
15272,0,1,3,1,1
15326,0,1,3,1,1
15400,0,1,3,1,1
17651,0,1,3,3,1
12688,0,1,3,3,1
8679,0,1,3,8,1
17694,0,1,3,4,1
16151,0,1,3,1,1
17686,0,1,3,2,1
16067,0,1,3,2,1
14289,1,0,3,4,1
15750,0,1,3,1,1
15342,0,1,3,1,1
15019,0,1,3,2,1
17307,0,1,3,1,1
17649,0,1,3,1,1
14622,1,0,3,3,1
14827,0,1,3,1,1
5683,1,0,3,8,1
6207,1,0,3,3,1
16406,0,1,3,1,1
17384,0,1,3,1,1
16694,0,1,3,1,1
16456,0,1,3,7,1
8605,1,0,3,4,1
17441,0,1,3,1,1
16091,0,1,3,7,1
14785,0,1,3,1,1
17077,0,1,3,2,1
13961,1,0,3,3,1
16050,0,1,3,2,1
16553,0,1,3,1,1
11221,1,0,3,3,1
13354,1,0,3,4,1
16833,0,1,3,0,1
16021,0,1,3,2,1
16774,0,1,3,3,1
17312,0,1,3,1,1
16187,0,1,3,2,1
15244,0,1,3,1,1
17070,0,1,3,1,1
16042,0,1,3,3,1
17308,0,1,3,4,1
8311,1,0,3,4,1
17794,0,1,3,2,1
17360,0,1,3,1,1
15750,0,1,3,1,1
14289,1,0,3,4,1
6569,1,0,3,7,1
17356,0,1,3,1,1
17536,0,1,3,1,1
15150,0,1,3,0,1
13903,0,1,3,3,1
12281,1,0,3,3,2
2335,0,1,3,2,1
17561,0,1,3,6,1
15743,0,1,3,2,1
16738,0,1,3,1,1
12384,0,1,3,4,1
15025,0,1,3,3,1
8331,1,0,3,3,3
3743,0,1,3,4,1
17443,0,1,3,2,1
17248,0,1,3,3,1
16383,0,1,3,8,1
16261,0,1,3,1,1
13638,1,0,3,6,1
15025,0,1,3,3,1
4791,1,0,3,4,1
15412,0,1,3,2,1
16451,0,1,3,3,1
11915,1,0,3,2,1
17422,0,1,3,2,1
16382,0,1,3,6,1
13614,0,1,3,8,2
17804,0,1,3,1,1
17583,0,1,3,1,1
17187,0,1,3,2,1
6148,1,0,3,3,1
17132,0,1,3,7,1
16877,0,1,3,5,1
15836,0,1,3,2,1
16635,0,1,3,2,1
15196,0,1,3,1,2
15211,0,1,3,1,1
11648,1,0,3,2,1
15397,0,1,3,1,1
13031,0,1,3,4,1
15829,0,1,3,2,1
15346,0,1,3,2,1
17240,0,1,3,2,1
17449,0,1,3,1,1
9697,1,0,3,8,1
16857,0,1,3,1,1
17034,0,1,3,1,1
6475,1,0,3,2,4
6146,0,1,3,2,1
13614,0,1,3,8,2
10630,1,0,3,4,1
16564,0,1,3,1,1
15019,0,1,3,2,1
5707,1,0,3,4,1
13819,1,0,3,3,3
5391,1,0,3,3,3
16642,0,1,3,6,1
9035,1,0,3,7,1
16982,0,1,3,2,1
16118,0,1,3,2,1
17360,0,1,3,1,1
16740,0,1,3,2,1
16012,0,1,3,1,1
14201,1,0,3,3,1
10815,0,1,3,9,1
15301,0,1,3,2,1
13961,1,0,3,3,1
17385,0,1,3,3,1
8981,1,0,3,3,3
11251,1,0,3,1,1
17416,0,1,3,1,1
17098,0,1,3,1,1
17362,0,1,3,1,1
16063,0,1,3,1,1
15150,0,1,3,0,1
16141,0,1,3,1,1
17617,0,1,3,2,1
14760,0,1,3,1,1
16561,0,1,3,6,1
15187,0,1,3,7,1
8054,1,0,3,4,2
8526,0,1,3,3,1
15829,0,1,3,2,1
12281,1,0,3,3,2
17024,0,1,3,1,1
12182,0,1,3,4,1
16063,0,1,3,1,1
17384,0,1,3,1,1
17180,0,1,3,0,1
12051,0,1,3,7,1
17350,0,1,3,1,1
17422,0,1,3,2,1
16482,0,1,3,1,1
14626,1,0,3,7,1
17360,0,1,3,1,1
17603,0,1,3,7,1
16151,0,1,3,1,1
15952,0,1,3,1,1
16522,0,1,3,2,1
14524,1,0,3,2,1
17034,0,1,3,1,1
16408,0,1,3,1,1
9478,1,0,3,7,1
13614,0,1,3,8,2
15180,0,1,3,1,1
16416,0,1,3,1,2
15412,0,1,3,2,1
17850,0,1,3,3,1
17449,0,1,3,1,1
16642,0,1,3,6,1
15364,0,1,3,2,1
6207,1,0,3,3,1
15106,0,1,3,1,1
8400,0,1,3,3,1
17694,0,1,3,4,1
15940,0,1,3,2,1
3496,1,0,3,7,1
16932,0,1,3,4,1
12289,1,0,3,2,1
11251,1,0,3,1,1
9180,1,0,3,7,2
17361,0,1,3,0,1
12051,0,1,3,7,1
12354,1,0,3,7,1
15875,0,1,3,0,3
14887,0,1,3,1,1
4344,1,0,3,7,1
17716,0,1,3,2,2
8042,1,0,3,6,1
16982,0,1,3,2,1
17385,0,1,3,3,1
14347,0,1,3,3,1
15975,0,1,3,1,1
5707,1,0,3,4,1
15962,0,1,3,8,1
8072,1,0,3,1,1
7066,1,0,3,7,1
17649,0,1,3,1,1
15875,0,1,3,0,3
13904,1,0,3,6,3
16553,0,1,3,1,1
16386,0,1,3,4,1
16065,0,1,3,2,1
16894,0,1,3,0,1
17505,0,1,3,1,1
14721,0,1,3,3,1
17307,0,1,3,1,1
15150,0,1,3,0,1
17461,0,1,3,1,1
17132,0,1,3,7,1
16546,0,1,3,2,1
5707,1,0,3,4,1
17603,0,1,3,7,1
17792,0,1,3,1,1
15326,0,1,3,1,1
17758,0,1,3,1,1
8221,1,0,3,2,1
3971,1,0,3,8,1
16370,0,1,3,1,1
16738,0,1,3,1,1
17384,0,1,3,1,1
17360,0,1,3,1,1
16632,0,1,3,1,1
17426,0,1,3,3,1
8679,0,1,3,8,1
14767,0,1,3,6,1
6569,1,0,3,7,1
4325,0,1,3,7,1
16932,0,1,3,4,1
13819,1,0,3,3,3
5107,1,0,3,6,2
16408,0,1,3,1,1
9842,0,1,3,2,1
17233,0,1,3,1,1
15507,0,1,3,3,1
4791,1,0,3,4,1
16406,0,1,3,1,1
6146,0,1,3,2,1
16065,0,1,3,2,1
14315,1,0,3,2,4
14820,0,1,3,1,1
12754,1,0,3,7,1
16435,0,1,3,1,1
17537,0,1,3,1,1
16776,0,1,3,1,1
5245,1,0,3,4,1
15901,0,1,3,1,1
17233,0,1,3,1,1
8679,0,1,3,8,1
17377,0,1,3,2,1
8331,1,0,3,3,3
16727,0,1,3,0,1
15059,0,1,3,2,1
17678,0,1,3,1,1
14578,1,0,3,2,1
16774,0,1,3,3,1
17428,0,1,3,1,1
16932,0,1,3,4,1
15883,0,1,3,9,1
8494,1,0,3,2,4
9181,1,0,3,7,1
17350,0,1,3,1,1
15921,0,1,3,1,1
15285,0,1,3,1,1
14197,0,1,3,3,1
15211,0,1,3,1,1
17187,0,1,3,2,1
8008,1,0,3,3,1
15975,0,1,3,1,1
15921,0,1,3,1,1
15342,0,1,3,1,1
16139,0,1,3,8,1
13096,1,0,3,3,1
17614,0,1,3,1,1
17056,0,1,3,7,1
16938,0,1,3,2,1
17487,0,1,3,1,1
17441,0,1,3,1,1
9842,0,1,3,2,1
11230,1,0,3,7,1
15679,0,1,3,6,1
16877,0,1,3,5,1
17360,0,1,3,1,1
13614,0,1,3,8,2
16200,0,1,3,0,1
17385,0,1,3,3,1
15624,0,1,3,1,1
16704,0,1,3,2,1
16440,0,1,3,0,1
14789,0,1,3,6,1
13489,1,0,3,4,1
14987,0,1,3,2,1
17822,0,1,3,4,1
6996,1,0,3,2,2
16382,0,1,3,6,1
16982,0,1,3,2,1
15019,0,1,3,2,1
13096,1,0,3,3,1
6365,0,1,3,3,1
17213,0,1,3,1,1
17056,0,1,3,7,1
16856,0,1,3,2,1
9500,1,0,3,6,2
16267,0,1,3,2,1
16706,0,1,3,7,1
15730,0,1,3,1,1
17409,0,1,3,1,1
15049,0,1,3,3,1
16497,0,1,3,1,1
11174,1,0,3,4,1
16941,0,1,3,6,1
16423,0,1,3,1,1
17074,0,1,3,0,1
15533,0,1,3,2,1
15952,0,1,3,1,1
16740,0,1,3,2,1
6059,1,0,3,4,1
16395,0,1,3,1,1
6207,1,0,3,3,1
4389,1,0,3,2,1
16740,0,1,3,2,1
16067,0,1,3,2,1
16406,0,1,3,1,1
7614,1,0,3,4,3
17356,0,1,3,1,1
14887,0,1,3,1,1
6207,1,0,3,3,1
6148,1,0,3,3,1
17174,0,1,3,0,1
15049,0,1,3,3,1
15962,0,1,3,8,1
13819,1,0,3,3,3
17148,0,1,3,2,1
16635,0,1,3,2,1
12354,1,0,3,7,1
6475,1,0,3,2,4
6431,1,0,3,3,1
2335,0,1,3,2,1
14671,0,1,3,2,1
11221,1,0,3,3,1
4689,1,0,3,2,1
16632,0,1,3,1,1
8494,1,0,3,2,4
17561,0,1,3,6,1
17461,0,1,3,1,1
11230,1,0,3,7,1
15975,0,1,3,1,1
17461,0,1,3,1,1
15674,0,1,3,1,1
17307,0,1,3,1,1
16370,0,1,3,1,1
9500,1,0,3,6,2
10848,1,0,3,2,1
17694,0,1,3,4,1
15807,0,1,3,1,1
17531,0,1,3,1,1
3971,1,0,3,8,1
14197,0,1,3,3,1
16774,0,1,3,3,1
14767,0,1,3,6,1
16738,0,1,3,1,1
14347,0,1,3,3,1
17384,0,1,3,1,1
15301,0,1,3,2,1
14789,0,1,3,6,1
14770,0,1,3,7,1
16704,0,1,3,2,1
16694,0,1,3,1,1
13802,1,0,3,4,1
17490,0,1,3,1,1
16546,0,1,3,2,1
17720,0,1,3,4,1
14524,1,0,3,2,1
12354,1,0,3,7,1
17321,0,1,3,1,1
8957,1,0,3,7,1
17818,0,1,3,1,1
13819,1,0,3,3,3
15651,0,1,3,2,1
17264,0,1,3,0,1
17360,0,1,3,1,1
9035,1,0,3,7,1
11507,1,0,3,7,1
15397,0,1,3,1,1
16632,0,1,3,1,1
17041,0,1,3,2,1
15717,0,1,3,1,1
13638,1,0,3,6,1
6207,1,0,3,3,1
17356,0,1,3,1,1
15892,0,1,3,1,1
17470,0,1,3,2,1
16143,0,1,3,3,1
10981,1,0,3,2,1
15160,0,1,3,2,1
17490,0,1,3,1,1
16406,0,1,3,1,1
16612,0,1,3,1,1
17586,0,1,3,3,1
15957,0,1,3,1,1
17180,0,1,3,0,1
15211,0,1,3,1,1
7236,1,0,3,2,1
11956,1,0,3,8,1
15150,0,1,3,0,1
17035,0,1,3,7,1
6148,1,0,3,3,1
5245,1,0,3,4,1
15894,0,1,3,2,1
9035,1,0,3,7,1
17536,0,1,3,1,1
14287,1,0,3,7,1
11915,1,0,3,2,1
3496,1,0,3,7,1
9842,0,1,3,2,1
14658,0,1,3,0,1
17098,0,1,3,1,1
17182,0,1,3,1,1
16833,0,1,3,0,1
16303,0,1,3,0,1
15892,0,1,3,1,1
8950,1,0,3,3,1
17361,0,1,3,0,1
15975,0,1,3,1,1
17312,0,1,3,1,1
15556,0,1,3,1,1
16525,0,1,3,4,1
16435,0,1,3,1,1
16370,0,1,3,1,1
17596,0,1,3,0,1
17686,0,1,3,2,1
16894,0,1,3,0,1
15272,0,1,3,1,1
8042,1,0,3,6,1
6996,1,0,3,2,2
12354,1,0,3,7,1
15368,0,1,3,2,1
17248,0,1,3,3,1
16091,0,1,3,7,1
17245,0,1,3,1,1
16261,0,1,3,1,1
16141,0,1,3,1,1
16067,0,1,3,2,1
17426,0,1,3,3,1
11211,1,0,3,6,1
13802,1,0,3,4,1
17321,0,1,3,1,1
10581,1,0,3,2,1
17377,0,1,3,2,1
17024,0,1,3,1,1
8526,0,1,3,3,1
17422,0,1,3,2,1
17822,0,1,3,4,1
12188,1,0,3,4,1
5391,1,0,3,3,3
14977,0,1,3,0,1
16952,0,1,3,2,1
16857,0,1,3,1,1
16178,0,1,3,1,1
17505,0,1,3,1,1
15074,0,1,3,1,1
14289,1,0,3,4,1
14721,0,1,3,3,1
16660,0,1,3,1,1
6207,1,0,3,3,1
8054,1,0,3,4,2
4923,1,0,3,1,1
16928,0,1,3,1,1
8605,1,0,3,4,1
6951,1,0,3,4,1
14478,0,1,3,8,1
16451,0,1,3,3,1
11956,1,0,3,8,1
10630,1,0,3,4,1
17056,0,1,3,7,1
17307,0,1,3,1,1
17245,0,1,3,1,1
14666,0,1,3,0,1
16196,0,1,3,1,1
17429,0,1,3,6,1
14289,1,0,3,4,1
17333,0,1,3,1,1
3939,1,0,3,7,1
15106,0,1,3,1,1
17333,0,1,3,1,1
7466,1,0,3,2,1
16525,0,1,3,4,1
15058,0,1,3,2,1
6569,1,0,3,7,1
13903,0,1,3,3,1
16063,0,1,3,1,1
14315,1,0,3,2,4
15160,0,1,3,2,1
17454,0,1,3,2,1
17202,0,1,3,2,1
17694,0,1,3,4,1
17312,0,1,3,1,1
17371,0,1,3,1,1
17748,0,1,3,6,1
17687,0,1,3,0,1
12299,1,0,3,7,1
17148,0,1,3,2,1
16395,0,1,3,1,1
16982,0,1,3,2,1
16261,0,1,3,1,1
8072,1,0,3,1,1
16553,0,1,3,1,1
17124,0,1,3,2,1
17308,0,1,3,4,1
14785,0,1,3,1,1
11676,1,0,3,3,1
17429,0,1,3,6,1
15182,0,1,3,6,1
17822,0,1,3,4,1
16525,0,1,3,4,1
5437,1,0,3,2,1
17103,0,1,3,1,1
11507,1,0,3,7,1
16956,0,1,3,3,1
17410,0,1,3,1,1
16553,0,1,3,1,1
17287,0,1,3,3,1
17034,0,1,3,1,1
16740,0,1,3,2,1
17449,0,1,3,1,1
8331,1,0,3,3,3
8605,1,0,3,4,1
6431,1,0,3,3,1
15901,0,1,3,1,1
14201,1,0,3,3,1
14287,1,0,3,7,1
17381,0,1,3,2,1
16941,0,1,3,6,1
17480,0,1,3,1,1
17687,0,1,3,0,1
15546,0,1,3,2,1
7236,1,0,3,2,1
16404,0,1,3,1,1
15921,0,1,3,1,1
16462,0,1,3,1,1
12289,1,0,3,2,1
17181,0,1,3,2,1
15730,0,1,3,1,1
5391,1,0,3,3,3
17362,0,1,3,1,1
17818,0,1,3,1,1
12188,1,0,3,4,1
12289,1,0,3,2,1
6059,1,0,3,4,1
14691,0,1,3,1,1
12281,1,0,3,3,2
16894,0,1,3,0,1
5707,1,0,3,4,1
9181,1,0,3,7,1
13031,0,1,3,4,1
15106,0,1,3,1,1
16062,0,1,3,2,1
15150,0,1,3,0,1
16982,0,1,3,2,1
16143,0,1,3,3,1
8734,0,1,3,4,1
7614,1,0,3,4,3
17384,0,1,3,1,1
12299,1,0,3,7,1
17187,0,1,3,2,1
11230,1,0,3,7,1
15393,0,1,3,2,1
16071,0,1,3,1,1
8400,0,1,3,3,1
8437,1,0,3,6,3
14637,1,0,3,3,3
17850,0,1,3,3,1
16395,0,1,3,1,1
17174,0,1,3,0,1
14578,1,0,3,2,1
16956,0,1,3,3,1
16727,0,1,3,0,1
16416,0,1,3,1,2
17046,0,1,3,4,1
16738,0,1,3,1,1
17416,0,1,3,1,1
17098,0,1,3,1,1
6277,1,0,3,1,1
16857,0,1,3,1,1
17300,0,1,3,0,1
11230,1,0,3,7,1
7236,1,0,3,2,1
15807,0,1,3,1,1
16706,0,1,3,7,1
17381,0,1,3,2,1
17076,0,1,3,1,1
4791,1,0,3,4,1
16339,0,1,3,0,1
13354,1,0,3,4,1
16904,0,1,3,1,1
16546,0,1,3,2,1
17080,0,1,3,2,1
9810,1,0,3,4,1
17470,0,1,3,2,1
16111,0,1,3,1,1
12289,1,0,3,2,1
17794,0,1,3,2,1
17174,0,1,3,0,1
11310,1,0,3,2,4
16857,0,1,3,1,1
13354,1,0,3,4,1
17804,0,1,3,1,1
17416,0,1,3,1,1
16050,0,1,3,2,1
10581,1,0,3,2,1
15836,0,1,3,2,1
16694,0,1,3,1,1
10919,1,0,3,4,1
15285,0,1,3,1,1
15774,0,1,3,1,1
14124,0,1,3,4,1
15807,0,1,3,1,1
16063,0,1,3,1,1
14637,1,0,3,3,3
17832,0,1,3,2,1
16706,0,1,3,7,1
3971,1,0,3,8,1
16141,0,1,3,1,1
3840,1,0,3,4,1
13729,1,0,3,2,1
10737,1,0,3,2,1
14626,1,0,3,7,1
17018,0,1,3,0,1
13819,1,0,3,3,3
8072,1,0,3,1,1
9697,1,0,3,8,1
11915,1,0,3,2,1
16857,0,1,3,1,1
15962,0,1,3,8,1
16423,0,1,3,1,1
14760,0,1,3,1,1
6569,1,0,3,7,1
13410,1,0,3,2,1
15740,0,1,3,3,1
13904,1,0,3,6,3
15740,0,1,3,3,1
17148,0,1,3,2,1
17832,0,1,3,2,1
17694,0,1,3,4,1
3840,1,0,3,4,1
17603,0,1,3,7,1
14907,0,1,3,0,1
4768,0,1,3,4,1
17361,0,1,3,0,1
6475,1,0,3,2,4
4059,1,0,3,8,1
8466,1,0,3,7,1
4389,1,0,3,2,1
17001,0,1,3,2,1
13819,1,0,3,3,3
14201,1,0,3,3,1
16386,0,1,3,4,1
11221,1,0,3,3,1
15620,0,1,3,2,1
16408,0,1,3,1,1
16852,0,1,3,1,1
8466,1,0,3,7,1
14887,0,1,3,1,1
15807,0,1,3,1,1
15441,0,1,3,0,1
10815,0,1,3,9,1
8605,1,0,3,4,1
17307,0,1,3,1,1
17469,0,1,3,7,1
15326,0,1,3,1,1
17240,0,1,3,2,1
17181,0,1,3,2,1
17259,0,1,3,1,1
15180,0,1,3,1,1
15049,0,1,3,3,1
15774,0,1,3,1,1
15682,0,1,3,6,1
17603,0,1,3,7,1
14820,0,1,3,1,1
17422,0,1,3,2,1
17587,0,1,3,1,1
15346,0,1,3,2,1
8957,1,0,3,7,1
9810,1,0,3,4,1
17416,0,1,3,1,1
14770,0,1,3,7,1
15651,0,1,3,2,1
15901,0,1,3,1,1
17119,0,1,3,1,1
16956,0,1,3,3,1
14622,1,0,3,3,1
6951,1,0,3,4,1
16576,0,1,3,2,1
16564,0,1,3,1,1
11676,1,0,3,3,1
17377,0,1,3,2,1
16683,0,1,3,6,1
16683,0,1,3,6,1
16982,0,1,3,2,1
15397,0,1,3,1,1
16852,0,1,3,1,1
16564,0,1,3,1,1
13819,1,0,3,3,3
8054,1,0,3,4,2
16261,0,1,3,1,1
16529,0,1,3,7,1
17449,0,1,3,1,1
16553,0,1,3,1,1
4090,1,0,3,2,1
17384,0,1,3,1,1
14987,0,1,3,2,1
16177,0,1,3,3,1
15198,0,1,3,0,1
11588,1,0,3,7,1
17758,0,1,3,1,1
4916,0,1,3,9,1
16793,0,1,3,0,1
15285,0,1,3,1,1
14715,0,1,3,0,1
16529,0,1,3,7,1
7392,0,1,3,4,1
17138,0,1,3,6,2
16310,0,1,3,1,1
16522,0,1,3,2,1
12299,1,0,3,7,1
16067,0,1,3,2,1
17599,0,1,3,1,1
15182,0,1,3,6,1
15059,0,1,3,2,1
14676,0,1,3,1,1
14124,0,1,3,4,1
5707,1,0,3,4,1
14907,0,1,3,0,1
16151,0,1,3,1,1
7486,1,0,3,2,1
15364,0,1,3,2,1
16383,0,1,3,8,1
14622,1,0,3,3,1
4689,1,0,3,2,1
16986,0,1,3,7,1
15940,0,1,3,2,1
16137,0,1,3,7,1
11507,1,0,3,7,1
17844,0,1,3,2,1
16561,0,1,3,6,1
5391,1,0,3,3,3
13072,1,0,3,3,1
8331,1,0,3,3,3
8221,1,0,3,2,1
16238,0,1,3,2,1
5076,1,0,3,3,2
6059,1,0,3,4,1
2335,0,1,3,2,1
17181,0,1,3,2,1
6059,1,0,3,4,1
13489,1,0,3,4,1
15507,0,1,3,3,1
13096,1,0,3,3,1
17104,0,1,3,7,1
14977,0,1,3,0,1
12384,0,1,3,4,1
15150,0,1,3,0,1
12354,1,0,3,7,1
15883,0,1,3,9,1
14626,1,0,3,7,1
5707,1,0,3,4,1
15059,0,1,3,2,1
15025,0,1,3,3,1
10919,1,0,3,4,1
4923,1,0,3,1,1
15952,0,1,3,1,1
16196,0,1,3,1,1
17381,0,1,3,2,1
17587,0,1,3,1,1
17077,0,1,3,2,1
15901,0,1,3,1,1
17287,0,1,3,3,1
17748,0,1,3,6,1
16899,0,1,3,0,1
8605,1,0,3,4,1
16877,0,1,3,5,1
8494,1,0,3,2,4
15894,0,1,3,2,1
17180,0,1,3,0,1
14977,0,1,3,0,1
17586,0,1,3,3,1
14760,0,1,3,1,1
17758,0,1,3,1,1
16196,0,1,3,1,1
6431,1,0,3,3,1
8008,1,0,3,3,1
8981,1,0,3,3,3
12230,1,0,3,1,1
16899,0,1,3,0,1
4344,1,0,3,7,1
8311,1,0,3,4,1
17360,0,1,3,1,1
13729,1,0,3,2,1
17024,0,1,3,1,1
14578,1,0,3,2,1
15546,0,1,3,2,1
17056,0,1,3,7,1
13657,1,0,3,1,1
16899,0,1,3,0,1
14977,0,1,3,0,1
16528,0,1,3,1,1
17490,0,1,3,1,1
17686,0,1,3,2,1
4090,1,0,3,2,1
14907,0,1,3,0,1
11310,1,0,3,2,4
17291,0,1,3,1,1
16196,0,1,3,1,1
16267,0,1,3,2,1
17505,0,1,3,1,1
17124,0,1,3,2,1
15301,0,1,3,2,1
17587,0,1,3,1,1
12051,0,1,3,7,1
17074,0,1,3,0,1
7416,1,0,3,3,1
5129,1,0,3,7,1
11956,1,0,3,8,1
15354,0,1,3,0,1
15492,0,1,3,3,1
7318,1,0,3,7,1
16267,0,1,3,2,1
16525,0,1,3,4,1
17187,0,1,3,2,1
15533,0,1,3,2,1
14347,0,1,3,3,1
17422,0,1,3,2,1
15988,0,1,3,3,1
4791,1,0,3,4,1
17212,0,1,3,1,1
7318,1,0,3,7,1
16063,0,1,3,1,1
16451,0,1,3,3,1
16118,0,1,3,2,1
15285,0,1,3,1,1
5437,1,0,3,2,1
16683,0,1,3,6,1
14887,0,1,3,1,1
4923,1,0,3,1,1
5580,1,0,3,4,1
17469,0,1,3,7,1
8580,1,0,3,2,1
4011,1,0,3,7,1
17804,0,1,3,1,1
17561,0,1,3,6,1
7392,0,1,3,4,1
7298,1,0,3,4,1
13903,0,1,3,3,1
14478,0,1,3,8,1
16986,0,1,3,7,1
4158,1,0,3,8,2
14804,0,1,3,1,1
17264,0,1,3,0,1
16959,0,1,3,3,1
7318,1,0,3,7,1
17245,0,1,3,1,1
16660,0,1,3,1,1
4916,0,1,3,9,1
5391,1,0,3,3,3
15025,0,1,3,3,1
15901,0,1,3,1,1
15186,0,1,3,1,1
7614,1,0,3,4,3
17667,0,1,3,1,1
15940,0,1,3,2,1
17608,0,1,3,9,1
4059,1,0,3,8,1
11987,1,0,3,8,2
17291,0,1,3,1,1
17587,0,1,3,1,1
16196,0,1,3,1,1
16694,0,1,3,1,1
15750,0,1,3,1,1
16857,0,1,3,1,1
12354,1,0,3,7,1
8605,1,0,3,4,1
16932,0,1,3,4,1
15182,0,1,3,6,1
6996,1,0,3,2,2
8856,0,1,3,3,1
17441,0,1,3,1,1
17748,0,1,3,6,1
15679,0,1,3,6,1
16793,0,1,3,0,1
14201,1,0,3,3,1
16062,0,1,3,2,1
10255,1,0,3,2,1
15285,0,1,3,1,1
16261,0,1,3,1,1
15200,0,1,3,7,1
16738,0,1,3,1,1
9353,1,0,3,7,2
16404,0,1,3,1,1
15940,0,1,3,2,1
17361,0,1,3,0,1
17111,0,1,3,3,1
16553,0,1,3,1,1
17376,0,1,3,0,1
17035,0,1,3,7,1
16522,0,1,3,2,1
14315,1,0,3,2,4
14289,1,0,3,4,1
13354,1,0,3,4,1
12182,0,1,3,4,1
8221,1,0,3,2,1
11211,1,0,3,6,1
13819,1,0,3,3,3
13189,1,0,3,3,3
17259,0,1,3,1,1
14578,1,0,3,2,1
17376,0,1,3,0,1
17511,0,1,3,1,1
10630,1,0,3,4,1
16694,0,1,3,1,1
17181,0,1,3,2,1
16406,0,1,3,1,1
13489,1,0,3,4,1
8981,1,0,3,3,3
14789,0,1,3,6,1
15121,0,1,3,1,1
11468,1,0,3,4,1
7466,1,0,3,2,1
17583,0,1,3,1,1
14820,0,1,3,1,1
17333,0,1,3,1,1
17187,0,1,3,2,1
14913,0,1,3,1,1
17667,0,1,3,1,1
15342,0,1,3,1,1
17270,0,1,3,1,1
17307,0,1,3,1,1
16467,1,0,3,2,1
17687,0,1,3,0,1
15340,0,1,3,1,1
12051,0,1,3,7,1
17428,0,1,3,1,1
17138,0,1,3,6,2
14770,0,1,3,7,1
4923,1,0,3,1,1
15272,0,1,3,1,1
17231,0,1,3,3,1
15556,0,1,3,1,1
4090,1,0,3,2,1
10737,1,0,3,2,1
17307,0,1,3,1,1
5027,1,0,3,2,1
16952,0,1,3,2,1
4046,1,0,3,2,1
16050,0,1,3,2,1
17511,0,1,3,1,1
17384,0,1,3,1,1
16118,0,1,3,2,1
9968,1,0,3,7,1
15150,0,1,3,0,1
4791,1,0,3,4,1
16704,0,1,3,2,1
17614,0,1,3,1,1
15221,0,1,3,1,1
13410,1,0,3,2,1
16252,0,1,3,1,1
16310,0,1,3,1,1
17187,0,1,3,2,1
10737,1,0,3,2,1
16386,0,1,3,4,1
16904,0,1,3,1,1
5245,1,0,3,4,1
6207,1,0,3,3,1
16877,0,1,3,5,1
16383,0,1,3,8,1
13802,1,0,3,4,1
15878,0,1,3,4,1
17587,0,1,3,1,1
15412,0,1,3,2,1
15620,0,1,3,2,1
16932,0,1,3,4,1
17056,0,1,3,7,1
17537,0,1,3,1,1
17850,0,1,3,3,1
4090,1,0,3,2,1
15211,0,1,3,1,1
15453,0,1,3,2,1
17174,0,1,3,0,1
10630,1,0,3,4,1
5437,1,0,3,2,1
17092,0,1,3,2,1
4344,1,0,3,7,1
13189,1,0,3,3,3
16576,0,1,3,2,1
14658,0,1,3,0,1
17578,0,1,3,2,1
16423,0,1,3,1,1
17429,0,1,3,6,1
17651,0,1,3,3,1
17784,0,1,3,1,1
10630,1,0,3,4,1
11230,1,0,3,7,1
16738,0,1,3,1,1
14760,0,1,3,1,1
15624,0,1,3,1,1
14578,1,0,3,2,1
17132,0,1,3,7,1
15326,0,1,3,1,1
15940,0,1,3,2,1
15935,0,1,3,2,1
16238,0,1,3,2,1
16062,0,1,3,2,1
3671,1,0,3,7,2
5245,1,0,3,4,1
16557,0,1,3,1,1
17376,0,1,3,0,1
13904,1,0,3,6,3
5245,1,0,3,4,1
17844,0,1,3,2,1
16423,0,1,3,1,1
17426,0,1,3,3,1
8221,1,0,3,2,1
16879,0,1,3,8,1
4791,1,0,3,4,1
15836,0,1,3,2,1
15556,0,1,3,1,1
15412,0,1,3,2,1
4090,1,0,3,2,1
16451,0,1,3,3,1
6996,1,0,3,2,2
11956,1,0,3,8,1
7392,0,1,3,4,1
13248,1,0,3,1,1
7318,1,0,3,7,1
6428,1,0,3,1,1
16383,0,1,3,8,1
7318,1,0,3,7,1
8580,1,0,3,2,1
6475,1,0,3,2,4
4090,1,0,3,2,1
14637,1,0,3,3,3
10815,0,1,3,9,1
16111,0,1,3,1,1
15892,0,1,3,1,1
17651,0,1,3,3,1
16683,0,1,3,6,1
16879,0,1,3,8,1
17180,0,1,3,0,1
13248,1,0,3,1,1
14622,1,0,3,3,1
17248,0,1,3,3,1
17098,0,1,3,1,1
11310,1,0,3,2,4
10815,0,1,3,9,1
4389,1,0,3,2,1
15975,0,1,3,1,1
14884,0,1,3,7,1
17003,0,1,3,1,1
5027,1,0,3,2,1
5324,1,0,3,7,1
14715,0,1,3,0,1
17248,0,1,3,3,1
15441,0,1,3,0,1
17041,0,1,3,2,1
14977,0,1,3,0,1
16773,0,1,3,1,1
15483,0,1,3,2,1
16525,0,1,3,4,1
16704,0,1,3,2,1
11987,1,0,3,8,2
14289,1,0,3,4,1
16042,0,1,3,3,1
14770,0,1,3,7,1
17603,0,1,3,7,1
10919,1,0,3,4,1
9810,1,0,3,4,1
14913,0,1,3,1,1
17583,0,1,3,1,1
16139,0,1,3,8,1
14867,0,1,3,1,1
14691,0,1,3,1,1
14947,0,1,3,2,1
14770,0,1,3,7,1
15364,0,1,3,2,1
15533,0,1,3,2,1
14578,1,0,3,2,1
17333,0,1,3,1,1
13031,0,1,3,4,1
17119,0,1,3,1,1
17758,0,1,3,1,1
15393,0,1,3,2,1
14197,0,1,3,3,1
5679,1,0,3,7,1
7416,1,0,3,3,1
17443,0,1,3,2,1
3939,1,0,3,7,1
15729,0,1,3,3,1
16451,0,1,3,3,1
12299,1,0,3,7,1
4059,1,0,3,8,1
4344,1,0,3,7,1
15198,0,1,3,0,1
6365,0,1,3,3,1
17017,0,1,3,1,1
17804,0,1,3,1,1
17586,0,1,3,3,1
13072,1,0,3,3,1
15441,0,1,3,0,1
11310,1,0,3,2,4
16406,0,1,3,1,1
17569,0,1,3,1,1
14478,0,1,3,8,1
16612,0,1,3,1,1
15940,0,1,3,2,1
15397,0,1,3,1,1
17667,0,1,3,1,1
15340,0,1,3,1,1
17561,0,1,3,6,1
6431,1,0,3,3,1
15285,0,1,3,1,1
7614,1,0,3,4,3
12754,1,0,3,7,1
10919,1,0,3,4,1
15074,0,1,3,1,1
17270,0,1,3,1,1
17850,0,1,3,3,1
14315,1,0,3,2,4
10568,1,0,3,2,2
15400,0,1,3,1,1
17264,0,1,3,0,1
15186,0,1,3,1,1
8856,0,1,3,3,1
12281,1,0,3,3,2
17667,0,1,3,1,1
17376,0,1,3,0,1
15342,0,1,3,1,1
3743,0,1,3,4,1
9500,1,0,3,6,2
10919,1,0,3,4,1
17132,0,1,3,7,1
11987,1,0,3,8,2
12938,1,0,3,4,3
16440,0,1,3,0,1
10255,1,0,3,2,1
17617,0,1,3,2,1
17410,0,1,3,1,1
16612,0,1,3,1,1
13638,1,0,3,6,1
16178,0,1,3,1,1
5245,1,0,3,4,1
16071,0,1,3,1,1
15533,0,1,3,2,1
4389,1,0,3,2,1
7614,1,0,3,4,3
9500,1,0,3,6,2
15143,0,1,3,1,1
16938,0,1,3,2,1
17441,0,1,3,1,1
5107,1,0,3,6,2
5076,1,0,3,3,2
17138,0,1,3,6,2
16370,0,1,3,1,1
16697,0,1,3,2,1
15962,0,1,3,8,1
17586,0,1,3,3,1
14867,0,1,3,1,1
17561,0,1,3,6,1
16928,0,1,3,1,1
8400,0,1,3,3,1
16838,0,1,3,3,1
17264,0,1,3,0,1
17578,0,1,3,2,1
16525,0,1,3,4,1
6996,1,0,3,2,2
14770,0,1,3,7,1
7298,1,0,3,4,1
10815,0,1,3,9,1
15326,0,1,3,1,1
17426,0,1,3,3,1
14977,0,1,3,0,1
7486,1,0,3,2,1
6569,1,0,3,7,1
14410,1,0,3,4,1
17850,0,1,3,3,1
14767,0,1,3,6,1
15682,0,1,3,6,1
16137,0,1,3,7,1
15679,0,1,3,6,1
16986,0,1,3,7,1
3840,1,0,3,4,1
9035,1,0,3,7,1
16408,0,1,3,1,1
16932,0,1,3,4,1
17578,0,1,3,2,1
15750,0,1,3,1,1
7392,0,1,3,4,1
14524,1,0,3,2,1
17410,0,1,3,1,1
17350,0,1,3,1,1
17259,0,1,3,1,1
15400,0,1,3,1,1
4325,0,1,3,7,1
15393,0,1,3,2,1
8008,1,0,3,3,1
12188,1,0,3,4,1
16067,0,1,3,2,1
6475,1,0,3,2,4
17531,0,1,3,1,1
17111,0,1,3,3,1
16261,0,1,3,1,1
8042,1,0,3,6,1
9180,1,0,3,7,2
17469,0,1,3,7,1
15211,0,1,3,1,1
8761,1,0,3,2,1
15160,0,1,3,2,1
16382,0,1,3,6,1
17174,0,1,3,0,1
15368,0,1,3,2,1
15364,0,1,3,2,1
3671,1,0,3,7,2
17720,0,1,3,4,1
3921,1,0,3,2,1
9842,0,1,3,2,1
3971,1,0,3,8,1
17376,0,1,3,0,1
15556,0,1,3,1,1
11221,1,0,3,3,1
14524,1,0,3,2,1
15200,0,1,3,7,1
15674,0,1,3,1,1
16612,0,1,3,1,1
16635,0,1,3,2,1
7066,1,0,3,7,1
4046,1,0,3,2,1
16838,0,1,3,3,1
14289,1,0,3,4,1
8466,1,0,3,7,1
14676,0,1,3,1,1
16042,0,1,3,3,1
8400,0,1,3,3,1
16877,0,1,3,5,1
15836,0,1,3,2,1
6951,1,0,3,4,1
14907,0,1,3,0,1
16522,0,1,3,2,1
14947,0,1,3,2,1
9500,1,0,3,6,2
17469,0,1,3,7,1
16632,0,1,3,1,1
13354,1,0,3,4,1
16894,0,1,3,0,1
9478,1,0,3,7,1
16062,0,1,3,2,1
4689,1,0,3,2,1
17667,0,1,3,1,1
16435,0,1,3,1,1
16899,0,1,3,0,1
17018,0,1,3,0,1
17608,0,1,3,9,1
14201,1,0,3,3,1
17111,0,1,3,3,1
15901,0,1,3,1,1
11221,1,0,3,3,1
17001,0,1,3,2,1
16143,0,1,3,3,1
7614,1,0,3,4,3
12289,1,0,3,2,1
16857,0,1,3,1,1
16050,0,1,3,2,1
11211,1,0,3,6,1
16337,0,1,3,1,1
15730,0,1,3,1,1
16665,0,1,3,0,1
17490,0,1,3,1,1
17308,0,1,3,4,1
15743,0,1,3,2,1
3971,1,0,3,8,1
13489,1,0,3,4,1
16938,0,1,3,2,1
3971,1,0,3,8,1
17720,0,1,3,4,1
16852,0,1,3,1,1
17804,0,1,3,1,1
9968,1,0,3,7,1
16525,0,1,3,4,1
17371,0,1,3,1,1
6148,1,0,3,3,1
8950,1,0,3,3,1
14947,0,1,3,2,1
9035,1,0,3,7,1
9353,1,0,3,7,2
15682,0,1,3,6,1
16727,0,1,3,0,1
9842,0,1,3,2,1
9180,1,0,3,7,2
6428,1,0,3,1,1
13189,1,0,3,3,3
17333,0,1,3,1,1
8580,1,0,3,2,1
5869,0,1,3,3,1
10737,1,0,3,2,1
17694,0,1,3,4,1
14289,1,0,3,4,1
17362,0,1,3,1,1
15875,0,1,3,0,3
14715,0,1,3,0,1
17649,0,1,3,1,1
15326,0,1,3,1,1
14691,0,1,3,1,1
15836,0,1,3,2,1
16928,0,1,3,1,1
16528,0,1,3,1,1
7416,1,0,3,3,1
17561,0,1,3,6,1
17385,0,1,3,3,1
9697,1,0,3,8,1
16071,0,1,3,1,1
10737,1,0,3,2,1
14287,1,0,3,7,1
17035,0,1,3,7,1
16793,0,1,3,0,1
17505,0,1,3,1,1
16952,0,1,3,2,1
13489,1,0,3,4,1
14760,0,1,3,1,1
4011,1,0,3,7,1
15441,0,1,3,0,1
15952,0,1,3,1,1
17426,0,1,3,3,1
15750,0,1,3,1,1
15743,0,1,3,2,1
14287,1,0,3,7,1
5683,1,0,3,8,1
12435,0,1,3,3,1
14478,0,1,3,8,1
9478,1,0,3,7,1
9842,0,1,3,2,1
16561,0,1,3,6,1
15679,0,1,3,6,1
16529,0,1,3,7,1
17617,0,1,3,2,1
17213,0,1,3,1,1
11562,1,0,1,3,3
1724,0,1,1,2,1
8796,1,0,1,7,1
8488,1,0,1,4,1
9301,1,0,1,6,1
10094,1,0,1,1,1
913,1,0,1,0,2
7341,1,0,1,3,3
9076,1,0,1,2,3
13095,1,0,1,3,1
3320,1,0,1,0,1
1539,1,0,1,0,1
17712,0,1,1,1,1
11099,1,0,1,8,1
4399,1,0,1,6,1
8669,1,0,1,5,1
8273,1,0,1,2,1
10322,1,0,1,6,1
2361,1,0,1,1,1
7527,1,0,1,3,2
5818,1,0,1,1,3
10289,1,0,1,3,1
13604,1,0,1,8,1
14537,1,0,1,7,1
4579,1,0,1,3,1
12425,1,0,1,4,1
3831,1,0,1,7,1
4874,1,0,1,2,4
14365,0,1,1,4,1
16316,0,1,1,6,1
356,0,1,1,4,1
4856,1,0,1,3,1
5247,1,0,1,7,1
7678,0,1,1,4,2
3620,1,0,1,6,1
12255,1,0,1,3,1
2536,0,1,1,0,1
3013,1,0,1,0,1
6075,1,0,1,4,2
6561,1,0,1,3,1
13873,1,0,1,8,1
8803,1,0,1,4,1
17807,1,0,1,1,1
13798,1,0,1,6,1
17655,0,1,1,3,1
16962,0,1,1,1,1
13256,1,0,1,6,1
16923,0,1,1,0,3
11912,1,0,1,2,1
4661,1,0,1,3,1
11219,1,0,1,3,1
15173,0,1,1,3,1
10048,1,0,1,3,1
8940,1,0,1,2,1
11306,1,0,1,2,2
15493,0,1,1,2,1
18283,1,0,1,2,1
1557,1,0,1,0,2
12968,1,0,1,1,1
5468,1,0,1,2,2
16730,0,1,1,2,1
3135,1,0,1,4,2
6648,1,0,1,3,1
11964,0,1,1,7,1
5344,0,1,1,4,1
2024,1,0,1,0,1
18549,0,1,1,2,1
6501,1,0,1,5,1
12637,1,0,1,2,1
15536,1,0,1,1,1
10977,1,0,1,2,2
9222,1,0,1,8,1
307,0,1,1,2,3
7167,1,0,1,6,1
16798,0,1,1,4,1
1990,0,1,1,1,1
12084,1,0,1,8,1
14935,0,1,1,0,1
2019,0,1,1,4,1
12451,1,0,1,2,1
10348,1,0,1,4,1
12486,1,0,1,3,1
10961,1,0,1,6,2
12521,1,0,1,3,1
13395,1,0,1,7,1
1751,1,0,1,0,1
14527,0,1,1,7,1
8026,1,0,1,7,2
7982,0,1,1,4,1
10189,1,0,1,3,4
13463,1,0,1,3,1
13636,1,0,1,7,1
11470,1,0,1,4,4
8614,1,0,1,5,1
3853,1,0,1,9,2
135,0,1,1,2,1
12662,1,0,1,6,4
4592,1,0,1,7,1
8904,1,0,1,3,1
3801,0,1,1,3,1
4794,1,0,1,7,1
15526,0,1,1,0,1
8584,1,0,1,3,1
9133,1,0,1,6,4
10771,1,0,1,4,1
753,1,0,1,0,1
9533,1,0,1,2,1
6081,0,1,1,8,1
17472,0,1,1,2,1
9962,1,0,1,7,1
5384,1,0,1,2,1
10116,1,0,1,3,1
13195,1,0,1,7,1
5389,1,0,1,8,1
11482,1,0,1,9,1
4422,1,0,1,1,2
14115,1,0,1,4,1
4853,1,0,1,3,2
12868,1,0,1,7,1
15713,0,1,1,0,1
8280,1,0,1,8,1
12802,1,0,1,2,1
6496,1,0,1,2,1
2042,0,1,1,2,1
11725,0,1,1,1,1
994,0,1,1,0,1
11035,1,0,1,9,2
14219,1,0,1,4,1
11081,1,0,1,1,1
7430,1,0,1,3,3
386,0,1,1,2,1
8406,0,1,1,4,1
9650,1,0,1,1,2
12229,1,0,1,1,1
11210,0,1,1,7,1
2931,0,1,1,2,1
12437,1,0,1,7,3
1728,0,1,1,1,1
4940,1,0,1,4,1
11765,1,0,1,7,1
13739,1,0,1,7,1
8381,0,1,1,9,1
9711,1,0,1,3,1
3429,1,0,1,6,1
11997,1,0,1,1,2
10254,1,0,1,2,1
11004,1,0,1,2,2
3310,0,1,1,7,1
5599,1,0,1,7,2
7652,1,0,1,1,1
2098,1,0,1,1,1
10674,1,0,1,7,1
16112,1,0,1,5,1
5474,1,0,1,3,1
9561,1,0,1,4,1
18589,1,0,1,0,1
15768,0,1,1,2,1
4789,1,0,1,4,1
6177,0,1,1,2,2
15173,0,1,1,3,1
16798,0,1,1,4,1
8889,1,0,1,3,1
3289,0,1,1,2,1
15622,0,1,1,2,2
16920,0,1,1,3,1
9099,1,0,1,9,1
17375,1,0,1,3,1
11742,1,0,1,9,1
2605,1,0,1,2,1
10834,1,0,1,7,1
9491,1,0,1,3,4
14960,0,1,1,1,1
11928,1,0,1,7,1
13971,1,0,1,4,1
9072,0,1,1,7,4
9009,1,0,1,3,2
7323,1,0,1,3,1
6373,1,0,1,2,1
1323,1,0,1,0,1
3763,1,0,1,2,1
12643,1,0,1,3,1
2952,0,1,1,2,1
5696,1,0,1,4,1
6391,1,0,1,3,1
8546,1,0,1,4,1
3552,1,0,1,2,2
10552,1,0,1,1,1
2575,1,0,1,0,2
6108,1,0,1,3,1
11963,1,0,1,7,1
11575,1,0,1,3,1
3229,0,1,1,1,1
6289,1,0,1,2,1
1398,1,0,1,2,1
17209,0,1,1,1,1
7807,1,0,1,3,1
1716,0,1,1,0,4
12884,0,1,1,2,1
9474,1,0,1,7,1
11742,1,0,1,9,1
10463,1,0,1,3,2
8571,1,0,1,4,1
8460,1,0,1,3,1
3359,1,0,1,4,1
9379,1,0,1,6,1
16144,0,1,1,2,1
9016,1,0,1,3,1
8097,1,0,1,4,2
6001,1,0,1,2,4
376,1,0,1,1,1
7063,0,1,1,7,1
14055,1,0,1,4,1
7290,1,0,1,8,1
4246,1,0,1,7,1
12659,1,0,1,3,1
5151,1,0,1,2,1
12312,0,1,1,7,2
368,0,1,1,0,1
11341,1,0,1,2,1
3664,1,0,1,3,1
10129,1,0,1,6,4
13816,1,0,1,3,1
14633,1,0,1,3,1
7145,0,1,1,4,1
4508,0,1,1,5,1
16297,0,1,1,6,1
1318,1,0,1,2,1
4976,1,0,1,7,1
11305,1,0,1,2,4
10489,0,1,1,3,1
15193,0,1,1,0,1
3744,1,0,1,2,1
13117,1,0,1,4,1
5122,1,0,1,1,1
3397,1,0,1,4,1
3541,1,0,1,7,1
13629,1,0,1,6,2
5211,1,0,1,6,1
3704,1,0,1,7,4
9334,0,1,1,6,1
10711,1,0,1,9,2
4326,1,0,1,7,1
7805,1,0,1,2,1
3484,1,0,1,7,3
12869,1,0,1,1,1
12815,1,0,1,7,1
10593,1,0,1,7,2
9015,1,0,1,6,1
6824,1,0,1,6,1
484,0,1,1,0,1
10129,1,0,1,6,4
13837,1,0,1,6,2
14427,1,0,1,6,1
3834,1,0,1,9,1
8845,1,0,1,7,1
7518,1,0,1,4,1
5397,1,0,1,3,1
11392,1,0,1,4,1
16951,0,1,1,1,1
11754,1,0,1,6,2
5492,1,0,1,2,1
16006,0,1,1,2,2
4129,1,0,1,1,3
2299,1,0,1,0,3
7446,1,0,1,6,1
10140,1,0,1,6,1
9990,1,0,1,4,1
16051,0,1,1,0,1
3254,1,0,1,1,2
9021,1,0,1,1,3
15413,0,1,1,6,1
7036,1,0,1,4,4
13274,1,0,1,7,1
4577,1,0,1,7,1
9099,1,0,1,9,1
195,1,0,1,2,1
4057,1,0,1,6,1
5190,1,0,1,2,2
8162,1,0,1,7,4
7348,0,1,1,6,1
5064,1,0,1,3,2
1908,1,0,1,0,1
13135,1,0,1,3,4
9250,1,0,1,3,1
11090,1,0,1,1,2
7438,1,0,1,6,1
15011,0,1,1,1,1
8067,1,0,1,1,1
6713,1,0,1,4,2
15613,0,1,1,1,1
9707,1,0,1,3,1
2442,1,0,1,0,1
7442,1,0,1,1,1
7804,1,0,1,4,1
7527,1,0,1,3,2
14337,1,0,1,4,1
12720,1,0,1,1,1
5905,1,0,1,4,1
2073,1,0,1,1,1
11005,1,0,1,2,2
3332,1,0,1,0,1
5893,1,0,1,7,1
13738,1,0,1,7,1
17912,1,0,1,6,4
9536,1,0,1,3,4
5767,1,0,1,8,1
426,0,1,1,2,1
8037,1,0,1,1,1
11194,0,1,1,4,1
14343,1,0,1,3,2
9108,1,0,1,2,1
12645,1,0,1,6,3
14132,1,0,1,4,1
12169,1,0,1,3,1
7658,1,0,1,7,1
12163,1,0,1,2,2
12943,1,0,1,7,1
11655,1,0,1,4,2
14861,0,1,1,0,1
4064,1,0,1,4,2
18084,1,0,1,2,1
2123,0,1,1,1,1
5903,1,0,1,4,1
18313,0,1,1,0,1
2101,1,0,1,0,2
4246,1,0,1,7,1
5866,1,0,1,1,1
578,1,0,1,2,1
1211,0,1,1,2,1
5492,1,0,1,2,1
1399,0,1,1,2,1
8335,1,0,1,6,1
14623,1,0,1,3,1
357,1,0,1,2,2
17519,0,1,1,2,2
1961,1,0,1,0,1
5209,1,0,1,6,1
9830,1,0,1,3,1
2361,1,0,1,1,1
5736,1,0,1,6,1
5832,1,0,1,3,1
13090,1,0,1,3,1
16968,0,1,1,2,1
3502,1,0,1,6,1
9473,1,0,1,7,1
10731,1,0,1,3,1
1124,0,1,1,2,1
8878,1,0,1,3,1
3616,1,0,1,8,1
4855,1,0,1,3,4
6528,1,0,1,8,1
11826,1,0,1,7,3
6748,1,0,1,2,1
3321,1,0,1,2,1
5251,1,0,1,4,1
12353,1,0,1,3,1
294,0,1,1,1,1
18150,1,0,1,1,1
2789,1,0,1,0,1
1579,1,0,1,2,1
12784,1,0,1,4,1
11969,1,0,1,3,2
11662,0,1,1,3,2
11467,1,0,1,4,1
9104,1,0,1,9,1
9397,1,0,1,7,3
4970,1,0,1,3,1
1069,0,1,1,0,1
9662,1,0,1,9,1
3537,1,0,1,2,1
17839,0,1,1,0,1
13686,1,0,1,8,2
11128,1,0,1,4,1
9141,1,0,1,7,1
5179,1,0,1,3,2
12641,1,0,1,3,1
7871,1,0,1,4,1
4296,1,0,1,3,1
10659,1,0,1,6,4
12896,1,0,1,1,1
7441,1,0,1,2,1
14360,1,0,1,4,1
9686,1,0,1,1,2
10591,1,0,1,1,1
14679,1,0,1,1,1
9566,1,0,1,9,3
16799,1,0,1,2,1
1715,1,0,1,2,1
6949,1,0,1,2,1
6399,1,0,1,3,3
1137,0,1,1,0,1
2289,0,1,1,0,1
10137,1,0,1,1,1
10367,1,0,1,2,1
11906,1,0,1,4,1
16098,0,1,1,0,1
7867,0,1,1,4,1
6517,1,0,1,3,1
4477,1,0,1,6,1
5423,1,0,1,6,1
9241,1,0,1,7,2
5315,1,0,1,3,2
8,0,1,1,2,1
8533,1,0,1,1,1
8674,1,0,1,7,2
7992,1,0,1,8,1
1748,0,1,1,0,1
14391,0,1,1,3,2
11201,1,0,1,6,2
6944,1,0,1,4,1
11123,1,0,1,2,1
11280,1,0,1,1,1
12632,1,0,1,2,1
10868,1,0,1,7,1
7395,1,0,1,4,2
1262,0,1,1,2,1
3332,1,0,1,0,1
16006,0,1,1,2,2
7827,1,0,1,4,1
13081,1,0,1,3,1
1676,1,0,1,0,1
8467,1,0,1,6,1
15193,0,1,1,0,1
14022,0,1,1,4,1
13077,1,0,1,3,1
9611,1,0,1,4,1
5013,1,0,1,7,1
2291,0,1,1,2,1
11969,1,0,1,3,2
3665,1,0,1,8,1
14422,1,0,1,2,1
3290,1,0,1,0,1
2145,0,1,1,0,1
1016,0,1,1,1,1
12350,1,0,1,3,1
8553,1,0,1,2,1
1104,1,0,1,6,1
6250,1,0,1,3,2
11759,1,0,1,4,1
5755,1,0,1,6,1
6840,1,0,1,7,1
15478,1,0,1,2,1
1148,1,0,1,0,1
11173,1,0,1,4,1
17509,0,1,1,2,1
12832,1,0,1,3,2
5462,1,0,1,6,1
7107,1,0,1,3,1
3312,1,0,1,0,1
5996,1,0,1,3,1
11540,1,0,1,6,1
4870,1,0,1,3,1
14861,0,1,1,0,1
8483,1,0,1,2,1
3965,1,0,1,7,1
17440,0,1,1,1,1
10594,0,1,1,7,1
4461,1,0,1,6,1
10403,0,1,1,3,1
15889,0,1,1,2,1
11780,1,0,1,2,1
16214,1,0,1,0,1
7374,1,0,1,8,1
16976,0,1,1,2,1
9515,0,1,1,4,2
10670,1,0,1,8,1
5030,1,0,1,4,1
11737,0,1,1,9,2
11025,1,0,1,4,4
4475,1,0,1,6,1
15873,0,1,1,1,1
14426,1,0,1,6,2
15127,0,1,1,2,1
7617,1,0,1,4,1
5014,1,0,1,1,1
13393,1,0,1,7,2
9512,1,0,1,1,1
14256,1,0,1,4,1
10151,1,0,1,7,1
1712,1,0,1,0,2
3322,1,0,1,0,1
16649,0,1,1,5,1
10913,0,1,1,6,1
4390,1,0,1,1,1
15707,1,0,1,0,1
6731,1,0,1,5,1
8275,1,0,1,3,1
4860,1,0,1,3,2
9299,1,0,1,3,1
8792,1,0,1,3,1
12655,1,0,1,3,2
9018,1,0,1,3,1
6597,0,1,1,7,1
2116,1,0,1,7,1
12236,1,0,1,3,1
7277,1,0,1,2,1
17820,0,1,1,7,1
6892,1,0,1,4,1
9290,0,1,1,7,2
5799,1,0,1,2,1
18224,1,0,1,0,1
14038,1,0,1,7,1
3881,1,0,1,2,2
14065,1,0,1,4,4
10791,1,0,1,2,1
15849,0,1,1,3,1
809,1,0,1,0,2
13074,1,0,1,7,1
13827,1,0,1,3,1
6695,1,0,1,3,2
5635,1,0,1,4,1
1667,0,1,1,6,1
12140,1,0,1,7,1
9317,1,0,1,7,1
15577,0,1,1,0,1
798,0,1,1,2,1
11949,1,0,1,3,1
12019,0,1,1,7,1
1461,0,1,1,3,2
11399,1,0,1,7,1
13919,0,1,1,2,1
9664,1,0,1,6,2
4497,1,0,1,5,4
5198,1,0,1,6,1
4932,1,0,1,6,1
2233,0,1,1,0,2
6851,1,0,1,1,1
3106,1,0,1,0,1
8309,1,0,1,8,1
8359,1,0,1,6,1
3969,1,0,1,7,1
16024,0,1,1,2,2
10875,1,0,1,6,1
11684,1,0,1,6,1
5899,1,0,1,2,1
6395,1,0,1,2,1
9170,1,0,1,7,1
17581,0,1,1,1,1
5126,1,0,1,1,2
8156,0,1,1,5,1
9564,1,0,1,5,1
13790,1,0,1,6,1
1461,0,1,1,3,2
2712,1,0,1,2,1
7437,1,0,1,1,2
1398,1,0,1,2,1
11439,1,0,1,6,4
764,1,0,1,4,1
11754,1,0,1,6,2
12764,1,0,1,6,2
6988,1,0,1,6,1
7254,1,0,1,8,1
4495,1,0,1,3,2
16353,0,1,1,2,1
1443,1,0,1,0,1
4927,1,0,1,6,1
8124,1,0,1,6,1
8940,1,0,1,2,1
13112,1,0,1,7,1
8174,1,0,1,6,1
11557,1,0,1,1,1
7436,1,0,1,2,1
11448,1,0,1,4,1
9092,0,1,1,7,1
12113,1,0,1,1,1
6190,1,0,1,7,2
2327,1,0,1,4,2
18560,1,0,1,0,1
2108,0,1,1,1,1
3987,1,0,1,2,1
12440,1,0,1,4,2
8446,1,0,1,2,1
8655,1,0,1,1,2
10484,1,0,1,3,2
7792,1,0,1,3,4
14652,1,0,1,0,1
11644,1,0,1,8,3
8709,0,1,1,1,1
14009,1,0,1,4,1
7214,1,0,1,3,1
12668,1,0,1,6,1
10870,1,0,1,1,2
7957,1,0,1,3,1
10764,0,1,1,9,2
11526,1,0,1,3,1
1898,1,0,1,2,2
4548,1,0,1,7,1
11243,1,0,1,2,1
3051,1,0,1,1,1
8636,1,0,1,4,1
2389,1,0,1,2,2
10162,1,0,1,8,1
11081,1,0,1,1,1
4771,1,0,1,7,1
14794,0,1,1,1,1
3049,1,0,1,4,1
9948,1,0,1,7,1
9023,1,0,1,1,3
17705,0,1,1,2,1
15249,0,1,1,1,1
16439,0,1,1,0,1
2712,1,0,1,2,1
13647,1,0,1,3,1
15999,1,0,1,8,1
13664,1,0,1,3,1
11886,1,0,1,9,1
7191,0,1,1,7,1
2637,0,1,1,2,1
14649,0,1,1,8,1
16371,1,0,1,0,1
5456,1,0,1,3,4
11778,0,1,1,1,1
5967,1,0,1,4,1
3492,1,0,1,8,3
10556,1,0,1,4,2
5141,1,0,1,1,1
8648,1,0,1,6,3
17327,0,1,1,2,1
7010,1,0,1,7,4
13978,0,1,1,4,1
9650,1,0,1,1,2
7129,1,0,1,4,1
7823,1,0,1,4,1
7961,1,0,1,4,1
14861,0,1,1,0,1
6312,1,0,1,6,1
14535,1,0,1,7,1
10598,1,0,1,2,1
13581,1,0,1,6,1
14254,1,0,1,4,2
15235,0,1,1,1,1
16739,0,1,1,2,1
5343,1,0,1,8,1
10470,1,0,1,3,1
16837,0,1,1,0,2
998,0,1,1,0,1
2431,0,1,1,0,1
3023,1,0,1,0,1
12000,1,0,1,6,2
1663,0,1,1,0,1
1849,1,0,1,2,2
8240,0,1,1,4,1
256,0,1,1,2,1
3912,1,0,1,2,1
6177,0,1,1,2,2
10166,1,0,1,7,1
3551,1,0,1,3,1
8066,1,0,1,1,1
6994,1,0,1,3,1
8733,1,0,1,6,1
14888,1,0,1,2,1
9980,1,0,1,2,1
2512,1,0,1,2,1
5802,1,0,1,4,1
9172,1,0,1,7,1
5967,1,0,1,4,1
6111,1,0,1,3,2
15263,0,1,1,2,1
12725,1,0,1,2,2
5740,1,0,1,6,1
4805,1,0,1,7,3
13598,1,0,1,4,1
12815,1,0,1,7,1
11327,1,0,1,8,1
2690,1,0,1,1,1
8293,1,0,1,2,2
13427,1,0,1,7,1
11999,1,0,1,7,1
1329,1,0,1,8,2
7402,1,0,1,4,2
14630,1,0,1,4,1
10894,1,0,1,2,1
6331,1,0,1,2,1
4872,1,0,1,4,4
11868,1,0,1,7,1
1073,0,1,1,2,1
8150,1,0,1,2,1
7941,1,0,1,1,1
6407,1,0,1,7,1
9737,1,0,1,3,1
11311,1,0,1,1,4
11620,1,0,1,2,1
8681,1,0,1,1,1
9879,1,0,1,4,1
12485,0,1,1,7,1
18016,1,0,1,2,1
4921,1,0,1,6,1
1838,0,1,1,2,2
3127,1,0,1,4,1
12219,1,0,1,3,1
5732,1,0,1,7,1
9272,1,0,1,7,4
11199,1,0,1,6,1
474,1,0,1,4,1
7902,1,0,1,2,1
3532,1,0,1,4,1
16690,0,1,1,1,1
18,0,1,1,0,2
5067,1,0,1,1,1
14103,1,0,1,4,1
11766,0,1,1,4,1
11777,1,0,1,1,1
8395,1,0,1,4,4
2018,0,1,1,0,1
16363,0,1,1,3,1
4043,1,0,1,4,1
13229,1,0,1,8,1
11819,1,0,1,2,1
6969,1,0,1,7,1
6614,1,0,1,6,1
11127,0,1,1,4,1
11081,1,0,1,1,1
7876,0,1,1,4,1
6731,1,0,1,5,1
3222,1,0,1,0,1
17192,0,1,1,1,1
11557,1,0,1,1,1
13664,1,0,1,3,1
739,0,1,1,0,1
786,0,1,1,4,1
12899,0,1,1,3,1
3766,1,0,1,3,1
15971,1,0,1,2,1
9665,1,0,1,2,1
2886,1,0,1,2,1
11445,0,1,1,3,1
11360,1,0,1,1,1
6190,1,0,1,7,2
7908,1,0,1,2,3
7000,1,0,1,7,1
11530,1,0,1,6,1
10572,1,0,1,8,1
9679,1,0,1,2,2
3833,1,0,1,4,1
7871,1,0,1,4,1
1438,1,0,1,0,1
12557,1,0,1,1,1
9055,1,0,1,6,3
7508,1,0,1,2,1
8169,1,0,1,2,2
16362,0,1,1,1,1
17015,0,1,1,7,2
5864,1,0,1,7,1
11523,1,0,1,4,2
15722,0,1,1,6,1
464,1,0,1,2,1
13914,1,0,1,2,3
17227,0,1,1,7,1
1545,0,1,1,2,1
7258,1,0,1,3,4
16804,0,1,1,5,1
2138,1,0,1,7,3
13245,1,0,1,7,1
13473,1,0,1,3,4
12499,1,0,1,6,1
7981,1,0,1,7,2
16424,0,1,1,2,1
10487,1,0,1,2,1
7778,0,1,1,9,2
4980,1,0,1,7,1
5800,1,0,1,3,1
2505,1,0,1,0,1
11160,0,1,1,4,1
7702,1,0,1,4,1
17120,0,1,1,2,1
7490,1,0,1,2,2
17190,0,1,1,1,1
10989,1,0,1,4,2
11099,1,0,1,8,1
15084,0,1,1,7,2
10056,1,0,1,6,1
12680,1,0,1,8,1
11086,1,0,1,4,1
15161,0,1,1,2,1
11169,1,0,1,8,1
17900,1,0,1,4,1
16869,0,1,1,2,1
2646,1,0,1,2,1
7120,1,0,1,6,1
12110,1,0,1,1,1
15161,0,1,1,2,1
8378,1,0,1,4,1
7653,1,0,1,3,2
7968,1,0,1,8,1
5499,1,0,1,4,2
12250,1,0,1,1,1
17141,0,1,1,1,1
4027,1,0,1,4,1
8036,0,1,1,3,1
11223,1,0,1,3,4
263,1,0,1,0,1
10183,1,0,1,3,1
5946,1,0,1,3,2
8888,0,1,1,3,1
5006,1,0,1,4,1
6105,1,0,1,4,1
9642,1,0,1,9,1
6976,1,0,1,4,2
18458,1,0,1,0,1
12563,1,0,1,4,2
9063,1,0,1,6,1
7173,0,1,1,6,2
10098,1,0,1,7,1
6464,0,1,1,2,1
3631,1,0,1,9,2
10075,1,0,1,4,1
1519,0,1,1,2,1
12391,1,0,1,7,3
11671,1,0,1,7,1
10051,1,0,1,3,1
9811,1,0,1,3,2
9724,1,0,1,3,1
12175,1,0,1,3,1
14262,1,0,1,6,1
16104,0,1,1,2,1
13319,1,0,1,4,1
3604,0,1,1,7,2
5634,1,0,1,4,4
1326,1,0,1,2,1
7015,1,0,1,7,1
1336,1,0,1,2,1
16767,0,1,1,4,1
10835,1,0,1,7,1
11990,1,0,1,2,3
12584,1,0,1,3,3
8395,1,0,1,4,4
9088,1,0,1,1,1
7867,0,1,1,4,1
6581,1,0,1,7,1
10686,1,0,1,8,2
11141,1,0,1,4,1
10258,1,0,1,2,2
1033,1,0,1,1,1
4337,1,0,1,2,1
4628,1,0,1,3,1
16761,0,1,1,1,1
16192,0,1,1,1,1
11525,1,0,1,4,1
11080,1,0,1,4,1
17514,0,1,1,1,1
9980,1,0,1,2,1
8557,0,1,1,1,1
17434,0,1,1,2,1
17491,0,1,1,2,1
10418,1,0,1,3,1
5079,1,0,1,3,3
6945,1,0,1,2,2
6205,1,0,1,4,1
7347,1,0,1,4,1
16949,0,1,1,0,1
2555,0,1,1,2,2
9413,1,0,1,3,1
580,0,1,1,2,2
1268,0,1,1,2,1
113,0,1,1,3,1
13687,1,0,1,8,1
12861,1,0,1,3,1
3941,1,0,1,3,1
705,0,1,1,2,1
10881,1,0,1,6,4
7633,1,0,1,8,1
8397,0,1,1,2,1
8393,0,1,1,4,2
3251,0,1,1,0,1
1828,1,0,1,1,1
4949,1,0,1,3,1
10432,1,0,1,2,1
9499,1,0,1,6,2
3023,1,0,1,0,1
12895,1,0,1,6,1
5758,0,1,1,4,2
12152,1,0,1,7,1
11099,1,0,1,8,1
10990,1,0,1,4,1
3631,1,0,1,9,2
5362,1,0,1,7,1
12864,1,0,1,3,1
9322,1,0,1,2,1
16996,0,1,1,1,1
13978,0,1,1,4,1
2108,0,1,1,1,1
3731,1,0,1,9,1
2587,0,1,1,0,2
10038,1,0,1,4,1
12099,1,0,1,3,2
242,0,1,1,0,1
7647,0,1,1,4,1
10130,1,0,1,4,2
6125,0,1,1,4,1
9941,1,0,1,7,1
15785,0,1,1,0,2
11970,1,0,1,3,1
13006,1,0,1,8,1
436,0,1,1,2,3
17204,0,1,1,7,1
14685,0,1,1,1,1
17206,0,1,1,3,1
10251,1,0,1,4,4
7050,1,0,1,4,2
15524,0,1,1,0,1
12566,1,0,1,4,4
11000,1,0,1,6,1
10775,1,0,1,7,2
4451,1,0,1,7,4
4862,1,0,1,8,1
8813,1,0,1,3,1
3436,1,0,1,7,1
16785,0,1,1,6,1
17653,0,1,1,1,1
1748,0,1,1,0,1
6454,1,0,1,4,1
15046,0,1,1,4,1
2886,1,0,1,2,1
17572,0,1,1,0,1
3396,1,0,1,4,1
3172,0,1,1,2,1
9138,1,0,1,7,3
10821,1,0,1,6,1
18306,0,1,1,2,1
11147,1,0,1,4,1
6015,1,0,1,6,2
17727,0,1,1,8,1
6354,1,0,1,3,3
14664,0,1,1,7,1
13259,1,0,1,3,1
4623,1,0,1,4,1
2109,0,1,1,2,1
7207,1,0,1,7,1
18462,1,0,1,0,1
14285,0,1,1,8,4
8718,1,0,1,1,1
9,0,1,1,4,1
11878,1,0,1,2,1
13594,1,0,1,8,1
12927,1,0,1,3,1
9634,1,0,1,3,1
13872,1,0,1,2,1
231,0,1,1,0,1
4568,1,0,1,3,1
9046,1,0,1,2,2
7157,1,0,1,3,1
1703,1,0,1,2,2
10166,1,0,1,7,1
10386,1,0,1,8,4
14625,1,0,1,8,1
16329,0,1,1,1,1
13994,1,0,1,4,1
425,0,1,1,4,1
7052,1,0,1,6,3
10124,1,0,1,9,3
3833,1,0,1,4,1
10045,1,0,1,1,1
15720,0,1,1,2,1
3519,0,1,1,7,1
3644,1,0,1,2,4
7084,1,0,1,3,1
11149,1,0,1,3,2
3799,1,0,1,3,1
6367,1,0,1,3,1
14264,1,0,1,9,1
16921,0,1,1,1,1
18,0,1,1,0,2
482,0,1,1,0,3
9732,0,1,1,1,1
15981,0,1,1,1,1
4079,1,0,1,2,1
11219,1,0,1,3,1
3851,1,0,1,2,1
8629,1,0,1,6,1
3192,1,0,1,1,1
13377,1,0,1,2,1
2672,0,1,1,2,1
17689,0,1,1,0,1
5006,1,0,1,4,1
4995,1,0,1,1,1
3756,1,0,1,9,1
16920,0,1,1,3,1
5971,1,0,1,2,1
14585,1,0,1,2,2
12629,1,0,1,2,1
3171,1,0,1,2,1
440,0,1,1,2,2
16767,0,1,1,4,1
3633,1,0,1,9,1
13454,1,0,1,3,1
6035,1,0,1,6,2
8582,0,1,1,3,2
4699,1,0,1,7,1
12881,1,0,1,2,1
15713,0,1,1,0,1
4581,1,0,1,6,1
8835,1,0,1,6,1
5828,1,0,1,3,2
9613,1,0,1,6,1
8911,1,0,1,4,2
12663,0,1,1,6,1
14221,1,0,1,4,1
14892,0,1,1,2,1
10310,1,0,1,3,1
11086,1,0,1,4,1
15050,0,1,1,1,1
7924,0,1,1,8,1
5105,1,0,1,1,2
11954,1,0,1,8,1
161,0,1,1,2,1
12002,0,1,1,7,1
18576,1,0,1,0,1
7074,1,0,1,8,3
1195,0,1,1,0,1
2112,0,1,1,1,1
3958,1,0,1,2,1
17831,0,1,1,0,1
17618,0,1,1,1,1
16457,0,1,1,2,1
15060,0,1,1,2,1
11089,1,0,1,3,1
12349,0,1,1,3,1
10520,1,0,1,2,1
9659,1,0,1,2,1
8416,1,0,1,3,1
7694,1,0,1,7,1
4038,1,0,1,3,2
14392,1,0,1,3,3
4823,1,0,1,8,1
4042,1,0,1,2,3
2500,0,1,1,1,1
6779,1,0,1,4,1
3761,1,0,1,3,1
6274,0,1,1,3,1
17191,0,1,1,1,1
6755,1,0,1,8,1
3723,1,0,1,3,1
13191,1,0,1,3,1
9341,1,0,1,4,1
18590,1,0,1,1,1
2411,0,1,1,1,1
12841,1,0,1,4,1
9059,1,0,1,6,4
12138,1,0,1,1,1
9314,1,0,1,4,1
9376,1,0,1,9,2
8826,0,1,1,4,1
16909,0,1,1,1,1
13608,1,0,1,8,1
14896,0,1,1,2,1
1834,0,1,1,0,1
811,1,0,1,1,1
4063,0,1,1,8,1
18478,0,1,1,2,1
2230,0,1,1,2,1
1891,0,1,1,0,1
4256,1,0,1,7,1
8771,1,0,1,4,1
4113,1,0,1,4,1
4717,1,0,1,2,1
16442,0,1,1,0,1
7618,0,1,1,7,1
3573,1,0,1,2,1
9720,1,0,1,8,2
11639,1,0,1,4,1
10251,1,0,1,4,4
10231,1,0,1,6,1
12443,1,0,1,6,1
5579,0,1,1,8,1
6331,1,0,1,2,1
4301,1,0,1,6,1
5097,1,0,1,9,2
6382,1,0,1,3,1
7071,1,0,1,6,1
187,1,0,1,1,1
4758,1,0,1,3,1
11011,1,0,1,6,1
16730,0,1,1,2,1
1603,1,0,1,2,1
16398,0,1,1,2,1
3929,1,0,1,4,2
9363,1,0,1,7,2
18478,0,1,1,2,1
9938,1,0,1,1,2
1646,1,0,1,2,1
676,1,0,1,2,1
17627,0,1,1,2,1
13433,1,0,1,2,1
4410,1,0,1,2,1
17440,0,1,1,1,1
17269,0,1,1,1,1
12320,1,0,1,6,1
1967,1,0,1,1,1
12328,1,0,1,7,2
15900,0,1,1,0,2
1671,1,0,1,2,2
6036,1,0,1,6,1
11377,1,0,1,4,1
7372,1,0,1,2,1
6542,1,0,1,4,1
9622,1,0,1,2,1
244,1,0,1,2,1
5499,1,0,1,4,2
13807,0,1,1,4,1
9716,1,0,1,9,4
8368,1,0,1,1,2
6949,1,0,1,2,1
11455,1,0,1,6,2
5791,1,0,1,3,1
6435,1,0,1,2,1
3472,1,0,1,1,1
9299,1,0,1,3,1
5952,1,0,1,4,1
5862,0,1,1,3,1
3250,0,1,1,0,1
14766,0,1,1,4,1
5286,1,0,1,4,1
5068,1,0,1,4,1
5343,1,0,1,8,1
3553,1,0,1,1,1
6764,1,0,1,3,1
7685,1,0,1,7,1
10441,1,0,1,9,4
8245,0,1,1,7,1
4818,1,0,1,2,1
11324,1,0,1,2,1
15090,1,0,1,0,1
13196,0,1,1,4,1
5998,1,0,1,2,1
10366,0,1,1,2,1
7056,1,0,1,7,1
12603,1,0,1,2,4
13757,1,0,1,8,1
1067,1,0,1,2,1
3205,1,0,1,0,1
17120,0,1,1,2,1
12608,1,0,1,4,1
13470,1,0,1,7,2
12745,1,0,1,4,1
13604,1,0,1,8,1
13526,1,0,1,5,1
10414,1,0,1,4,1
6132,1,0,1,4,1
10843,1,0,1,7,1
14337,1,0,1,4,1
8159,1,0,1,3,1
2416,1,0,1,0,1
3749,1,0,1,2,1
8645,1,0,1,2,4
6095,1,0,1,2,1
9646,1,0,1,3,1
10173,1,0,1,4,1
7277,1,0,1,2,1
7834,1,0,1,7,4
4824,1,0,1,2,2
17304,0,1,1,1,1
9092,0,1,1,7,1
1924,0,1,1,0,1
8122,1,0,1,4,1
5887,1,0,1,4,1
1373,0,1,1,0,1
7098,1,0,1,4,2
6299,0,1,1,2,1
13401,1,0,1,6,1
8476,1,0,1,3,2
16115,0,1,1,2,1
10725,1,0,1,7,2
7337,1,0,1,8,1
16294,0,1,1,0,1
3432,1,0,1,4,1
14388,1,0,1,7,1
17436,0,1,1,3,1
4464,1,0,1,1,1
12730,1,0,1,3,1
1893,0,1,1,2,1
13993,0,1,1,4,2
3878,1,0,1,4,1
4831,1,0,1,3,3
17595,0,1,1,1,1
7480,1,0,1,2,1
15536,1,0,1,1,1
13328,1,0,1,2,1
11619,1,0,1,2,1
11439,1,0,1,6,4
3856,1,0,1,9,1
1537,0,1,1,0,1
8949,1,0,1,2,1
10643,1,0,1,8,1
8327,1,0,1,3,1
8546,1,0,1,4,1
17211,1,0,1,2,4
9391,1,0,1,1,1
14327,1,0,1,3,1
8090,1,0,1,4,4
9708,1,0,1,3,2
5745,1,0,1,6,1
12707,1,0,1,7,4
8001,1,0,1,6,1
2928,1,0,1,0,1
16568,1,0,1,3,2
10153,1,0,1,7,1
5912,1,0,1,4,1
112,1,0,1,2,1
12101,1,0,1,3,1
16362,0,1,1,1,1
5932,1,0,1,3,1
1681,1,0,1,1,2
9616,1,0,1,3,1
17932,1,0,1,0,1
13385,1,0,1,3,2
11494,1,0,1,4,1
5708,1,0,1,8,1
5691,1,0,1,5,2
10752,1,0,1,3,1
11488,1,0,1,7,4
12311,1,0,1,4,1
6253,1,0,1,2,1
5319,1,0,1,3,1
12603,1,0,1,2,4
3969,1,0,1,7,1
8511,1,0,1,3,1
15043,0,1,1,0,1
4547,1,0,1,2,1
7513,1,0,1,8,2
9134,1,0,1,6,1
13142,1,0,1,3,2
10589,0,1,1,2,2
8207,1,0,1,7,1
1659,1,0,1,2,1
1880,0,1,1,4,2
9913,0,1,1,3,1
7340,1,0,1,2,1
14064,1,0,1,1,1
4052,1,0,1,8,1
7097,1,0,1,3,1
6288,0,1,1,8,1
5914,1,0,1,2,1
14280,1,0,1,3,1
2609,0,1,1,2,1
6998,1,0,1,7,1
13668,1,0,1,4,2
16624,0,1,1,1,1
10942,1,0,1,7,1
9728,1,0,1,1,2
6121,1,0,1,8,1
7949,1,0,1,4,2
2789,1,0,1,0,1
7547,1,0,1,3,1
7436,1,0,1,2,1
3074,1,0,1,0,1
1626,0,1,1,0,1
2558,0,1,1,2,1
11284,1,0,1,3,3
9662,1,0,1,9,1
9134,1,0,1,6,1
2750,1,0,1,1,1
4766,1,0,1,9,1
3913,1,0,1,4,1
12896,1,0,1,1,1
7069,1,0,1,7,1
7937,1,0,1,9,1
4905,1,0,1,6,4
5516,1,0,1,6,1
4598,1,0,1,7,1
4634,1,0,1,1,1
6779,1,0,1,4,1
13247,1,0,1,7,1
2603,1,0,1,1,2
11701,1,0,1,4,1
9511,1,0,1,7,2
2597,1,0,1,6,2
4551,1,0,1,1,1
3836,1,0,1,6,4
10881,1,0,1,6,4
13561,0,1,1,3,1
16999,0,1,1,8,1
14115,1,0,1,4,1
153,0,1,1,1,1
11141,1,0,1,4,1
17247,0,1,1,1,1
17033,0,1,1,2,1
8922,1,0,1,4,2
12976,0,1,1,6,1
17015,0,1,1,7,2
11437,1,0,1,1,1
9390,1,0,1,1,1
11365,1,0,1,6,1
3200,1,0,1,0,1
12711,0,1,1,9,1
670,1,0,1,2,1
3869,1,0,1,3,1
12641,1,0,1,3,1
1288,0,1,1,4,1
7122,1,0,1,3,1
13817,1,0,1,3,1
9887,1,0,1,4,1
13580,1,0,1,6,1
16080,0,1,1,1,1
5200,1,0,1,3,1
5283,1,0,1,4,1
12101,1,0,1,3,1
4771,1,0,1,7,1
6179,1,0,1,4,2
7071,1,0,1,6,1
5338,1,0,1,6,1
9599,1,0,1,4,2
2749,1,0,1,2,1
5057,1,0,1,3,1
7881,1,0,1,6,1
8949,1,0,1,2,1
6917,1,0,1,4,2
13119,1,0,1,4,1
6512,1,0,1,8,1
8835,1,0,1,6,1
16955,1,0,1,0,1
12163,1,0,1,2,2
10894,1,0,1,2,1
14616,1,0,1,1,2
13175,1,0,1,7,1
14888,1,0,1,2,1
2655,0,1,1,2,2
6954,1,0,1,4,4
10819,1,0,1,6,2
4822,1,0,1,4,2
7967,1,0,1,7,1
10012,1,0,1,6,1
11862,1,0,1,2,1
8826,0,1,1,4,1
16280,0,1,1,1,1
12221,1,0,1,3,1
14034,1,0,1,2,1
3437,1,0,1,6,3
11308,1,0,1,2,4
12154,1,0,1,7,2
9862,1,0,1,2,2
943,1,0,1,2,1
293,0,1,1,2,1
12069,0,1,1,3,4
3003,1,0,1,2,1
3933,1,0,1,6,1
4263,1,0,1,7,1
8408,1,0,1,4,1
9336,1,0,1,6,1
2482,0,1,1,0,1
125,1,0,1,0,1
14316,1,0,1,2,2
3238,1,0,1,4,1
9964,1,0,1,7,1
12603,1,0,1,2,4
2505,1,0,1,0,1
7045,0,1,1,4,1
13154,1,0,1,4,2
15451,0,1,1,0,1
6063,1,0,1,4,1
7033,1,0,1,1,1
11180,1,0,1,4,2
10673,1,0,1,2,1
4238,1,0,1,7,1
15890,0,1,1,1,1
6865,1,0,1,1,1
11116,1,0,1,3,1
5246,1,0,1,7,1
8408,1,0,1,4,1
644,1,0,1,4,1
6198,0,1,1,2,1
12618,1,0,1,8,4
6892,1,0,1,4,1
2671,0,1,1,0,1
13220,1,0,1,4,1
662,0,1,1,2,1
9536,1,0,1,3,4
4818,1,0,1,2,1
3420,1,0,1,1,1
9112,1,0,1,6,1
4380,1,0,1,7,1
11332,0,1,1,8,2
13971,1,0,1,4,1
8680,1,0,1,3,2
10586,1,0,1,7,1
8792,1,0,1,3,1
6722,1,0,1,6,1
13629,1,0,1,6,2
12714,1,0,1,6,1
12982,0,1,1,8,1
8001,1,0,1,6,1
7904,0,1,1,3,1
13496,1,0,1,1,3
9559,1,0,1,4,1
11338,1,0,1,4,1
5474,1,0,1,3,1
751,0,1,1,2,1
7345,1,0,1,1,1
13846,1,0,1,1,1
12174,1,0,1,2,1
7082,0,1,1,4,1
12663,0,1,1,6,1
2997,0,1,1,2,1
14149,1,0,1,2,1
2961,1,0,1,1,1
10774,1,0,1,3,3
5677,0,1,1,4,1
8332,1,0,1,3,1
4375,1,0,1,7,1
14309,1,0,1,2,2
5301,1,0,1,1,1
7443,1,0,1,7,1
2896,1,0,1,6,1
6081,0,1,1,8,1
1226,1,0,1,0,2
8798,1,0,1,3,1
12186,1,0,1,3,1
14712,0,1,1,0,1
5572,0,1,1,6,1
11358,1,0,1,2,1
4748,1,0,1,3,1
12616,1,0,1,8,2
249,0,1,1,2,1
5222,1,0,1,4,1
7140,1,0,1,7,3
11342,0,1,1,2,1
12973,1,0,1,7,2
12187,1,0,1,4,1
10636,0,1,1,8,1
8911,1,0,1,4,2
1831,0,1,1,2,3
11973,1,0,1,3,1
13636,1,0,1,7,1
14605,1,0,1,4,1
13364,1,0,1,3,1
14019,1,0,1,7,1
5598,1,0,1,2,1
1082,0,1,1,0,2
17851,0,1,1,7,2
7235,1,0,1,3,1
16313,0,1,1,5,1
6451,1,0,1,6,1
11467,1,0,1,4,1
14130,1,0,1,1,1
3809,1,0,1,2,1
13261,1,0,1,7,1
513,0,1,1,0,1
6002,1,0,1,4,4
3447,1,0,1,1,1
14910,1,0,1,2,1
17775,0,1,1,2,1
7255,1,0,1,4,1
11268,1,0,1,3,1
1831,0,1,1,2,3
12919,1,0,1,4,1
5883,1,0,1,3,1
7352,1,0,1,2,1
18585,1,0,1,1,1
6388,1,0,1,2,1
3835,1,0,1,7,1
2323,0,1,1,0,1
13454,1,0,1,3,1
3811,1,0,1,2,1
10382,1,0,1,2,1
275,0,1,1,4,1
7289,1,0,1,3,1
12396,1,0,1,7,1
13546,1,0,1,1,1
13964,0,1,1,3,4
12896,1,0,1,1,1
4696,1,0,1,7,1
7440,0,1,1,1,1
12728,1,0,1,7,1
11910,1,0,1,2,3
14350,1,0,1,6,1
17368,0,1,1,2,1
16923,0,1,1,0,3
3519,0,1,1,7,1
17086,0,1,1,0,1
14316,1,0,1,2,2
7903,1,0,1,6,1
1631,1,0,1,2,2
15466,1,0,1,0,2
11871,1,0,1,4,1
12935,1,0,1,3,1
3577,1,0,1,7,1
12464,1,0,1,4,1
9240,1,0,1,7,1
12388,1,0,1,6,1
8855,0,1,1,3,1
14238,1,0,1,2,1
6086,1,0,1,8,1
2754,1,0,1,2,1
11566,1,0,1,4,1
1664,0,1,1,2,1
4152,1,0,1,7,4
1864,0,1,1,2,1
18276,1,0,1,2,1
10296,1,0,1,8,1
6504,1,0,1,7,1
3477,1,0,1,7,1
12990,0,1,1,6,1
11481,1,0,1,4,1
1459,1,0,1,2,1
4858,1,0,1,8,1
3640,1,0,1,2,1
15766,0,1,1,6,1
16609,0,1,1,0,1
12120,1,0,1,7,1
4440,1,0,1,8,1
14183,1,0,1,2,1
17087,0,1,1,5,1
11620,1,0,1,2,1
12924,1,0,1,3,2
12505,1,0,1,2,1
8005,1,0,1,3,1
11586,1,0,1,7,3
1781,0,1,1,0,2
16898,0,1,1,1,1
17689,0,1,1,0,1
7704,1,0,1,3,1
3670,1,0,1,6,1
2742,0,1,1,2,1
2574,0,1,1,1,2
3239,0,1,1,0,1
11880,1,0,1,2,4
14385,1,0,1,7,1
2442,1,0,1,0,1
8222,1,0,1,2,2
10989,1,0,1,4,2
15154,1,0,1,1,1
15696,0,1,1,2,1
15327,0,1,1,1,1
1902,0,1,1,0,1
14379,1,0,1,1,1
11593,1,0,1,5,1
1944,0,1,1,0,1
6930,1,0,1,6,1
8766,1,0,1,4,1
6692,1,0,1,3,1
8638,1,0,1,3,1
14278,1,0,1,3,1
12970,1,0,1,1,1
16093,1,0,1,0,1
5268,1,0,1,7,1
14099,1,0,1,2,1
6783,1,0,1,4,1
8300,1,0,1,3,1
8547,1,0,1,4,1
15071,0,1,1,1,2
620,1,0,1,0,1
4346,1,0,1,7,2
3997,1,0,1,1,2
4872,1,0,1,4,4
3148,1,0,1,2,1
9961,1,0,1,7,1
6624,1,0,1,1,1
16837,0,1,1,0,2
2616,1,0,1,2,1
14966,0,1,1,2,1
7189,1,0,1,5,2
11622,1,0,1,2,1
4321,1,0,1,4,1
5596,1,0,1,2,3
3963,1,0,1,2,1
3356,1,0,1,9,4
11058,0,1,1,1,1
703,0,1,1,0,1
4642,1,0,1,7,2
16099,0,1,1,5,1
7152,1,0,1,1,1
6358,1,0,1,4,1
4447,1,0,1,7,1
7891,1,0,1,6,1
9913,0,1,1,3,1
1099,0,1,1,4,1
14148,1,0,1,8,1
4972,1,0,1,1,1
8427,1,0,1,4,1
11970,1,0,1,3,1
4833,1,0,1,6,2
10432,1,0,1,2,1
6361,1,0,1,3,1
15722,0,1,1,6,1
6729,1,0,1,9,1
17142,0,1,1,2,1
4353,1,0,1,6,3
13778,1,0,1,2,1
16863,0,1,1,6,1
15662,1,0,1,2,1
557,1,0,1,1,1
16805,0,1,1,0,1
8720,1,0,1,4,1
16033,0,1,1,1,1
2265,0,1,1,2,1
3855,1,0,1,9,1
11180,1,0,1,4,2
7507,1,0,1,4,3
2007,0,1,1,2,1
8883,1,0,1,3,1
18032,0,1,1,2,1
8738,1,0,1,2,1
14876,1,0,1,1,2
2850,1,0,1,1,1
1129,0,1,1,0,1
4320,1,0,1,9,1
14869,0,1,1,1,1
17027,0,1,1,1,1
8329,1,0,1,3,1
520,0,1,1,0,1
11247,1,0,1,7,1
3604,0,1,1,7,2
2534,0,1,1,2,2
11882,1,0,1,3,1
2065,1,0,1,2,1
14283,1,0,1,3,2
12749,1,0,1,4,1
14242,0,1,1,2,1
4879,1,0,1,6,1
12949,1,0,1,7,1
7550,1,0,1,3,1
10224,1,0,1,2,1
4277,1,0,1,4,1
11801,0,1,1,6,1
7897,1,0,1,2,1
1367,0,1,1,2,1
13327,1,0,1,2,1
7912,1,0,1,1,1
14051,0,1,1,6,2
8725,1,0,1,4,1
8262,1,0,1,4,1
4391,1,0,1,2,1
18013,0,1,1,2,1
8397,0,1,1,2,1
12960,1,0,1,6,1
14270,1,0,1,2,1
12364,1,0,1,2,1
18003,1,0,1,0,1
15438,0,1,1,6,2
5772,1,0,1,8,2
13671,1,0,1,2,4
11557,1,0,1,1,1
10482,1,0,1,3,1
76,1,0,1,1,1
5754,1,0,1,2,1
14243,1,0,1,2,1
5020,1,0,1,1,4
17305,0,1,1,1,1
2178,0,1,1,2,1
11201,1,0,1,6,2
3512,0,1,1,7,1
5471,1,0,1,3,1
5373,1,0,1,1,1
9195,1,0,1,4,2
6411,1,0,1,8,1
5102,0,1,1,6,1
1978,0,1,1,6,3
6906,1,0,1,6,1
10356,1,0,1,6,1
7001,1,0,1,1,2
3316,1,0,1,0,2
9142,1,0,1,7,2
11783,1,0,1,2,1
1859,0,1,1,0,1
6127,1,0,1,8,4
3736,1,0,1,9,2
16437,0,1,1,2,1
5321,1,0,1,7,2
14093,1,0,1,2,1
1595,1,0,1,2,1
16323,0,1,1,2,1
8796,1,0,1,7,1
10628,1,0,1,4,1
4129,1,0,1,1,3
6151,1,0,1,7,1
3174,1,0,1,2,1
8470,1,0,1,2,2
10532,1,0,1,4,2
1967,1,0,1,1,1
9360,1,0,1,8,1
6255,1,0,1,4,1
5807,1,0,1,1,1
13679,1,0,1,3,1
13783,1,0,1,3,1
2080,0,1,1,0,1
6185,0,1,1,4,1
10207,1,0,1,3,1
1914,0,1,1,4,1
9758,1,0,1,8,1
13943,0,1,1,7,2
9188,0,1,1,4,1
7410,1,0,1,6,1
5174,1,0,1,6,4
12242,0,1,1,4,1
1040,1,0,1,2,2
5574,1,0,1,4,1
17412,0,1,1,1,1
3586,1,0,1,6,1
3438,1,0,1,3,1
13680,0,1,1,2,1
9391,1,0,1,1,1
14427,1,0,1,6,1
11306,1,0,1,2,2
8368,1,0,1,1,2
10642,1,0,1,8,1
228,1,0,1,2,1
4399,1,0,1,6,1
8904,1,0,1,3,1
1156,1,0,1,2,1
13480,1,0,1,2,1
6424,1,0,1,7,1
6982,1,0,1,9,1
13311,1,0,1,1,4
16864,0,1,1,2,1
2754,1,0,1,2,1
13144,1,0,1,4,1
15706,0,1,1,1,1
9919,1,0,1,3,1
8840,1,0,1,3,2
14000,1,0,1,4,1
3825,1,0,1,3,4
7033,1,0,1,1,1
5978,1,0,1,3,1
1564,1,0,1,2,1
399,1,0,1,0,1
6390,1,0,1,3,3
15724,1,0,1,2,1
17829,0,1,1,2,1
10764,0,1,1,9,2
5413,1,0,1,3,1
9379,1,0,1,6,1
13786,0,1,1,9,1
4834,1,0,1,4,3
13978,0,1,1,4,1
14310,1,0,1,7,1
9744,1,0,1,7,1
12700,1,0,1,7,1
3,0,1,1,0,1
10244,1,0,1,7,1
3692,1,0,1,3,1
10765,1,0,1,3,1
12397,1,0,1,7,2
1826,0,1,1,2,1
5496,1,0,1,2,4
17387,0,1,1,1,1
11185,1,0,1,9,1
180,1,0,1,1,1
3362,1,0,1,1,1
17235,0,1,1,2,1
5299,0,1,1,7,1
206,1,0,1,0,1
14243,1,0,1,2,1
13541,1,0,1,8,2
3616,1,0,1,8,1
9811,1,0,1,3,2
13373,1,0,1,4,3
9799,1,0,1,2,1
1260,0,1,1,4,2
3658,1,0,1,1,2
3843,1,0,1,4,1
11048,1,0,1,4,1
5459,1,0,1,4,4
17451,0,1,1,1,1
15394,0,1,1,3,1
1091,1,0,1,1,1
13983,1,0,1,2,1
8787,1,0,1,2,1
6594,1,0,1,4,1
16095,0,1,1,0,2
5824,1,0,1,1,1
14570,1,0,1,3,3
13271,1,0,1,2,2
4393,1,0,1,1,1
16947,0,1,1,2,2
900,1,0,1,0,1
389,0,1,1,0,1
1791,0,1,1,0,3
44,1,0,1,0,1
13514,1,0,1,4,1
1784,0,1,1,2,1
1020,1,0,1,4,1
11597,1,0,1,3,1
8053,1,0,1,8,1
12449,1,0,1,4,1
6895,0,1,1,8,1
11428,1,0,1,7,1
17150,0,1,1,1,1
3086,1,0,1,2,1
2535,0,1,1,4,1
17235,0,1,1,2,1
6196,1,0,1,2,1
14033,1,0,1,2,1
5878,1,0,1,4,1
7871,1,0,1,4,1
3661,1,0,1,2,1
4281,1,0,1,4,1
7884,1,0,1,6,1
17602,0,1,1,0,1
586,1,0,1,2,1
12615,1,0,1,6,1
6238,1,0,1,3,2
16815,0,1,1,0,1
11245,1,0,1,2,4
1320,0,1,1,2,1
7660,1,0,1,3,1
13365,0,1,1,3,1
5136,1,0,1,7,1
14537,1,0,1,7,1
14039,1,0,1,7,1
10049,1,0,1,3,2
9787,1,0,1,4,1
688,0,1,1,0,2
14266,1,0,1,2,1
11175,1,0,1,4,4
304,1,0,1,2,1
16787,0,1,1,2,1
1908,1,0,1,0,1
3864,1,0,1,7,1
13502,1,0,1,3,1
15247,0,1,1,1,1
5916,1,0,1,3,2
10682,1,0,1,6,1
1905,1,0,1,2,1
10140,1,0,1,6,1
3366,1,0,1,4,1
7744,1,0,1,2,1
10517,1,0,1,2,1
14926,0,1,1,1,1
9151,1,0,1,7,1
18589,1,0,1,0,1
17699,0,1,1,2,1
15404,0,1,1,0,1
16300,1,0,1,6,2
2763,0,1,1,0,1
14920,0,1,1,1,1
7798,1,0,1,8,1
6320,1,0,1,2,2
1051,0,1,1,0,1
5187,1,0,1,6,1
12503,1,0,1,3,1
6118,1,0,1,8,2
17183,0,1,1,1,1
11007,1,0,1,3,1
14320,1,0,1,7,1
1035,0,1,1,0,1
10394,0,1,1,8,2
3,0,1,1,0,1
720,0,1,1,2,1
17612,0,1,1,1,1
7666,1,0,1,4,1
4291,0,1,1,4,1
3008,1,0,1,2,1
3251,0,1,1,0,1
28,0,1,1,2,1
7598,1,0,1,3,1
4173,1,0,1,7,3
5471,1,0,1,3,1
13093,1,0,1,3,1
6459,1,0,1,7,1
5565,1,0,1,1,2
16922,0,1,1,1,1
12959,0,1,1,6,2
3926,0,1,1,2,1
14892,0,1,1,2,1
7249,1,0,1,8,1
16929,0,1,1,2,1
9025,1,0,1,1,1
7527,1,0,1,3,2
11252,1,0,1,2,2
5800,1,0,1,3,1
10335,1,0,1,3,4
5938,1,0,1,2,1
5354,1,0,1,3,1
1251,0,1,1,2,1
511,0,1,1,4,1
18640,1,0,1,2,1
16823,0,1,1,0,1
9288,0,1,1,7,1
9538,1,0,1,3,1
5887,1,0,1,4,1
14944,0,1,1,2,2
10112,1,0,1,8,3
9536,1,0,1,3,4
11328,1,0,1,8,1
10661,1,0,1,6,1
17645,0,1,1,1,1
1140,1,0,1,2,1
11203,1,0,1,3,1
9827,1,0,1,3,2
15036,0,1,1,0,1
5524,0,1,1,6,1
5500,1,0,1,7,1
9749,1,0,1,3,2
4856,1,0,1,3,1
9852,1,0,1,4,2
17324,1,0,1,0,1
17631,0,1,1,7,1
6091,1,0,1,8,1
15947,0,1,1,2,1
15727,0,1,1,1,1
4062,1,0,1,8,2
2755,0,1,1,2,1
3410,1,0,1,3,1
3658,1,0,1,1,2
1235,0,1,1,0,1
2553,1,0,1,1,1
1908,1,0,1,0,1
3679,1,0,1,1,2
6664,1,0,1,7,1
17698,0,1,1,6,1
1928,1,0,1,1,2
15056,1,0,1,1,1
14474,1,0,1,8,1
529,0,1,1,0,1
10090,1,0,1,9,1
2092,1,0,1,0,2
7162,1,0,1,6,1
18127,0,1,1,1,4
8469,1,0,1,4,1
11140,1,0,1,4,1
14418,1,0,1,5,1
2460,0,1,1,2,2
14460,1,0,1,7,1
7572,1,0,1,3,1
13313,0,1,1,1,1
4864,1,0,1,3,1
4191,1,0,1,7,1
2481,0,1,1,2,1
8766,1,0,1,4,1
242,0,1,1,0,1
11856,1,0,1,1,1
14772,0,1,1,2,1
8718,1,0,1,1,1
11673,1,0,1,7,1
10633,1,0,1,4,2
10528,1,0,1,4,1
5609,1,0,1,7,1
14284,1,0,1,3,1
12031,1,0,1,3,1
10139,1,0,1,6,1
10462,1,0,1,3,1
9332,1,0,1,6,1
3722,1,0,1,4,1
1777,1,0,1,1,1
7406,1,0,1,2,1
11424,1,0,1,4,2
16903,0,1,1,1,1
15175,0,1,1,1,1
13092,1,0,1,3,1
14424,1,0,1,6,1
16302,0,1,1,1,1
10886,1,0,1,6,1
11919,1,0,1,2,1
7618,0,1,1,7,1
15584,0,1,1,1,1
2403,0,1,1,1,1
8554,1,0,1,7,2
17880,0,1,1,0,1
9809,1,0,1,4,1
10080,1,0,1,4,2
12207,1,0,1,1,1
6331,1,0,1,2,1
580,0,1,1,2,2
1971,0,1,1,2,2
16457,0,1,1,2,1
7359,1,0,1,2,1
8065,0,1,1,2,1
5343,1,0,1,8,1
5423,1,0,1,6,1
15079,0,1,1,4,1
17743,0,1,1,2,1
12823,1,0,1,3,1
5673,1,0,1,1,1
6779,1,0,1,4,1
8362,0,1,1,1,1
1406,1,0,1,2,1
12836,1,0,1,1,1
1137,0,1,1,0,1
9261,1,0,1,4,2
12424,1,0,1,4,1
8512,1,0,1,1,1
11058,0,1,1,1,1
18613,0,1,1,2,1
6480,1,0,1,1,1
5584,1,0,1,2,2
963,0,1,1,0,1
11327,1,0,1,8,1
15126,0,1,1,6,1
5495,1,0,1,4,1
3294,1,0,1,3,1
15893,0,1,1,2,1
6902,0,1,1,1,2
6070,1,0,1,7,4
12293,1,0,1,6,2
1998,0,1,1,8,1
14184,1,0,1,6,1
2751,0,1,1,2,1
8889,1,0,1,3,1
6318,1,0,1,4,1
2715,1,0,1,2,2
12918,1,0,1,7,1
14142,1,0,1,4,1
889,0,1,1,2,1
15848,0,1,1,6,1
4911,1,0,1,2,1
6342,1,0,1,2,1
11514,0,1,1,4,2
7904,0,1,1,3,1
4038,1,0,1,3,2
14282,1,0,1,3,1
5075,1,0,1,1,2
9099,1,0,1,9,1
2856,1,0,1,0,2
14015,1,0,1,4,1
9758,1,0,1,8,1
11181,1,0,1,9,1
11330,1,0,1,7,2
14345,1,0,1,4,2
5228,1,0,1,3,2
14445,1,0,1,3,1
10037,0,1,1,4,2
10388,1,0,1,8,1
5053,1,0,1,3,1
17985,1,0,1,2,1
16699,0,1,1,1,1
2345,1,0,1,1,1
7838,1,0,1,3,4
25,1,0,1,2,1
8576,1,0,1,1,1
7303,1,0,1,3,1
12978,1,0,1,2,1
14324,0,1,1,2,1
17711,0,1,1,1,1
8883,1,0,1,3,1
18216,1,0,1,1,1
17746,0,1,1,2,1
10528,1,0,1,4,1
14411,1,0,1,4,1
12948,1,0,1,7,1
789,1,0,1,0,1
14424,1,0,1,6,1
7346,1,0,1,6,1
16405,0,1,1,6,1
8563,1,0,1,1,1
10485,1,0,1,2,2
11079,1,0,1,6,1
13981,1,0,1,4,2
6949,1,0,1,2,1
269,0,1,1,4,1
8016,1,0,1,7,1
9704,1,0,1,3,1
1919,1,0,1,1,1
11385,1,0,1,4,1
13448,1,0,1,6,1
18193,0,1,1,0,1
6151,1,0,1,7,1
16043,1,0,1,1,1
11006,1,0,1,2,3
11619,1,0,1,2,1
206,1,0,1,0,1
9021,1,0,1,1,3
16003,0,1,1,0,1
18632,1,0,1,1,2
10849,1,0,1,2,1
3961,1,0,1,7,1
7364,1,0,1,4,1
6035,1,0,1,6,2
2569,1,0,1,0,1
11237,1,0,1,2,2
6221,1,0,1,6,1
11311,1,0,1,1,4
4285,1,0,1,4,1
12796,1,0,1,4,2
13567,1,0,1,1,1
10351,0,1,1,4,1
8267,1,0,1,3,1
12969,1,0,1,4,2
8506,1,0,1,3,4
15489,0,1,1,0,1
3479,0,1,1,3,1
16420,0,1,1,2,1
15302,0,1,1,2,1
8634,1,0,1,3,1
8956,1,0,1,8,1
16080,0,1,1,1,1
10126,1,0,1,3,1
11582,1,0,1,3,1
2595,1,0,1,0,1
10970,1,0,1,6,1
14861,0,1,1,0,1
5381,1,0,1,6,2
7628,1,0,1,7,1
18,0,1,1,0,2
17776,0,1,1,1,1
9324,1,0,1,2,1
15956,0,1,1,5,3
18611,1,0,1,0,1
10140,1,0,1,6,1
7916,1,0,1,3,1
2128,0,1,1,2,2
5575,0,1,1,2,2
2625,0,1,1,1,1
9250,1,0,1,3,1
10876,1,0,1,6,1
10681,1,0,1,6,1
6268,1,0,1,2,1
11508,1,0,1,7,2
5647,1,0,1,4,1
11167,1,0,1,8,1
275,0,1,1,4,1
8213,1,0,1,4,1
5298,1,0,1,4,1
15465,0,1,1,6,2
15739,0,1,1,1,1
947,0,1,1,2,1
5502,1,0,1,7,1
2501,1,0,1,2,1
1253,0,1,1,0,1
13894,1,0,1,2,1
5033,1,0,1,2,1
17858,0,1,1,2,1
1972,1,0,1,0,1
12075,1,0,1,3,1
11641,1,0,1,7,1
15661,0,1,1,1,1
13877,1,0,1,2,2
14356,1,0,1,4,1
18633,1,0,1,7,2
2185,0,1,1,2,1
10654,1,0,1,4,1
13558,1,0,1,2,3
11780,1,0,1,2,1
8222,1,0,1,2,2
1539,1,0,1,0,1
2673,1,0,1,0,1
7252,1,0,1,3,2
15725,0,1,1,1,1
10839,0,1,1,7,2
10575,1,0,1,2,3
4271,1,0,1,3,2
9250,1,0,1,3,1
2483,1,0,1,0,1
2240,0,1,1,0,1
18500,1,0,1,0,1
14725,1,0,1,1,1
10817,0,1,1,1,1
8356,1,0,1,3,1
12414,1,0,1,2,2
149,1,0,1,0,1
8915,1,0,1,4,2
16609,0,1,1,0,1
8484,1,0,1,2,1
4451,1,0,1,7,4
1419,0,1,1,1,1
3486,1,0,1,3,1
10725,1,0,1,7,2
6319,1,0,1,7,2
8273,1,0,1,2,1
18311,1,0,1,0,1
4455,1,0,1,3,1
6151,1,0,1,7,1
7114,1,0,1,3,1
11750,1,0,1,3,1
3398,1,0,1,7,1
15741,0,1,1,2,2
13006,1,0,1,8,1
12615,1,0,1,6,1
4391,1,0,1,2,1
11786,0,1,1,2,1
13401,1,0,1,6,1
8571,1,0,1,4,1
8634,1,0,1,3,1
4984,1,0,1,3,1
14834,0,1,1,1,1
6539,1,0,1,2,1
17733,0,1,1,1,1
15525,0,1,1,2,1
7055,1,0,1,7,1
1320,0,1,1,2,1
16468,1,0,1,5,1
17600,0,1,1,6,1
5800,1,0,1,3,1
14427,1,0,1,6,1
389,0,1,1,0,1
4746,1,0,1,3,1
4483,0,1,1,3,3
10888,1,0,1,6,1
1256,1,0,1,2,1
17068,0,1,1,7,1
5356,1,0,1,4,1
16649,0,1,1,5,1
6331,1,0,1,2,1
11337,1,0,1,8,1
18304,0,1,1,0,1
3312,1,0,1,0,1
441,1,0,1,0,1
11815,1,0,1,8,2
7362,1,0,1,3,1
10825,1,0,1,6,1
15646,0,1,1,9,1
9827,1,0,1,3,2
13434,1,0,1,2,1
4296,1,0,1,3,1
540,1,0,1,2,2
283,0,1,1,0,1
6784,1,0,1,8,1
10492,1,0,1,9,1
11335,1,0,1,8,3
16235,0,1,1,1,1
8040,1,0,1,7,1
8618,1,0,1,2,1
2015,1,0,1,0,1
18013,0,1,1,2,1
15600,0,1,1,2,1
4931,1,0,1,6,2
18283,1,0,1,2,1
6341,1,0,1,7,1
7562,0,1,1,7,2
9369,1,0,1,9,1
10080,1,0,1,4,2
15781,1,0,1,3,1
4360,1,0,1,4,1
669,1,0,1,2,1
4984,1,0,1,3,1
4486,1,0,1,3,2
9627,1,0,1,4,1
8645,1,0,1,2,4
16116,0,1,1,2,1
11997,1,0,1,1,2
3327,1,0,1,0,1
5635,1,0,1,4,1
7314,0,1,1,3,1
13288,1,0,1,3,1
2859,1,0,1,0,1
13506,1,0,1,4,1
17274,1,0,1,1,1
7355,1,0,1,1,1
8870,1,0,1,8,1
13260,1,0,1,7,2
6892,1,0,1,4,1
1109,1,0,1,0,2
13788,1,0,1,2,1
9031,1,0,1,2,1
3515,1,0,1,4,1
12084,1,0,1,8,1
13100,1,0,1,4,1
5450,1,0,1,3,2
12186,1,0,1,3,1
13013,1,0,1,8,1
12413,0,1,1,2,2
10750,1,0,1,8,1
11169,1,0,1,8,1
7071,1,0,1,6,1
5213,1,0,1,3,4
11706,0,1,1,4,1
9550,1,0,1,2,1
9822,1,0,1,3,1
9190,1,0,1,4,1
16805,0,1,1,0,1
14093,1,0,1,2,1
7118,1,0,1,2,1
13043,1,0,1,2,1
9543,1,0,1,6,1
14610,0,1,1,2,1
8078,1,0,1,1,1
13249,1,0,1,1,1
4536,1,0,1,6,1
3705,1,0,1,6,1
11225,1,0,1,7,1
2077,1,0,1,2,1
9352,1,0,1,7,2
4533,1,0,1,1,1
5194,1,0,1,7,1
11357,1,0,1,2,1
1919,1,0,1,1,1
1067,1,0,1,2,1
11657,1,0,1,2,1
11428,1,0,1,7,1
12600,1,0,1,2,1
13709,1,0,1,1,2
1702,0,1,1,2,1
9361,1,0,1,8,2
5294,1,0,1,9,3
9607,1,0,1,6,1
4484,1,0,1,3,1
4833,1,0,1,6,2
3601,1,0,1,6,1
7240,1,0,1,1,1
8470,1,0,1,2,2
10587,1,0,1,2,1
10335,1,0,1,3,4
11388,1,0,1,4,1
16724,0,1,1,2,2
10409,1,0,1,7,1
7807,1,0,1,3,1
10458,1,0,1,4,1
6512,1,0,1,8,1
1376,1,0,1,1,2
16717,0,1,1,2,1
8463,0,1,1,8,4
13582,0,1,1,6,2
8319,1,0,1,3,1
17143,0,1,1,1,1
8887,1,0,1,2,1
2347,1,0,1,2,1
14236,1,0,1,3,1
10303,1,0,1,1,1
13494,1,0,1,6,1
11029,1,0,1,4,1
13816,1,0,1,3,1
3234,0,1,1,1,1
9217,1,0,1,4,1
11069,1,0,1,3,2
17185,1,0,1,2,1
2745,0,1,1,4,2
2781,1,0,1,1,1
14138,1,0,1,4,2
5675,1,0,1,4,2
14138,1,0,1,4,2
811,1,0,1,1,1
7470,1,0,1,1,1
5694,1,0,1,4,1
12436,1,0,1,3,1
15560,1,0,1,1,1
12452,1,0,1,7,2
9243,1,0,1,7,1
1533,0,1,1,0,1
3827,1,0,1,4,1
17163,0,1,1,1,1
3061,1,0,1,1,1
16232,0,1,1,2,1
9899,1,0,1,2,1
18659,1,0,1,0,1
6323,1,0,1,3,1
7421,1,0,1,3,1
12495,1,0,1,4,1
10491,1,0,1,7,1
4197,1,0,1,6,1
7943,1,0,1,4,1
12288,1,0,1,2,1
10857,1,0,1,3,1
12095,1,0,1,3,1
12642,1,0,1,3,2
9693,1,0,1,3,1
9024,1,0,1,3,1
14263,1,0,1,7,1
10227,1,0,1,2,1
16858,1,0,1,4,1
13256,1,0,1,6,1
11716,1,0,1,1,1
4326,1,0,1,7,1
7129,1,0,1,4,1
1336,1,0,1,2,1
313,1,0,1,7,1
13590,1,0,1,4,4
7583,1,0,1,4,3
7891,1,0,1,6,1
17817,0,1,1,2,1
7895,1,0,1,4,1
9729,1,0,1,1,1
4279,0,1,1,4,1
9526,1,0,1,6,1
12591,1,0,1,7,1
18284,1,0,1,1,1
9435,1,0,1,1,1
13714,1,0,1,4,1
7778,0,1,1,9,2
1178,0,1,1,2,1
7946,1,0,1,4,4
11744,1,0,1,4,1
15452,0,1,1,3,1
5974,1,0,1,3,2
18500,1,0,1,0,1
9936,1,0,1,2,1
17820,0,1,1,7,1
4756,1,0,1,3,1
7040,0,1,1,8,1
31,0,1,1,2,1
5523,0,1,1,4,3
754,1,0,1,0,1
13536,1,0,1,8,1
10106,1,0,1,8,1
1129,0,1,1,0,1
6183,1,0,1,7,1
9948,1,0,1,7,1
14588,1,0,1,4,4
11426,0,1,1,4,1
13256,1,0,1,6,1
6577,0,1,1,2,1
12819,1,0,1,8,1
4174,1,0,1,7,1
14085,1,0,1,1,2
11821,1,0,1,7,1
13981,1,0,1,4,2
1557,1,0,1,0,2
10970,1,0,1,6,1
4121,1,0,1,4,1
11291,1,0,1,8,1
162,1,0,1,1,1
12762,1,0,1,3,1
11306,1,0,1,2,2
6617,1,0,1,3,1
14193,1,0,1,7,1
11657,1,0,1,2,1
11284,1,0,1,3,3
10039,1,0,1,4,2
17185,1,0,1,2,1
14451,1,0,1,6,3
8114,1,0,1,4,1
5644,1,0,1,4,2
5921,1,0,1,3,1
12326,1,0,1,4,1
13511,1,0,1,2,1
12112,1,0,1,1,1
4822,1,0,1,4,2
3295,1,0,1,0,1
280,0,1,1,0,1
10322,1,0,1,6,1
16717,0,1,1,2,1
706,1,0,1,1,1
15983,0,1,1,1,1
7491,1,0,1,3,1
8700,1,0,1,1,1
8978,1,0,1,6,1
18224,1,0,1,0,1
13738,1,0,1,7,1
17926,1,0,1,1,2
14062,1,0,1,1,1
10418,1,0,1,3,1
16918,0,1,1,2,1
18315,1,0,1,2,1
8874,1,0,1,3,1
15720,0,1,1,2,1
10438,1,0,1,2,4
11900,0,1,1,5,1
2497,1,0,1,6,1
6494,1,0,1,7,1
13430,1,0,1,2,1
4310,1,0,1,3,3
5251,1,0,1,4,1
14349,1,0,1,3,1
3517,1,0,1,3,1
11139,1,0,1,4,1
15816,0,1,1,1,1
15908,0,1,1,2,1
17331,0,1,1,1,1
13459,1,0,1,3,1
7151,1,0,1,6,1
11035,1,0,1,9,2
13444,1,0,1,7,1
4050,1,0,1,6,2
6371,1,0,1,1,1
13879,1,0,1,4,3
9651,1,0,1,1,2
9115,0,1,1,4,3
1539,1,0,1,0,1
17772,0,1,1,1,1
1567,0,1,1,2,1
16099,0,1,1,5,1
10151,1,0,1,7,1
6708,0,1,1,4,1
15043,0,1,1,0,1
13684,1,0,1,8,3
1031,1,0,1,0,1
17557,0,1,1,0,1
14310,1,0,1,7,1
11981,1,0,1,2,1
17357,0,1,1,1,1
9371,1,0,1,9,1
7570,1,0,1,3,3
9605,1,0,1,6,1
8115,1,0,1,3,1
10096,1,0,1,7,1
11345,0,1,1,4,1
4431,1,0,1,8,1
1366,0,1,1,1,1
3995,1,0,1,3,1
11205,1,0,1,7,1
15706,0,1,1,1,1
8717,1,0,1,3,1
76,1,0,1,1,1
18206,0,1,1,2,1
8004,1,0,1,8,1
2512,1,0,1,2,1
12191,1,0,1,7,1
4050,1,0,1,6,2
11402,0,1,1,3,1
578,1,0,1,2,1
11929,1,0,1,4,1
10264,1,0,1,3,3
1289,0,1,1,2,1
16221,0,1,1,4,1
13794,1,0,1,6,2
13894,1,0,1,2,1
7214,1,0,1,3,1
15192,1,0,1,1,1
18401,1,0,1,0,1
11171,1,0,1,8,1
6045,1,0,1,2,3
7533,1,0,1,3,1
10540,1,0,1,6,1
13324,1,0,1,2,1
15513,0,1,1,3,1
6854,0,1,1,9,2
7007,1,0,1,2,1
13586,0,1,1,3,1
17580,0,1,1,1,1
6380,1,0,1,2,1
17862,1,0,1,6,1
3382,1,0,1,3,1
2732,0,1,1,0,1
13669,1,0,1,2,1
13960,1,0,1,3,1
3268,1,0,1,2,1
3858,1,0,1,7,3
46,0,1,1,2,2
4430,0,1,1,8,1
9574,1,0,1,1,1
10070,1,0,1,1,1
15024,0,1,1,1,1
11598,1,0,1,3,1
5691,1,0,1,5,2
10119,1,0,1,3,2
13432,1,0,1,2,2
11675,1,0,1,6,1
6344,1,0,1,2,1
10106,1,0,1,8,1
9676,1,0,1,4,2
14964,0,1,1,6,1
1020,1,0,1,4,1
880,0,1,1,2,2
9711,1,0,1,3,1
8720,1,0,1,4,1
16437,0,1,1,2,1
12701,1,0,1,7,2
4523,1,0,1,4,1
5354,1,0,1,3,1
2836,1,0,1,2,1
6685,1,0,1,4,1
10355,1,0,1,6,1
14291,1,0,1,2,2
3992,1,0,1,8,1
8404,0,1,1,4,1
4563,1,0,1,2,1
5214,1,0,1,2,1
17481,0,1,1,2,1
4723,1,0,1,9,2
13368,1,0,1,3,1
18549,0,1,1,2,1
5356,1,0,1,4,1
17417,0,1,1,2,1
2058,1,0,1,0,1
5970,1,0,1,4,1
12044,0,1,1,2,2
11950,1,0,1,2,1
4698,1,0,1,9,1
6708,0,1,1,4,1
3454,1,0,1,3,1
12501,1,0,1,6,3
8369,1,0,1,1,2
8484,1,0,1,2,1
11714,1,0,1,1,1
2238,1,0,1,2,1
1395,1,0,1,6,2
4025,1,0,1,1,1
15292,0,1,1,2,1
8573,1,0,1,3,2
14474,1,0,1,8,1
3663,1,0,1,9,4
2016,1,0,1,0,1
428,0,1,1,0,1
11631,0,1,1,6,1
3519,0,1,1,7,1
12509,1,0,1,2,4
9092,0,1,1,7,1
3795,1,0,1,2,1
8153,1,0,1,3,1
17836,0,1,1,2,1
17028,0,1,1,1,1
9531,1,0,1,6,1
2141,1,0,1,0,1
8254,1,0,1,8,1
17557,0,1,1,0,1
18608,1,0,1,0,2
4584,1,0,1,2,1
5675,1,0,1,4,2
6113,0,1,1,4,1
7346,1,0,1,6,1
10925,1,0,1,4,1
10641,1,0,1,8,1
6673,1,0,1,4,2
18405,1,0,1,2,1
307,0,1,1,2,3
1178,0,1,1,2,1
5825,1,0,1,8,1
9679,1,0,1,2,2
10225,1,0,1,2,1
1323,1,0,1,0,1
14606,1,0,1,4,2
1077,0,1,1,2,1
8865,1,0,1,2,1
8343,1,0,1,3,1
1736,1,0,1,1,1
16969,0,1,1,2,1
13546,1,0,1,1,1
8912,1,0,1,4,1
10079,1,0,1,4,2
14768,0,1,1,1,1
18106,0,1,1,0,1
2330,0,1,1,2,1
1676,1,0,1,0,1
3265,1,0,1,2,1
2265,0,1,1,2,1
4975,0,1,1,1,1
13606,1,0,1,8,1
15077,0,1,1,1,2
2022,1,0,1,1,1
8553,1,0,1,2,1
16402,0,1,1,0,1
17829,0,1,1,2,1
2564,1,0,1,0,1
1318,1,0,1,2,1
3777,1,0,1,3,1
13493,1,0,1,6,2
3396,1,0,1,4,1
3941,1,0,1,3,1
4014,1,0,1,7,1
13016,1,0,1,3,3
5945,1,0,1,6,1
14167,1,0,1,2,2
9140,1,0,1,7,1
13647,1,0,1,3,1
13105,0,1,1,4,1
3903,1,0,1,2,3
8300,1,0,1,3,1
16510,1,0,1,0,1
10290,1,0,1,3,2
4884,1,0,1,3,1
6606,1,0,1,4,1
12915,1,0,1,6,3
3621,1,0,1,7,1
4658,1,0,1,3,1
11013,1,0,1,4,2
2869,1,0,1,4,1
13715,1,0,1,4,1
8224,1,0,1,2,2
12649,1,0,1,3,2
9749,1,0,1,3,2
16849,0,1,1,8,1
3902,1,0,1,2,1
13962,1,0,1,3,1
10299,1,0,1,8,2
17736,0,1,1,0,1
15849,0,1,1,3,1
5741,1,0,1,6,2
11838,1,0,1,7,1
8362,0,1,1,1,1
5213,1,0,1,3,4
5014,1,0,1,1,1
5816,0,1,1,4,1
16450,0,1,1,1,1
1366,0,1,1,1,1
11934,1,0,1,3,1
7147,1,0,1,7,1
12258,1,0,1,3,1
12213,1,0,1,2,4
3192,1,0,1,1,1
10969,1,0,1,3,1
2844,0,1,1,7,1
14224,1,0,1,4,1
7770,1,0,1,7,1
17851,0,1,1,7,2
15176,0,1,1,6,1
14861,0,1,1,0,1
8196,1,0,1,4,1
312,0,1,1,2,1
3728,1,0,1,7,1
5673,1,0,1,1,1
13307,1,0,1,1,2
1255,0,1,1,0,1
1804,0,1,1,0,1
3783,1,0,1,4,1
15910,0,1,1,1,1
12493,1,0,1,7,1
383,0,1,1,0,1
1150,0,1,1,2,1
9222,1,0,1,8,1
14171,1,0,1,4,2
8726,1,0,1,4,1
16104,0,1,1,2,1
4713,1,0,1,9,2
12680,1,0,1,8,1
4201,1,0,1,7,2
1746,1,0,1,2,2
9046,1,0,1,2,2
1376,1,0,1,1,2
6731,1,0,1,5,1
15348,1,0,1,1,1
1336,1,0,1,2,1
12541,1,0,1,4,1
2333,0,1,1,4,1
9098,1,0,1,4,2
14324,0,1,1,2,1
10207,1,0,1,3,1
2869,1,0,1,4,1
4548,1,0,1,7,1
6673,1,0,1,4,2
10127,1,0,1,3,1
8864,1,0,1,2,1
7119,1,0,1,6,1
4287,1,0,1,3,1
9936,1,0,1,2,1
6247,1,0,1,3,2
3424,1,0,1,2,2
12791,1,0,1,3,2
17631,0,1,1,7,1
3678,1,0,1,3,1
13445,1,0,1,1,1
9647,1,0,1,3,4
16649,0,1,1,5,1
10556,1,0,1,4,2
13536,1,0,1,8,1
10152,1,0,1,8,1
11664,1,0,1,3,2
12460,0,1,1,4,1
14254,1,0,1,4,2
10623,0,1,1,8,1
1188,0,1,1,0,1
5330,0,1,1,7,1
4256,1,0,1,7,1
16024,0,1,1,2,2
1133,1,0,1,1,1
11921,1,0,1,2,1
9947,1,0,1,3,1
11303,1,0,1,2,2
3892,1,0,1,2,1
10521,1,0,1,2,2
7636,0,1,1,4,1
3222,1,0,1,0,1
2991,1,0,1,2,1
6210,1,0,1,3,4
3037,1,0,1,2,1
5449,1,0,1,7,2
11146,1,0,1,4,1
194,0,1,1,4,1
6376,1,0,1,1,1
13404,1,0,1,4,1
12898,0,1,1,4,1
12794,1,0,1,4,1
8832,1,0,1,3,1
7690,1,0,1,4,3
1220,0,1,1,2,1
3388,1,0,1,2,3
17498,0,1,1,2,2
3553,1,0,1,1,1
18534,1,0,1,2,1
8278,1,0,1,3,1
17012,0,1,1,1,1
4241,0,1,1,3,2
14702,0,1,1,1,1
14548,1,0,1,4,1
9357,1,0,1,8,1
10449,1,0,1,3,1
3419,1,0,1,4,2
1568,0,1,1,0,1
11957,0,1,1,8,1
10898,1,0,1,4,1
3912,1,0,1,2,1
6532,0,1,1,2,1
11450,1,0,1,4,1
8169,1,0,1,2,2
3926,0,1,1,2,1
9513,1,0,1,1,1
6690,1,0,1,4,1
16817,0,1,1,0,1
14512,1,0,1,6,1
11555,1,0,1,3,1
3119,1,0,1,2,1
14421,1,0,1,3,1
4168,1,0,1,6,1
7992,1,0,1,8,1
16338,0,1,1,1,1
10787,1,0,1,4,1
4388,0,1,1,3,4
9028,1,0,1,2,1
10942,1,0,1,7,1
4568,1,0,1,3,1
10308,1,0,1,7,1
16,1,0,1,0,1
12769,1,0,1,4,1
4575,1,0,1,7,2
928,1,0,1,1,1
8836,1,0,1,6,4
17323,0,1,1,1,1
13619,1,0,1,6,1
11523,1,0,1,4,2
10732,1,0,1,3,1
8198,1,0,1,1,1
7673,1,0,1,3,4
12759,1,0,1,3,1
9765,1,0,1,6,1
4185,1,0,1,3,1
8534,1,0,1,3,3
11128,1,0,1,4,1
6030,1,0,1,7,1
4993,1,0,1,4,1
8119,0,1,1,2,1
10470,1,0,1,3,1
480,1,0,1,2,1
530,0,1,1,2,1
3619,1,0,1,2,1
6934,1,0,1,4,1
10617,1,0,1,7,1
17445,0,1,1,1,2
5539,1,0,1,4,1
8369,1,0,1,1,2
11405,1,0,1,2,1
1222,0,1,1,4,1
1369,1,0,1,0,1
6280,1,0,1,2,2
13821,1,0,1,2,1
4217,1,0,1,2,1
11352,0,1,1,3,2
10436,1,0,1,2,1
16265,0,1,1,0,1
9548,1,0,1,2,2
4624,1,0,1,4,2
11436,1,0,1,1,1
8570,1,0,1,1,1
13757,1,0,1,8,1
16593,0,1,1,2,1
8367,1,0,1,2,1
6141,1,0,1,3,1
1333,0,1,1,4,1
7259,1,0,1,6,1
11643,1,0,1,2,1
2564,1,0,1,0,1
1837,0,1,1,0,1
2240,0,1,1,0,1
3015,1,0,1,0,1
15762,0,1,1,6,2
13263,1,0,1,2,2
6317,1,0,1,6,1
12659,1,0,1,3,1
15696,0,1,1,2,1
10108,1,0,1,8,1
17732,0,1,1,2,1
17390,0,1,1,2,1
6529,1,0,1,7,2
16676,0,1,1,2,1
12397,1,0,1,7,2
10850,1,0,1,2,1
428,0,1,1,0,1
487,0,1,1,2,1
15262,0,1,1,0,1
1288,0,1,1,4,1
11950,1,0,1,2,1
9063,1,0,1,6,1
5229,1,0,1,3,1
16555,0,1,1,1,1
4497,1,0,1,5,4
14647,0,1,1,2,1
1165,0,1,1,8,1
16360,0,1,1,4,3
14381,1,0,1,7,2
6851,1,0,1,1,1
5761,1,0,1,3,1
10146,1,0,1,8,2
6483,1,0,1,7,1
14853,0,1,1,6,1
13178,0,1,1,7,2
14373,0,1,1,1,1
16055,0,1,1,7,1
3370,1,0,1,4,2
18458,1,0,1,0,1
10360,1,0,1,4,1
8865,1,0,1,2,1
2178,0,1,1,2,1
11302,1,0,1,3,1
4244,1,0,1,7,2
14256,1,0,1,4,1
10313,0,1,1,4,1
11140,1,0,1,4,1
10816,1,0,1,1,1
3304,1,0,1,0,1
12575,1,0,1,2,1
14303,1,0,1,2,4
13994,1,0,1,4,1
9746,1,0,1,9,1
2157,0,1,1,0,1
7564,1,0,1,6,1
14310,1,0,1,7,1
17513,0,1,1,0,1
295,1,0,1,4,1
14515,1,0,1,3,1
3703,1,0,1,7,1
17985,1,0,1,2,1
10211,1,0,1,4,3
9363,1,0,1,7,2
9904,1,0,1,6,1
8293,1,0,1,2,2
6482,1,0,1,1,2
14190,0,1,1,7,1
13865,1,0,1,4,1
17378,0,1,1,2,1
15783,0,1,1,1,2
10664,1,0,1,6,1
866,1,0,1,1,1
9735,1,0,1,6,1
9573,1,0,1,3,1
11685,1,0,1,6,1
7643,1,0,1,2,1
10248,1,0,1,7,1
15097,0,1,1,3,1
1887,1,0,1,0,1
12905,1,0,1,8,1
9851,1,0,1,4,1
901,0,1,1,7,1
11979,1,0,1,7,1
7664,1,0,1,7,2
754,1,0,1,0,1
3467,1,0,1,2,1
11709,1,0,1,1,1
17425,0,1,1,2,1
2271,1,0,1,0,1
7813,1,0,1,1,2
11777,1,0,1,1,1
10236,1,0,1,1,4
4422,1,0,1,1,2
15470,0,1,1,1,1
6252,1,0,1,2,1
2734,1,0,1,0,1
10721,1,0,1,7,1
4632,1,0,1,4,1
270,0,1,1,0,1
4735,1,0,1,3,1
7592,1,0,1,3,1
14170,1,0,1,4,1
9202,0,1,1,3,1
9901,1,0,1,3,3
9142,1,0,1,7,2
13790,1,0,1,6,1
16578,0,1,1,1,1
13319,1,0,1,4,1
817,0,1,1,4,1
11166,1,0,1,4,1
7107,1,0,1,3,1
3420,1,0,1,1,1
7834,1,0,1,7,4
3719,1,0,1,4,3
6862,1,0,1,4,2
7000,1,0,1,7,1
12327,1,0,1,7,1
5174,1,0,1,6,4
15424,0,1,1,2,1
8806,1,0,1,2,1
12468,1,0,1,7,1
17594,0,1,1,0,1
8314,0,1,1,7,1
17338,0,1,1,2,1
11511,1,0,1,8,3
3023,1,0,1,0,1
5229,1,0,1,3,1
11389,1,0,1,4,1
7438,1,0,1,6,1
14628,1,0,1,2,1
1859,0,1,1,0,1
2886,1,0,1,2,1
4839,1,0,1,4,1
18028,1,0,1,1,1
540,1,0,1,2,2
487,0,1,1,2,1
17673,0,1,1,2,1
10891,1,0,1,3,1
3437,1,0,1,6,3
17698,0,1,1,6,1
17450,0,1,1,1,1
80,0,1,1,1,2
9435,1,0,1,1,1
13007,1,0,1,8,1
1972,1,0,1,0,1
12349,0,1,1,3,1
12327,1,0,1,7,1
9279,1,0,1,7,1
5533,1,0,1,4,1
8774,1,0,1,4,1
7884,1,0,1,6,1
11436,1,0,1,1,1
4527,1,0,1,4,1
14541,1,0,1,7,1
4461,1,0,1,6,1
16044,0,1,1,2,1
17548,0,1,1,2,1
8434,1,0,1,3,2
1564,1,0,1,2,1
15741,0,1,1,2,2
2944,1,0,1,0,3
1319,0,1,1,2,1
2681,1,0,1,0,1
15008,0,1,1,1,1
16806,0,1,1,8,1
12427,1,0,1,7,1
11390,1,0,1,4,1
3827,1,0,1,4,1
11701,1,0,1,4,1
6012,1,0,1,4,1
14501,1,0,1,1,1
14368,1,0,1,4,4
7563,1,0,1,3,1
1460,1,0,1,2,1
18104,0,1,1,0,1
11848,1,0,1,7,1
671,1,0,1,0,2
2867,1,0,1,0,1
17696,0,1,1,2,1
10544,1,0,1,8,1
10167,1,0,1,7,1
1040,1,0,1,2,2
16538,0,1,1,2,1
16990,1,0,1,2,1
10791,1,0,1,2,1
788,1,0,1,0,2
12631,1,0,1,2,1
15720,0,1,1,2,1
6360,1,0,1,3,1
3544,1,0,1,6,1
2923,1,0,1,1,1
17724,0,1,1,2,1
1546,1,0,1,0,3
9001,1,0,1,1,1
13762,0,1,1,3,1
360,1,0,1,2,1
3773,1,0,1,6,2
2369,1,0,1,4,1
4341,1,0,1,8,1
16294,0,1,1,0,1
14576,1,0,1,2,1
6737,1,0,1,7,1
11790,1,0,1,3,1
4139,1,0,1,2,1
6356,1,0,1,7,3
16672,0,1,1,0,1
10741,1,0,1,9,1
8004,1,0,1,8,1
14001,1,0,1,6,1
7275,1,0,1,3,1
12367,1,0,1,4,1
5912,1,0,1,4,1
12068,1,0,1,3,1
17165,0,1,1,0,1
15917,1,0,1,0,1
4957,1,0,1,6,1
13110,1,0,1,7,1
8828,1,0,1,2,1
2877,1,0,1,2,2
11004,1,0,1,2,2
9408,1,0,1,6,1
10864,1,0,1,7,1
7892,1,0,1,6,1
8343,1,0,1,3,1
17053,0,1,1,2,1
2638,1,0,1,1,1
8169,1,0,1,2,2
14786,0,1,1,1,1
2311,1,0,1,0,1
7668,1,0,1,2,2
8183,1,0,1,6,1
7734,0,1,1,4,1
669,1,0,1,2,1
6480,1,0,1,1,1
3721,1,0,1,3,1
1406,1,0,1,2,1
8935,0,1,1,4,1
17793,0,1,1,2,1
10258,1,0,1,2,2
3482,1,0,1,1,1
8904,1,0,1,3,1
8069,1,0,1,7,2
7666,1,0,1,4,1
1717,0,1,1,0,1
16333,0,1,1,6,1
5057,1,0,1,3,1
344,1,0,1,0,1
5405,1,0,1,3,1
9213,1,0,1,6,1
7437,1,0,1,1,2
9428,1,0,1,1,1
2991,1,0,1,2,1
8201,1,0,1,1,1
2694,0,1,1,0,1
17246,0,1,1,8,1
6179,1,0,1,4,2
6178,1,0,1,4,1
12945,1,0,1,7,1
9879,1,0,1,4,1
14606,1,0,1,4,2
10556,1,0,1,4,2
5711,1,0,1,8,1
9745,1,0,1,7,2
10063,1,0,1,2,1
1972,1,0,1,0,1
5728,1,0,1,3,1
7622,1,0,1,4,4
13159,1,0,1,4,1
6361,1,0,1,3,1
5316,1,0,1,3,1
10533,1,0,1,4,1
1459,1,0,1,2,1
6388,1,0,1,2,1
9406,1,0,1,3,1
3586,1,0,1,6,1
11156,1,0,1,2,1
6779,1,0,1,4,1
8879,1,0,1,3,2
1982,1,0,1,0,1
6367,1,0,1,3,1
13529,1,0,1,5,1
1178,0,1,1,2,1
3450,1,0,1,1,3
17846,0,1,1,2,1
1863,1,0,1,2,1
6449,1,0,1,6,4
649,1,0,1,2,1
12531,1,0,1,4,1
4804,1,0,1,7,1
9529,1,0,1,6,1
8277,1,0,1,7,1
6533,1,0,1,3,1
7040,0,1,1,8,1
374,1,0,1,2,1
4488,1,0,1,8,2
3540,1,0,1,7,1
16461,1,0,1,1,1
16837,0,1,1,0,2
14274,1,0,1,4,1
7678,0,1,1,4,2
11950,1,0,1,2,1
12226,1,0,1,7,1
1545,0,1,1,2,1
5471,1,0,1,3,1
17985,1,0,1,2,1
3212,0,1,1,1,2
741,0,1,1,1,1
9724,1,0,1,3,1
10348,1,0,1,4,1
10295,1,0,1,8,1
6742,1,0,1,2,1
4440,1,0,1,8,1
4181,1,0,1,1,1
3558,1,0,1,3,1
12616,1,0,1,8,2
3763,1,0,1,2,1
8924,1,0,1,6,1
14840,0,1,1,0,1
7693,1,0,1,8,1
14638,1,0,1,3,1
7198,0,1,1,5,1
11255,1,0,1,2,1
11815,1,0,1,8,2
2844,0,1,1,7,1
9140,1,0,1,7,1
11837,1,0,1,7,1
3506,1,0,1,7,1
17572,0,1,1,0,1
2253,1,0,1,0,1
10517,1,0,1,2,1
4734,1,0,1,3,1
5985,1,0,1,3,1
13451,1,0,1,4,1
3933,1,0,1,6,1
6759,1,0,1,3,1
16876,0,1,1,0,1
5624,1,0,1,4,4
16523,0,1,1,1,2
3512,0,1,1,7,1
2911,1,0,1,2,1
4112,1,0,1,3,1
5600,1,0,1,2,1
11152,0,1,1,3,1
8443,1,0,1,2,3
5443,1,0,1,7,3
3863,1,0,1,7,1
699,0,1,1,4,1
16923,0,1,1,0,3
2275,1,0,1,2,2
3228,1,0,1,0,1
6731,1,0,1,5,1
16686,1,0,1,2,1
5781,1,0,1,9,2
10547,1,0,1,5,2
12399,1,0,1,7,3
12,1,0,1,0,1
5635,1,0,1,4,1
10518,1,0,1,2,3
15754,1,0,1,0,1
8092,1,0,1,6,1
4646,1,0,1,6,2
9548,1,0,1,2,2
5647,1,0,1,4,1
12059,1,0,1,2,1
1816,1,0,1,4,1
3779,1,0,1,2,4
2859,1,0,1,0,1
9028,1,0,1,2,1
3521,0,1,1,7,1
13759,1,0,1,8,1
10385,1,0,1,2,1
1850,1,0,1,1,1
6296,1,0,1,2,1
15466,1,0,1,0,2
2085,0,1,1,0,2
9316,1,0,1,7,2
3621,1,0,1,7,1
15449,0,1,1,1,1
11140,1,0,1,4,1
11268,1,0,1,3,1
15273,1,0,1,1,1
5859,1,0,1,2,1
867,1,0,1,0,1
10019,1,0,1,2,1
7671,1,0,1,3,1
12557,1,0,1,1,1
12397,1,0,1,7,2
14704,1,0,1,1,1
12035,1,0,1,4,1
7385,0,1,1,3,2
10560,0,1,1,2,1
14900,0,1,1,1,1
16411,0,1,1,1,1
4219,1,0,1,8,1
10097,0,1,1,8,1
1812,0,1,1,2,1
7228,1,0,1,3,1
6743,1,0,1,2,1
10616,1,0,1,7,2
4012,1,0,1,4,1
4015,1,0,1,7,1
9211,1,0,1,6,1
10162,1,0,1,8,1
13086,1,0,1,4,1
12704,1,0,1,7,3
10851,1,0,1,2,1
1582,1,0,1,2,1
9894,1,0,1,2,1
10211,1,0,1,4,3
4370,1,0,1,3,1
14100,1,0,1,2,1
6961,1,0,1,2,1
9134,1,0,1,6,1
3675,1,0,1,4,1
17204,0,1,1,7,1
6448,1,0,1,4,1
11385,1,0,1,4,1
15015,0,1,1,0,1
5593,1,0,1,9,1
4275,1,0,1,6,4
3666,1,0,1,3,2
13436,1,0,1,2,2
8077,1,0,1,4,1
8961,1,0,1,2,1
17711,0,1,1,1,1
1884,1,0,1,4,1
15208,0,1,1,7,1
2855,1,0,1,2,1
12250,1,0,1,1,1
7975,1,0,1,8,1
669,1,0,1,2,1
736,0,1,1,4,2
15688,0,1,1,2,1
13350,1,0,1,4,4
265,0,1,1,0,1
698,0,1,1,2,1
8097,1,0,1,4,2
15598,0,1,1,0,1
5921,1,0,1,3,1
3211,1,0,1,0,1
15022,0,1,1,7,1
10614,1,0,1,4,1
8204,1,0,1,1,1
14613,1,0,1,2,1
17266,0,1,1,1,1
10654,1,0,1,4,1
10313,0,1,1,4,1
5492,1,0,1,2,1
6490,1,0,1,7,1
12680,1,0,1,8,1
3981,1,0,1,2,1
14843,0,1,1,6,1
11025,1,0,1,4,4
5008,1,0,1,4,1
14401,1,0,1,2,1
4591,1,0,1,4,1
2608,1,0,1,2,1
13885,1,0,1,3,1
4736,1,0,1,9,1
17323,0,1,1,1,1
16590,0,1,1,3,1
6348,1,0,1,1,1
16929,0,1,1,2,1
10003,1,0,1,4,1
5482,1,0,1,2,2
2273,1,0,1,0,1
13297,1,0,1,9,2
16420,0,1,1,2,1
3360,1,0,1,6,1
6182,1,0,1,7,1
5554,0,1,1,9,1
17507,0,1,1,1,1
10480,1,0,1,3,1
15564,0,1,1,4,2
928,1,0,1,1,1
12171,1,0,1,3,1
14368,1,0,1,4,4
2421,1,0,1,0,1
3705,1,0,1,6,1
1102,1,0,1,2,1
1762,0,1,1,0,1
17290,0,1,1,7,1
7840,1,0,1,1,3
9495,1,0,1,6,2
11120,1,0,1,7,1
11404,1,0,1,2,1
12543,1,0,1,7,2
8726,1,0,1,4,1
11561,1,0,1,3,2
15810,1,0,1,5,2
12823,1,0,1,3,1
4422,1,0,1,1,2
7440,0,1,1,1,1
3688,1,0,1,1,2
4972,1,0,1,1,1
10640,0,1,1,4,1
6477,1,0,1,2,1
6044,1,0,1,8,1
9774,1,0,1,4,1
6442,1,0,1,4,2
7737,1,0,1,1,1
3723,1,0,1,3,1
9406,1,0,1,3,1
9901,1,0,1,3,3
4989,1,0,1,4,1
14266,1,0,1,2,1
705,0,1,1,2,1
7117,1,0,1,6,1
5417,1,0,1,6,1
18291,1,0,1,0,2
3570,1,0,1,2,2
227,0,1,1,2,1
11287,1,0,1,8,1
12679,1,0,1,8,1
4322,1,0,1,6,1
6633,1,0,1,8,1
12266,1,0,1,1,4
8878,1,0,1,3,1
4476,0,1,1,2,1
11140,1,0,1,4,1
14323,1,0,1,2,1
12127,1,0,1,2,1
3382,1,0,1,3,1
17600,0,1,1,6,1
12910,1,0,1,8,1
4904,1,0,1,7,1
2267,0,1,1,0,1
18104,0,1,1,0,1
6907,0,1,1,1,1
5866,1,0,1,1,1
9462,1,0,1,1,1
7869,1,0,1,4,1
6588,1,0,1,2,3
6191,0,1,1,3,1
5182,1,0,1,3,1
9577,1,0,1,2,1
17673,0,1,1,2,1
519,1,0,1,6,1
3765,1,0,1,8,1
2458,1,0,1,2,1
10198,1,0,1,3,1
6354,1,0,1,3,3
1392,1,0,1,2,1
15040,0,1,1,6,1
6956,1,0,1,4,1
12499,1,0,1,6,1
11851,1,0,1,3,1
11942,0,1,1,4,1
17540,0,1,1,0,1
5017,0,1,1,7,1
7052,1,0,1,6,3
13708,1,0,1,1,1
2156,1,0,1,2,1
5783,0,1,1,3,1
48,0,1,1,2,2
15716,1,0,1,2,1
9904,1,0,1,6,1
9211,1,0,1,6,1
7086,1,0,1,2,1
16237,0,1,1,0,1
12742,1,0,1,6,1
4105,1,0,1,6,3
11598,1,0,1,3,1
13195,1,0,1,7,1
13278,1,0,1,4,1
6371,1,0,1,1,1
17387,0,1,1,1,1
5497,1,0,1,4,1
8045,1,0,1,6,1
8255,1,0,1,8,1
11787,0,1,1,3,1
13521,1,0,1,3,4
3783,1,0,1,4,1
2744,1,0,1,1,2
2178,0,1,1,2,1
5876,1,0,1,7,2
6222,1,0,1,7,1
12556,1,0,1,3,1
14274,1,0,1,4,1
354,1,0,1,1,1
16866,0,1,1,6,1
8827,1,0,1,4,1
3895,1,0,1,4,1
3948,1,0,1,7,1
8559,1,0,1,1,2
13427,1,0,1,7,1
9175,1,0,1,6,1
8480,1,0,1,2,3
9360,1,0,1,8,1
17773,0,1,1,1,1
12516,1,0,1,4,1
11955,1,0,1,8,1
12380,0,1,1,3,1
11678,1,0,1,6,1
10379,1,0,1,2,1
2955,1,0,1,2,1
17206,0,1,1,3,1
4575,1,0,1,7,2
8827,1,0,1,4,1
17616,0,1,1,0,1
5180,1,0,1,2,1
2480,0,1,1,2,1
14363,1,0,1,4,1
7790,1,0,1,7,1
6683,1,0,1,4,1
9236,1,0,1,7,1
14487,1,0,1,2,2
6299,0,1,1,2,1
4922,1,0,1,1,1
11751,1,0,1,3,1
3139,1,0,1,0,1
4296,1,0,1,3,1
9377,1,0,1,9,1
851,0,1,1,2,2
5000,1,0,1,4,1
3077,1,0,1,0,1
11990,1,0,1,2,3
11863,1,0,1,4,1
15024,0,1,1,1,1
17702,0,1,1,2,1
344,1,0,1,0,1
11445,0,1,1,3,1
10701,1,0,1,1,1
9055,1,0,1,6,3
11526,1,0,1,3,1
12113,1,0,1,1,1
9072,0,1,1,7,4
3146,1,0,1,0,1
15747,0,1,1,2,1
13890,1,0,1,6,1
305,0,1,1,0,1
10505,1,0,1,4,2
14421,1,0,1,3,1
12989,1,0,1,6,1
10933,1,0,1,7,1
4217,1,0,1,2,1
2459,1,0,1,2,1
11506,1,0,1,2,1
9094,0,1,1,7,2
11051,1,0,1,4,1
9088,1,0,1,1,1
14460,1,0,1,7,1
9741,1,0,1,1,1
8123,1,0,1,3,1
12541,1,0,1,4,1
11187,1,0,1,8,1
12288,1,0,1,2,1
8333,1,0,1,2,1
14912,0,1,1,2,1
11396,1,0,1,4,4
3601,1,0,1,6,1
3491,1,0,1,7,1
5488,1,0,1,2,1
17613,0,1,1,3,1
10223,1,0,1,2,1
14134,1,0,1,4,1
9753,1,0,1,4,1
4403,1,0,1,2,1
10385,1,0,1,2,1
14245,1,0,1,2,1
9613,1,0,1,6,1
8614,1,0,1,5,1
13907,1,0,1,2,2
12372,1,0,1,6,2
7791,1,0,1,4,1
4679,1,0,1,7,2
9307,1,0,1,3,1
7082,0,1,1,4,1
9384,1,0,1,6,1
7479,1,0,1,2,1
9066,0,1,1,6,1
14135,0,1,1,2,1
17269,0,1,1,1,1
14569,1,0,1,7,1
4085,1,0,1,2,1
13191,1,0,1,3,1
9812,1,0,1,4,1
17829,0,1,1,2,1
13598,1,0,1,4,1
10235,1,0,1,4,2
3691,0,1,1,8,1
16860,0,1,1,6,1
11299,1,0,1,7,2
10168,1,0,1,7,1
6434,1,0,1,4,1
438,0,1,1,0,1
14301,0,1,1,2,3
6145,1,0,1,6,1
12713,1,0,1,6,1
1032,0,1,1,9,1
9546,1,0,1,7,1
8027,1,0,1,1,1
15868,1,0,1,2,1
9441,0,1,1,6,1
11336,1,0,1,2,2
9459,1,0,1,4,1
2625,0,1,1,1,1
2238,1,0,1,2,1
9137,1,0,1,9,1
8845,1,0,1,7,1
4618,1,0,1,2,1
14439,1,0,1,3,1
9218,1,0,1,7,4
2736,0,1,1,2,2
5800,1,0,1,3,1
2994,1,0,1,1,1
9361,1,0,1,8,2
12551,1,0,1,2,2
9814,1,0,1,7,4
13232,1,0,1,7,1
8742,1,0,1,1,1
8156,0,1,1,5,1
14251,1,0,1,6,2
9070,1,0,1,8,1
6842,1,0,1,1,4
4131,1,0,1,7,2
13485,1,0,1,3,1
17011,0,1,1,2,2
7339,1,0,1,8,1
5594,1,0,1,4,1
6566,1,0,1,4,2
3771,1,0,1,4,1
3785,0,1,1,4,3
16491,0,1,1,0,1
14737,0,1,1,2,1
3448,1,0,1,7,3
13137,1,0,1,7,1
6697,1,0,1,4,1
3421,1,0,1,4,1
14065,1,0,1,4,4
11791,1,0,1,3,1
11412,1,0,1,3,1
10386,1,0,1,8,4
14320,1,0,1,7,1
5569,1,0,1,4,1
1073,0,1,1,2,1
2888,1,0,1,0,1
8479,0,1,1,2,3
13423,1,0,1,6,3
438,0,1,1,0,1
3060,0,1,1,1,1
11863,1,0,1,4,1
17053,0,1,1,2,1
7057,1,0,1,7,1
17065,0,1,1,1,1
3303,1,0,1,1,1
10730,1,0,1,3,1
12618,1,0,1,8,4
3906,1,0,1,7,1
6373,1,0,1,2,1
5495,1,0,1,4,1
3500,1,0,1,8,1
6498,1,0,1,6,1
16851,0,1,1,1,1
12679,1,0,1,8,1
11182,1,0,1,9,1
7438,1,0,1,6,1
1345,1,0,1,1,1
12771,1,0,1,4,1
13471,1,0,1,1,1
3990,1,0,1,6,1
4737,0,1,1,4,2
3855,1,0,1,9,1
5613,1,0,1,4,1
8173,1,0,1,4,2
12201,1,0,1,1,1
14021,1,0,1,3,1
2773,1,0,1,4,1
5624,1,0,1,4,4
17467,1,0,1,2,2
6612,1,0,1,2,1
7058,1,0,1,7,1
5577,1,0,1,2,1
18028,1,0,1,1,1
17191,0,1,1,1,1
4872,1,0,1,4,4
9812,1,0,1,4,1
6531,1,0,1,4,2
9421,1,0,1,3,1
4082,1,0,1,8,1
4942,1,0,1,6,1
16053,0,1,1,2,1
6828,1,0,1,1,1
3003,1,0,1,2,1
12965,1,0,1,5,2
9991,1,0,1,4,1
6769,1,0,1,3,1
4588,1,0,1,2,1
4961,1,0,1,1,1
6312,1,0,1,6,1
9920,1,0,1,3,1
1446,0,1,1,2,1
10445,1,0,1,3,1
7565,1,0,1,3,2
1939,0,1,1,4,1
6329,1,0,1,3,1
11747,1,0,1,7,1
7308,1,0,1,3,2
7522,1,0,1,4,1
4066,1,0,1,8,1
7341,1,0,1,3,3
11051,1,0,1,4,1
13870,1,0,1,4,4
13185,1,0,1,7,1
13629,1,0,1,6,2
4063,0,1,1,8,1
8724,1,0,1,1,2
5653,1,0,1,7,3
2191,0,1,1,0,1
8563,1,0,1,1,1
10591,1,0,1,1,1
14853,0,1,1,6,1
13671,1,0,1,2,4
8534,1,0,1,3,3
13478,0,1,1,3,1
1253,0,1,1,0,1
16422,0,1,1,4,1
14371,1,0,1,1,1
10693,1,0,1,7,4
520,0,1,1,0,1
436,0,1,1,2,3
15677,0,1,1,6,1
9240,1,0,1,7,1
12123,1,0,1,4,1
17744,1,0,1,5,1
54,0,1,1,6,1
11848,1,0,1,7,1
10307,1,0,1,2,1
13586,0,1,1,3,1
6392,1,0,1,8,2
10571,1,0,1,8,1
8357,1,0,1,6,1
11177,1,0,1,4,1
5962,1,0,1,4,1
3756,1,0,1,9,1
13634,0,1,1,3,1
2128,0,1,1,2,2
10729,1,0,1,3,1
403,1,0,1,2,1
12047,1,0,1,1,2
16114,0,1,1,1,1
15758,0,1,1,2,1
4646,1,0,1,6,2
13131,1,0,1,8,1
7872,1,0,1,4,1
5713,1,0,1,3,2
16258,0,1,1,2,1
16943,0,1,1,1,1
12296,0,1,1,7,2
9592,1,0,1,3,3
4199,1,0,1,7,2
9233,1,0,1,7,1
3338,1,0,1,2,1
17864,1,0,1,2,1
3688,1,0,1,1,2
4928,1,0,1,2,1
6205,1,0,1,4,1
8558,1,0,1,1,1
10322,1,0,1,6,1
17977,0,1,1,4,2
11966,1,0,1,8,1
4717,1,0,1,2,1
10557,1,0,1,2,1
10224,1,0,1,2,1
17627,0,1,1,2,1
3666,1,0,1,3,2
3429,1,0,1,6,1
8332,1,0,1,3,1
9158,0,1,1,4,2
2220,0,1,1,1,1
18315,1,0,1,2,1
975,1,0,1,2,1
13830,1,0,1,3,1
12481,1,0,1,3,2
10391,1,0,1,8,1
17697,0,1,1,0,1
15661,0,1,1,1,1
8140,1,0,1,8,1
15799,0,1,1,7,1
16524,0,1,1,0,1
14935,0,1,1,0,1
4867,1,0,1,8,1
12448,1,0,1,3,1
17946,1,0,1,0,1
11395,0,1,1,4,1
8890,1,0,1,7,1
8584,1,0,1,3,1
13424,1,0,1,1,1
11439,1,0,1,6,4
9830,1,0,1,3,1
14216,1,0,1,9,1
14242,0,1,1,2,1
16847,0,1,1,0,1
14962,1,0,1,2,2
1235,0,1,1,0,1
1762,0,1,1,0,1
14100,1,0,1,2,1
6202,1,0,1,3,1
2587,0,1,1,0,2
13261,1,0,1,7,1
5101,1,0,1,1,2
10563,0,1,1,2,2
1850,1,0,1,1,1
8759,1,0,1,4,2
13679,1,0,1,3,1
5557,1,0,1,3,1
4361,1,0,1,2,1
12932,1,0,1,3,4
18094,1,0,1,1,1
5870,1,0,1,3,1
16874,0,1,1,7,1
11135,1,0,1,3,1
12030,1,0,1,3,4
8440,1,0,1,2,1
6240,1,0,1,2,2
9644,1,0,1,3,1
10049,1,0,1,3,2
13032,1,0,1,4,1
4446,1,0,1,3,4
10018,0,1,1,5,1
6165,1,0,1,2,1
3229,0,1,1,1,1
12869,1,0,1,1,1
6110,1,0,1,7,3
6743,1,0,1,2,1
5734,1,0,1,7,1
17334,0,1,1,1,1
12859,1,0,1,3,1
4077,1,0,1,2,3
8155,1,0,1,7,1
4298,1,0,1,3,1
6196,1,0,1,2,1
17994,1,0,1,0,1
14324,0,1,1,2,1
9284,1,0,1,2,1
7363,1,0,1,3,1
12071,0,1,1,6,1
6653,1,0,1,7,2
3306,1,0,1,0,1
2401,0,1,1,4,1
4933,1,0,1,6,1
11794,1,0,1,4,1
15464,0,1,1,2,1
12541,1,0,1,4,1
5722,0,1,1,3,1
13906,1,0,1,2,1
10703,1,0,1,3,1
4021,1,0,1,2,1
6364,1,0,1,2,1
13798,1,0,1,6,1
7337,1,0,1,8,1
6476,1,0,1,6,2
14371,1,0,1,1,1
4419,0,1,1,2,2
1249,0,1,1,0,2
15868,1,0,1,2,1
12314,1,0,1,7,1
6289,1,0,1,2,1
6252,1,0,1,2,1
6623,1,0,1,4,2
4899,1,0,1,4,1
7265,1,0,1,3,1
13075,1,0,1,3,1
8137,1,0,1,8,1
16849,0,1,1,8,1
1382,1,0,1,2,1
5482,1,0,1,2,2
2195,1,0,1,0,1
5250,1,0,1,4,1
3996,1,0,1,1,1
13124,1,0,1,4,1
6296,1,0,1,2,1
6421,1,0,1,7,2
14507,1,0,1,1,2
7040,0,1,1,8,1
3640,1,0,1,2,1
14792,0,1,1,2,1
8993,1,0,1,2,1
17733,0,1,1,1,1
3448,1,0,1,7,3
16744,0,1,1,1,1
4922,1,0,1,1,1
11782,1,0,1,2,2
5067,1,0,1,1,1
1319,0,1,1,2,1
10058,1,0,1,6,1
18628,1,0,1,2,1
17591,0,1,1,4,1
17833,0,1,1,2,1
2259,0,1,1,4,1
1399,0,1,1,2,1
11851,1,0,1,3,1
16920,0,1,1,3,1
10143,1,0,1,4,1
12363,1,0,1,2,2
7530,1,0,1,7,1
4025,1,0,1,1,1
14222,1,0,1,4,1
13029,1,0,1,3,1
2827,1,0,1,0,1
5503,1,0,1,2,1
7196,1,0,1,7,1
10714,1,0,1,9,2
15253,0,1,1,1,1
1226,1,0,1,0,2
7551,1,0,1,2,1
512,0,1,1,2,1
4446,1,0,1,3,4
15252,0,1,1,0,2
6145,1,0,1,6,1
18405,1,0,1,2,1
5346,1,0,1,6,1
547,1,0,1,0,1
12815,1,0,1,7,1
17897,1,0,1,2,1
10591,1,0,1,1,1
5612,1,0,1,4,1
11773,1,0,1,3,1
10826,0,1,1,6,1
523,1,0,1,0,1
1148,1,0,1,0,1
8140,1,0,1,8,1
13274,1,0,1,7,1
7138,1,0,1,6,1
12647,1,0,1,4,2
7863,1,0,1,1,1
1664,0,1,1,2,1
6484,0,1,1,2,1
13957,1,0,1,8,1
8883,1,0,1,3,1
2742,0,1,1,2,1
15981,0,1,1,1,1
10475,0,1,1,4,4
5473,1,0,1,3,1
7182,1,0,1,5,1
9154,0,1,1,4,1
13468,1,0,1,7,1
9412,1,0,1,3,1
13401,1,0,1,6,1
9586,0,1,1,9,1
16807,1,0,1,2,1
5398,1,0,1,2,1
6854,0,1,1,9,2
5597,1,0,1,2,1
16811,0,1,1,3,1
9720,1,0,1,8,2
3548,0,1,1,3,1
13358,0,1,1,4,1
4876,1,0,1,6,1
10689,1,0,1,8,1
14614,1,0,1,2,1
384,0,1,1,2,1
11674,0,1,1,7,2
7582,1,0,1,4,1
5911,1,0,1,7,1
11481,1,0,1,4,1
6452,1,0,1,3,1
18268,1,0,1,2,2
8415,1,0,1,3,1
13362,1,0,1,7,1
4818,1,0,1,2,1
3750,1,0,1,9,1
13309,1,0,1,1,1
16361,0,1,1,1,1
5647,1,0,1,4,1
7499,0,1,1,4,1
13680,0,1,1,2,1
14368,1,0,1,4,4
6335,1,0,1,3,1
6065,1,0,1,2,3
18269,1,0,1,1,1
5006,1,0,1,4,1
9227,1,0,1,6,1
10540,1,0,1,6,1
288,0,1,1,0,1
9328,1,0,1,7,1
4957,1,0,1,6,1
8667,1,0,1,1,1
16191,0,1,1,0,1
4658,1,0,1,3,1
2194,0,1,1,1,1
18149,0,1,1,1,1
11689,0,1,1,6,1
7036,1,0,1,4,4
6517,1,0,1,3,1
11554,1,0,1,3,1
3641,1,0,1,2,1
11697,1,0,1,7,1
5343,1,0,1,8,1
14415,1,0,1,6,1
789,1,0,1,0,1
322,1,0,1,2,1
1008,0,1,1,0,1
3283,0,1,1,0,1
6233,1,0,1,8,1
5970,1,0,1,4,1
1357,0,1,1,4,1
4527,1,0,1,4,1
3933,1,0,1,6,1
8586,1,0,1,3,1
7251,1,0,1,1,2
2705,1,0,1,0,1
15086,0,1,1,3,1
4196,0,1,1,7,1
3042,0,1,1,4,2
5849,1,0,1,8,1
12266,1,0,1,1,4
13736,1,0,1,4,1
14561,1,0,1,3,1
3626,1,0,1,2,1
335,0,1,1,1,2
17204,0,1,1,7,1
4098,1,0,1,8,1
7153,1,0,1,3,1
6971,1,0,1,3,2
11315,1,0,1,2,1
15530,0,1,1,1,1
5493,1,0,1,4,1
3100,1,0,1,5,1
2294,1,0,1,7,2
12072,1,0,1,3,1
9726,1,0,1,2,1
13442,1,0,1,4,4
8124,1,0,1,6,1
12978,1,0,1,2,1
3632,1,0,1,2,1
5971,1,0,1,2,1
4543,1,0,1,4,1
6990,1,0,1,4,1
16363,0,1,1,3,1
2579,1,0,1,2,1
7851,0,1,1,4,1
7892,1,0,1,6,1
10974,1,0,1,4,2
5203,1,0,1,7,1
6611,1,0,1,2,3
8195,1,0,1,4,1
11206,1,0,1,7,1
1986,0,1,1,4,1
12805,1,0,1,2,1
8629,1,0,1,6,1
17705,0,1,1,2,1
4110,1,0,1,2,1
2917,1,0,1,0,1
10330,1,0,1,7,2
749,1,0,1,0,1
1997,0,1,1,2,1
3556,1,0,1,4,1
12823,1,0,1,3,1
13889,1,0,1,2,1
4893,1,0,1,1,1
6232,1,0,1,7,1
8181,1,0,1,4,1
2928,1,0,1,0,1
11547,1,0,1,4,1
6349,1,0,1,3,1
11553,1,0,1,4,1
885,1,0,1,0,1
17882,1,0,1,1,1
15641,0,1,1,3,1
5373,1,0,1,1,1
1762,0,1,1,0,1
7317,0,1,1,7,1
6836,1,0,1,1,1
18314,1,0,1,0,1
5654,1,0,1,6,2
13451,1,0,1,4,1
12576,1,0,1,2,1
7724,1,0,1,1,2
7589,1,0,1,3,1
7534,0,1,1,3,1
11593,1,0,1,5,1
12878,1,0,1,2,1
220,1,0,1,0,1
8403,1,0,1,2,2
5531,1,0,1,3,1
17692,0,1,1,2,1
16630,1,0,1,3,1
268,1,0,1,2,2
2830,0,1,1,2,1
5177,1,0,1,4,1
5489,1,0,1,4,1
13672,1,0,1,2,1
18560,1,0,1,0,1
9738,1,0,1,3,1
11150,0,1,1,3,2
11519,1,0,1,4,1
10086,1,0,1,4,1
1769,0,1,1,2,1
5389,1,0,1,8,1
105,0,1,1,1,4
6661,1,0,1,3,1
6080,0,1,1,6,2
39,1,0,1,0,1
7926,1,0,1,2,1
10203,1,0,1,7,1
12730,1,0,1,3,1
15486,1,0,1,0,2
4646,1,0,1,6,2
12422,1,0,1,4,1
13576,1,0,1,7,1
10337,1,0,1,1,1
6394,1,0,1,7,1
4405,1,0,1,6,2
15665,0,1,1,0,1
10230,1,0,1,4,2
13090,1,0,1,3,1
9599,1,0,1,4,2
12102,1,0,1,3,2
7973,1,0,1,7,1
10490,1,0,1,3,4
11455,1,0,1,6,2
9555,1,0,1,2,1
10398,1,0,1,3,1
4891,1,0,1,1,1
7378,1,0,1,1,1
15320,0,1,1,6,1
10235,1,0,1,4,2
9243,1,0,1,7,1
9376,1,0,1,9,2
374,1,0,1,2,1
9926,0,1,1,3,1
17677,0,1,1,2,1
1026,1,0,1,2,1
12261,1,0,1,6,1
15109,0,1,1,2,1
3746,1,0,1,3,1
6442,1,0,1,4,2
9408,1,0,1,6,1
11397,1,0,1,6,2
17806,0,1,1,3,1
10056,1,0,1,6,1
13210,1,0,1,1,1
9153,1,0,1,7,1
9329,1,0,1,7,2
18620,0,1,1,0,1
10157,0,1,1,4,1
6907,0,1,1,1,1
13124,1,0,1,4,1
2993,0,1,1,2,1
9935,1,0,1,2,1
4635,1,0,1,7,2
4049,1,0,1,4,1
6071,1,0,1,4,1
17752,0,1,1,1,1
5030,1,0,1,4,1
3410,1,0,1,3,1
2605,1,0,1,2,1
6511,1,0,1,4,1
11919,1,0,1,2,1
7026,1,0,1,8,1
8469,1,0,1,4,1
4575,1,0,1,7,2
4215,1,0,1,3,1
12072,1,0,1,3,1
14544,1,0,1,3,1
4710,1,0,1,7,2
14702,0,1,1,1,1
10306,1,0,1,1,1
7834,1,0,1,7,4
5233,1,0,1,1,2
13733,1,0,1,3,1
2546,0,1,1,0,1
3498,0,1,1,8,2
13817,1,0,1,3,1
4431,1,0,1,8,1
6911,1,0,1,2,1
9866,1,0,1,2,1
13325,1,0,1,2,1
7300,1,0,1,3,3
14548,1,0,1,4,1
1649,0,1,1,0,2
11609,1,0,1,2,1
11646,1,0,1,8,1
169,1,0,1,0,1
3651,1,0,1,3,1
12371,1,0,1,2,1
3898,1,0,1,4,1
11271,1,0,1,3,1
12600,1,0,1,2,1
13161,1,0,1,7,2
8625,0,1,1,6,1
8107,1,0,1,4,1
712,1,0,1,0,1
3505,1,0,1,2,1
3908,1,0,1,2,1
5971,1,0,1,2,1
3456,1,0,1,4,1
12154,1,0,1,7,2
2707,1,0,1,2,1
11597,1,0,1,3,1
6255,1,0,1,4,1
4388,0,1,1,3,4
13013,1,0,1,8,1
12772,1,0,1,4,1
5191,1,0,1,6,1
1722,0,1,1,2,1
6937,1,0,1,2,1
4386,1,0,1,7,1
14507,1,0,1,1,2
17332,0,1,1,5,1
6753,1,0,1,3,1
17430,0,1,1,1,2
17029,0,1,1,1,1
13442,1,0,1,4,4
13121,1,0,1,2,1
2261,1,0,1,2,1
8453,1,0,1,4,2
8390,1,0,1,3,1
9244,1,0,1,7,1
9887,1,0,1,4,1
8939,1,0,1,2,2
6976,1,0,1,4,2
4268,1,0,1,3,1
8257,1,0,1,8,1
8045,1,0,1,6,1
17403,0,1,1,4,1
12998,1,0,1,8,1
8259,1,0,1,8,1
6582,1,0,1,7,4
2662,1,0,1,2,2
2361,1,0,1,1,1
7341,1,0,1,3,3
3064,0,1,1,2,1
3214,1,0,1,2,2
15079,0,1,1,4,1
3010,0,1,1,0,1
15981,0,1,1,1,1
2703,0,1,1,0,1
15720,0,1,1,2,1
7266,0,1,1,6,1
8622,1,0,1,6,1
12057,1,0,1,2,2
17672,0,1,1,1,1
17806,0,1,1,3,1
3754,0,1,1,7,1
1738,0,1,1,2,1
2017,0,1,1,2,1
16597,0,1,1,2,1
1197,0,1,1,2,1
1377,0,1,1,2,2
13639,1,0,1,3,1
968,1,0,1,2,1
10962,0,1,1,6,1
11525,1,0,1,4,1
18283,1,0,1,2,1
12324,1,0,1,6,2
12691,1,0,1,3,1
557,1,0,1,1,1
8947,1,0,1,2,1
6771,1,0,1,7,1
5123,1,0,1,7,1
16100,0,1,1,3,1
18466,0,1,1,0,1
7818,1,0,1,2,1
3584,1,0,1,6,1
5622,0,1,1,4,1
4984,1,0,1,3,1
13567,1,0,1,1,1
6199,1,0,1,3,1
7385,0,1,1,3,2
8660,1,0,1,2,1
14023,1,0,1,4,1
3823,0,1,1,3,1
1356,0,1,1,2,1
17860,1,0,1,0,3
9307,1,0,1,3,1
9211,1,0,1,6,1
15161,0,1,1,2,1
12191,1,0,1,7,1
12701,1,0,1,7,2
128,1,0,1,2,1
12390,1,0,1,7,1
18294,0,1,1,2,1
11674,0,1,1,7,2
11044,1,0,1,4,1
13101,1,0,1,4,1
6205,1,0,1,4,1
8158,1,0,1,5,1
17151,0,1,1,0,1
12656,1,0,1,3,3
5655,1,0,1,6,1
11599,1,0,1,2,1
14144,1,0,1,4,1
5345,0,1,1,7,1
13082,1,0,1,3,2
11961,1,0,1,8,1
3233,0,1,1,0,1
8358,1,0,1,6,1
14294,1,0,1,8,1
1287,1,0,1,0,1
3809,1,0,1,2,1
4891,1,0,1,1,1
3861,1,0,1,4,1
454,1,0,1,4,1
4750,1,0,1,3,2
1622,1,0,1,0,1
8285,1,0,1,4,1
363,0,1,1,0,1
4034,1,0,1,2,1
4250,1,0,1,4,1
17644,0,1,1,0,1
7949,1,0,1,4,2
6144,1,0,1,6,2
13315,0,1,1,3,1
125,1,0,1,0,1
16603,0,1,1,1,1
6618,1,0,1,2,1
10141,1,0,1,3,1
4624,1,0,1,4,2
13746,1,0,1,2,1
15714,0,1,1,0,1
9859,1,0,1,2,1
2408,0,1,1,0,1
5037,1,0,1,2,1
11196,1,0,1,4,1
14840,0,1,1,0,1
11131,1,0,1,3,2
261,0,1,1,1,2
2043,1,0,1,4,1
17204,0,1,1,7,1
4629,0,1,1,3,1
11467,1,0,1,4,1
1320,0,1,1,2,1
4451,1,0,1,7,4
17532,0,1,1,1,1
176,1,0,1,3,1
18028,1,0,1,1,1
10020,1,0,1,7,1
12852,1,0,1,7,1
11125,1,0,1,4,1
4912,1,0,1,3,1
17998,0,1,1,2,1
3347,0,1,1,2,1
4802,1,0,1,3,3
10890,1,0,1,3,1
3253,1,0,1,0,1
9732,0,1,1,1,1
8450,1,0,1,2,1
8993,1,0,1,2,1
6274,0,1,1,3,1
1183,1,0,1,2,1
7510,0,1,1,2,1
13619,1,0,1,6,1
13872,1,0,1,2,1
7834,1,0,1,7,4
7283,1,0,1,6,1
13991,1,0,1,4,1
7800,1,0,1,8,1
11282,1,0,1,3,1
13646,1,0,1,8,1
11330,1,0,1,7,2
7792,1,0,1,3,4
3303,1,0,1,1,1
13074,1,0,1,7,1
16152,1,0,1,1,1
11427,0,1,1,4,2
17412,0,1,1,1,1
4198,1,0,1,8,1
6182,1,0,1,7,1
276,1,0,1,4,2
5916,1,0,1,3,2
7457,1,0,1,7,1
9370,1,0,1,9,2
12280,1,0,1,1,1
17745,0,1,1,2,1
9147,1,0,1,2,1
13104,1,0,1,4,1
5778,0,1,1,3,1
5247,1,0,1,7,1
6067,1,0,1,7,1
39,1,0,1,0,1
4112,1,0,1,3,1
10168,1,0,1,7,1
8352,1,0,1,4,1
13571,0,1,1,4,1
3691,0,1,1,8,1
14326,1,0,1,3,4
9133,1,0,1,6,4
7086,1,0,1,2,1
11016,1,0,1,4,1
3651,1,0,1,3,1
7015,1,0,1,7,1
449,1,0,1,1,1
383,0,1,1,0,1
18533,0,1,1,2,1
9036,0,1,1,7,4
8091,1,0,1,4,1
7292,1,0,1,3,1
4779,1,0,1,1,1
8131,1,0,1,8,1
9926,0,1,1,3,1
8793,1,0,1,3,1
15127,0,1,1,2,1
8397,0,1,1,2,1
1649,0,1,1,0,2
14139,1,0,1,4,1
359,1,0,1,7,1
3452,1,0,1,1,1
6206,1,0,1,3,1
10163,1,0,1,8,1
13271,1,0,1,2,2
3468,1,0,1,7,1
11709,1,0,1,1,1
6298,1,0,1,4,3
17854,0,1,1,2,1
14682,1,0,1,2,1
6566,1,0,1,4,2
10883,1,0,1,6,4
14558,1,0,1,4,1
4766,1,0,1,9,1
16422,0,1,1,4,1
6586,0,1,1,4,1
11551,1,0,1,4,2
998,0,1,1,0,1
15837,0,1,1,1,1
17874,1,0,1,0,1
18224,1,0,1,0,1
15247,0,1,1,1,1
10828,1,0,1,1,1
6462,1,0,1,7,1
1443,1,0,1,0,1
7349,1,0,1,6,3
1311,1,0,1,0,1
8282,1,0,1,2,1
6742,1,0,1,2,1
8191,1,0,1,4,1
7084,1,0,1,3,1
6392,1,0,1,8,2
7653,1,0,1,3,2
3911,1,0,1,7,1
14897,0,1,1,0,1
10870,1,0,1,1,2
17900,1,0,1,4,1
13468,1,0,1,7,1
4649,1,0,1,2,1
13184,1,0,1,7,3
6331,1,0,1,2,1
4606,1,0,1,4,1
4586,0,1,1,6,1
4893,1,0,1,1,1
10184,1,0,1,2,1
9668,0,1,1,2,1
17611,0,1,1,0,1
5847,1,0,1,1,1
14006,1,0,1,6,2
7871,1,0,1,4,1
6998,1,0,1,7,1
10393,0,1,1,8,1
4642,1,0,1,7,2
12909,0,1,1,8,1
4320,1,0,1,9,1
1057,0,1,1,3,1
9790,0,1,1,4,1
1260,0,1,1,4,2
16243,0,1,1,3,1
17679,0,1,1,1,1
4,1,0,1,0,1
13204,1,0,1,4,1
9613,1,0,1,6,1
18576,1,0,1,0,1
9142,1,0,1,7,2
12263,1,0,1,4,1
9687,1,0,1,1,1
5096,1,0,1,6,1
10052,1,0,1,1,1
12693,1,0,1,3,1
5700,0,1,1,3,1
1787,0,1,1,2,1
14541,1,0,1,7,1
14943,0,1,1,7,1
1335,0,1,1,1,2
11593,1,0,1,5,1
2971,1,0,1,2,1
10372,1,0,1,7,1
8454,0,1,1,1,1
16730,0,1,1,2,1
8579,1,0,1,7,1
464,1,0,1,2,1
10367,1,0,1,2,1
3612,0,1,1,3,2
5896,1,0,1,7,1
16433,0,1,1,0,1
5037,1,0,1,2,1
15540,0,1,1,7,1
6429,0,1,1,9,1
8700,1,0,1,1,1
12453,1,0,1,7,1
12979,0,1,1,2,1
6156,1,0,1,1,1
4670,1,0,1,8,1
7710,0,1,1,1,1
5483,1,0,1,4,1
14975,0,1,1,2,1
5170,1,0,1,3,1
13225,1,0,1,1,1
3658,1,0,1,1,2
5203,1,0,1,7,1
17829,0,1,1,2,1
1983,1,0,1,1,2
3494,1,0,1,8,1
14113,1,0,1,6,1
968,1,0,1,2,1
9510,1,0,1,7,1
15524,0,1,1,0,1
6206,1,0,1,3,1
11282,1,0,1,3,1
5097,1,0,1,9,2
16073,0,1,1,1,1
6012,1,0,1,4,1
5752,1,0,1,2,1
10307,1,0,1,2,1
109,1,0,1,2,1
4600,1,0,1,8,1
1228,1,0,1,0,2
9603,0,1,1,6,1
11759,1,0,1,4,1
1902,0,1,1,0,1
17800,0,1,1,1,1
3214,1,0,1,2,2
10951,1,0,1,6,1
13877,1,0,1,2,2
17624,1,0,1,5,1
5655,1,0,1,6,1
8894,1,0,1,2,1
18650,0,1,1,2,1
6440,1,0,1,6,1
4582,1,0,1,4,4
10481,1,0,1,2,1
713,0,1,1,4,1
1719,0,1,1,1,2
8025,0,1,1,2,1
11870,1,0,1,7,1
738,0,1,1,2,2
18269,1,0,1,1,1
7219,1,0,1,7,1
7158,1,0,1,6,1
4842,1,0,1,3,1
9998,1,0,1,4,1
9846,1,0,1,1,1
7109,1,0,1,3,2
1834,0,1,1,0,1
5128,1,0,1,3,1
12586,1,0,1,3,1
5308,1,0,1,7,1
14364,1,0,1,4,1
2465,0,1,1,0,1
17807,1,0,1,1,1
12109,1,0,1,1,1
16338,0,1,1,1,1
8099,1,0,1,2,2
15173,0,1,1,3,1
6643,1,0,1,4,1
10402,1,0,1,3,1
381,0,1,1,0,1
306,0,1,1,4,1
14057,1,0,1,8,1
6373,1,0,1,2,1
10744,1,0,1,7,4
4606,1,0,1,4,1
2168,0,1,1,0,1
7447,1,0,1,3,1
13815,1,0,1,3,2
9269,1,0,1,6,1
15646,0,1,1,9,1
5075,1,0,1,1,2
5523,0,1,1,4,3
3531,1,0,1,7,1
1376,1,0,1,1,2
6387,1,0,1,3,1
3910,1,0,1,1,1
706,1,0,1,1,1
12779,1,0,1,8,1
6989,1,0,1,9,1
9726,1,0,1,2,1
4313,1,0,1,8,1
2416,1,0,1,0,1
8184,1,0,1,4,1
9212,1,0,1,7,2
4857,1,0,1,2,1
15986,0,1,1,7,1
13349,1,0,1,4,2
1908,1,0,1,0,1
14581,1,0,1,3,1
10606,1,0,1,2,1
18000,1,0,1,1,1
2911,1,0,1,2,1
7387,1,0,1,2,1
11169,1,0,1,8,1
10289,1,0,1,3,1
5000,1,0,1,4,1
5031,1,0,1,2,1
18003,1,0,1,0,1
5194,1,0,1,7,1
7588,1,0,1,6,1
14331,1,0,1,3,3
10642,1,0,1,8,1
5031,1,0,1,2,1
317,0,1,1,2,2
18018,1,0,1,1,1
1830,1,0,1,2,1
13073,1,0,1,3,1
5993,1,0,1,4,2
1984,1,0,1,1,1
9744,1,0,1,7,1
6494,1,0,1,7,1
2515,0,1,1,0,4
12055,1,0,1,2,1
13669,1,0,1,2,1
7902,1,0,1,2,1
18412,1,0,1,2,1
140,0,1,1,0,1
15766,0,1,1,6,1
9197,1,0,1,3,1
7417,1,0,1,2,1
12945,1,0,1,7,1
6021,1,0,1,2,1
1133,1,0,1,1,1
11283,1,0,1,3,1
12396,1,0,1,7,1
8807,1,0,1,2,3
4133,1,0,1,2,1
9734,1,0,1,1,1
1297,1,0,1,0,1
9313,1,0,1,3,1
10918,1,0,1,4,1
4618,1,0,1,2,1
12461,1,0,1,4,4
5627,1,0,1,7,1
2663,1,0,1,2,1
8193,1,0,1,4,1
9366,1,0,1,9,1
4998,1,0,1,7,1
8546,1,0,1,4,1
4077,1,0,1,2,3
6047,0,1,1,4,3
12420,1,0,1,4,1
14462,1,0,1,1,1
7281,0,1,1,2,1
5190,1,0,1,2,2
5576,1,0,1,4,1
10917,0,1,1,4,2
11205,1,0,1,7,1
14560,1,0,1,4,1
17572,0,1,1,0,1
14320,1,0,1,7,1
6323,1,0,1,3,1
5858,1,0,1,1,1
2868,0,1,1,4,2
1127,0,1,1,2,1
5113,1,0,1,2,1
4498,1,0,1,4,1
1826,0,1,1,2,1
16477,0,1,1,1,1
11142,1,0,1,4,1
11787,0,1,1,3,1
10197,1,0,1,2,1
3310,0,1,1,7,1
1228,1,0,1,0,2
16185,0,1,1,2,1
11289,1,0,1,3,2
17888,1,0,1,2,1
7824,1,0,1,7,2
5994,1,0,1,2,1
7488,1,0,1,2,1
2263,1,0,1,2,1
13451,1,0,1,4,1
11506,1,0,1,2,1
8447,1,0,1,2,2
386,0,1,1,2,1
8004,1,0,1,8,1
2630,0,1,1,4,1
2275,1,0,1,2,2
7641,1,0,1,4,1
11736,1,0,1,3,1
4784,0,1,1,6,1
11634,1,0,1,2,1
5615,1,0,1,3,2
13038,1,0,1,4,1
8518,1,0,1,6,2
6894,1,0,1,2,1
5268,1,0,1,7,1
3561,1,0,1,4,1
14115,1,0,1,4,1
14325,1,0,1,2,1
4939,1,0,1,1,2
6541,1,0,1,8,3
12047,1,0,1,1,2
15810,1,0,1,5,2
12841,1,0,1,4,1
9752,1,0,1,3,1
6548,1,0,1,2,2
11424,1,0,1,4,2
11347,1,0,1,3,1
8228,1,0,1,1,1
7804,1,0,1,4,1
4328,1,0,1,7,2
10546,1,0,1,5,1
14322,1,0,1,2,3
9493,1,0,1,4,1
4588,1,0,1,2,1
1945,0,1,1,2,1
11477,0,1,1,7,1
14337,1,0,1,4,1
2525,0,1,1,2,1
8267,1,0,1,3,1
14324,0,1,1,2,1
17303,0,1,1,0,1
11719,1,0,1,1,2
10043,1,0,1,1,1
5736,1,0,1,6,1
9150,1,0,1,7,1
4135,1,0,1,6,1
16378,0,1,1,1,1
2513,0,1,1,0,1
908,0,1,1,2,1
5677,0,1,1,4,1
10829,1,0,1,7,2
11792,1,0,1,3,1
2465,0,1,1,0,1
14238,1,0,1,2,1
6446,0,1,1,3,1
10321,1,0,1,6,1
9322,1,0,1,2,1
6520,1,0,1,3,2
5445,1,0,1,2,1
11106,1,0,1,9,1
14294,1,0,1,8,1
9727,1,0,1,2,1
7577,1,0,1,2,2
3057,1,0,1,0,1
9770,1,0,1,8,1
2170,1,0,1,1,1
4365,1,0,1,7,1
4668,0,1,1,8,1
14051,0,1,1,6,2
17567,0,1,1,6,1
6948,1,0,1,4,1
4915,0,1,1,4,2
10616,1,0,1,7,2
5471,1,0,1,3,1
6690,1,0,1,4,1
12607,1,0,1,4,1
16922,0,1,1,1,1
13771,1,0,1,3,2
8835,1,0,1,6,1
7215,1,0,1,1,1
17072,0,1,1,0,1
3683,1,0,1,1,1
9718,1,0,1,8,1
13063,1,0,1,2,1
358,0,1,1,0,4
14267,1,0,1,2,1
1726,1,0,1,0,1
10733,1,0,1,3,1
14538,0,1,1,7,2
1295,0,1,1,0,2
6933,1,0,1,2,1
12019,0,1,1,7,1
13857,1,0,1,4,1
2057,1,0,1,2,1
6927,1,0,1,4,2
3977,1,0,1,5,1
8896,1,0,1,9,1
9790,0,1,1,4,1
4393,1,0,1,1,1
3594,1,0,1,3,2
11948,1,0,1,3,1
3779,1,0,1,2,4
5799,1,0,1,2,1
17168,0,1,1,2,1
11684,1,0,1,6,1
17977,0,1,1,4,2
2573,1,0,1,1,2
2867,1,0,1,0,1
5538,1,0,1,3,2
10264,1,0,1,3,3
16686,1,0,1,2,1
11922,1,0,1,2,1
9758,1,0,1,8,1
5511,1,0,1,2,2
8902,1,0,1,7,1
5565,1,0,1,1,2
5448,1,0,1,1,1
5722,0,1,1,3,1
4927,1,0,1,6,1
14389,1,0,1,7,1
12120,1,0,1,7,1
8082,0,1,1,4,2
17193,0,1,1,1,1
10179,0,1,1,4,3
10183,1,0,1,3,1
13231,1,0,1,7,1
1558,0,1,1,2,1
8512,1,0,1,1,1
1369,1,0,1,0,1
1051,0,1,1,0,1
8298,1,0,1,6,1
12762,1,0,1,3,1
8991,1,0,1,4,4
3983,1,0,1,6,1
14992,0,1,1,7,1
9815,1,0,1,3,3
11133,1,0,1,3,1
15612,0,1,1,0,2
7858,1,0,1,4,3
12184,1,0,1,4,1
5388,1,0,1,3,3
4407,0,1,1,3,1
6934,1,0,1,4,1
11338,1,0,1,4,1
8504,0,1,1,2,1
1701,1,0,1,0,2
877,1,0,1,0,1
6601,1,0,1,3,1
5398,1,0,1,2,1
2475,1,0,1,2,1
10555,1,0,1,7,1
428,0,1,1,0,1
6945,1,0,1,2,2
11438,1,0,1,1,3
9043,1,0,1,6,1
16391,0,1,1,2,1
353,0,1,1,2,1
4543,1,0,1,4,1
3666,1,0,1,3,2
14182,0,1,1,2,1
3809,1,0,1,2,1
2505,1,0,1,0,1
8976,1,0,1,4,1
8310,1,0,1,4,1
3596,1,0,1,3,3
511,0,1,1,4,1
3215,1,0,1,1,1
7311,1,0,1,8,1
9894,1,0,1,2,1
3111,1,0,1,6,1
3337,1,0,1,0,1
5622,0,1,1,4,1
5627,1,0,1,7,1
2863,1,0,1,4,1
10091,1,0,1,9,2
13225,1,0,1,1,1
108,1,0,1,2,1
16214,1,0,1,0,1
9065,0,1,1,6,2
12005,1,0,1,7,1
3293,0,1,1,2,1
11016,1,0,1,4,1
4931,1,0,1,6,2
1446,0,1,1,2,1
13506,1,0,1,4,1
10947,1,0,1,6,1
4198,1,0,1,8,1
13012,1,0,1,8,1
16946,0,1,1,6,1
14824,0,1,1,6,1
15706,0,1,1,1,1
7422,1,0,1,2,2
1398,1,0,1,2,1
11528,1,0,1,6,1
14149,1,0,1,2,1
9565,1,0,1,9,2
679,0,1,1,0,1
8774,1,0,1,4,1
12451,1,0,1,2,1
588,1,0,1,2,1
5861,0,1,1,7,1
17600,0,1,1,6,1
7924,0,1,1,8,1
6078,1,0,1,9,1
7417,1,0,1,2,1
10471,1,0,1,3,2
7632,1,0,1,8,1
5224,1,0,1,3,4
12805,1,0,1,2,1
13313,0,1,1,1,1
4563,1,0,1,2,1
659,1,0,1,0,1
16781,0,1,1,0,1
5214,1,0,1,2,1
6686,1,0,1,2,2
1812,0,1,1,2,1
3759,1,0,1,2,1
5434,1,0,1,6,1
8886,0,1,1,3,1
9873,1,0,1,6,1
9469,1,0,1,3,1
7046,1,0,1,4,1
11815,1,0,1,8,2
13385,1,0,1,3,2
16302,0,1,1,1,1
597,1,0,1,0,1
2261,1,0,1,2,1
8005,1,0,1,3,1
12793,1,0,1,4,2
15593,0,1,1,1,1
13128,1,0,1,8,4
9099,1,0,1,9,1
3382,1,0,1,3,1
5755,1,0,1,6,1
1768,0,1,1,2,2
1449,1,0,1,7,2
12161,1,0,1,1,1
14277,0,1,1,1,1
5774,1,0,1,4,1
1739,1,0,1,0,2
10795,1,0,1,8,1
986,1,0,1,1,1
3428,1,0,1,6,1
2224,0,1,1,0,1
5000,1,0,1,4,1
3253,1,0,1,0,1
11154,1,0,1,2,1
10826,0,1,1,6,1
271,1,0,1,7,1
4891,1,0,1,1,1
5891,1,0,1,7,1
10604,1,0,1,7,1
17797,0,1,1,6,1
11268,1,0,1,3,1
7464,1,0,1,2,3
3547,0,1,1,2,1
4795,1,0,1,4,1
3373,1,0,1,5,2
5343,1,0,1,8,1
14512,1,0,1,6,1
4932,1,0,1,6,1
6427,1,0,1,7,2
14975,0,1,1,2,1
6536,1,0,1,5,1
3488,1,0,1,8,1
2969,0,1,1,2,1
5704,1,0,1,1,1
11330,1,0,1,7,2
8268,0,1,1,3,1
13012,1,0,1,8,1
3329,0,1,1,2,1
15116,0,1,1,0,1
5695,1,0,1,3,1
5406,1,0,1,3,1
14236,1,0,1,3,1
12426,1,0,1,4,1
10313,0,1,1,4,1
2969,0,1,1,2,1
17854,0,1,1,2,1
18276,1,0,1,2,1
14009,1,0,1,4,1
16182,1,0,1,2,1
6613,1,0,1,2,1
13535,0,1,1,8,1
15754,1,0,1,0,1
7427,1,0,1,2,1
12791,1,0,1,3,2
13636,1,0,1,7,1
358,0,1,1,0,4
13646,1,0,1,8,1
8078,1,0,1,1,1
9440,1,0,1,6,1
14899,0,1,1,1,1
16761,0,1,1,1,1
7205,1,0,1,4,1
17266,0,1,1,1,1
11166,1,0,1,4,1
14133,1,0,1,4,2
11578,1,0,1,3,1
15486,1,0,1,0,2
14542,1,0,1,3,1
3585,0,1,1,2,1
14219,1,0,1,4,1
7844,1,0,1,1,1
16924,0,1,1,1,1
13310,1,0,1,1,2
14448,1,0,1,2,4
2081,1,0,1,2,1
15720,0,1,1,2,1
11944,1,0,1,3,1
11768,1,0,1,4,2
10173,1,0,1,4,1
3912,1,0,1,2,1
588,1,0,1,2,1
12261,1,0,1,6,1
5776,1,0,1,3,1
5498,1,0,1,8,2
2504,0,1,1,2,1
8759,1,0,1,4,2
2991,1,0,1,2,1
10034,1,0,1,4,1
8655,1,0,1,1,2
15216,1,0,1,0,1
9497,0,1,1,6,1
12708,1,0,1,7,2
8032,1,0,1,4,1
8188,1,0,1,3,1
3706,0,1,1,7,2
5053,1,0,1,3,1
17951,0,1,1,2,1
10576,0,1,1,2,2
7548,0,1,1,2,1
10440,1,0,1,9,2
6737,1,0,1,7,1
14291,1,0,1,2,2
347,1,0,1,2,2
12285,1,0,1,4,2
5775,1,0,1,6,2
10592,1,0,1,1,3
15270,1,0,1,4,1
10865,1,0,1,7,4
13702,1,0,1,2,2
12161,1,0,1,1,1
9249,1,0,1,4,1
2550,1,0,1,0,1
10657,1,0,1,7,1
2174,0,1,1,1,1
15029,0,1,1,1,1
14281,1,0,1,3,1
12655,1,0,1,3,2
7102,1,0,1,4,2
14447,1,0,1,3,1
8672,1,0,1,1,1
16787,0,1,1,2,1
5767,1,0,1,8,1
18024,0,1,1,0,1
512,0,1,1,2,1
2370,0,1,1,2,1
10153,1,0,1,7,1
4348,1,0,1,6,1
11159,1,0,1,6,1
11603,1,0,1,4,1
7004,1,0,1,3,1
16093,1,0,1,0,1
4098,1,0,1,8,1
10438,1,0,1,2,4
246,1,0,1,2,1
14920,0,1,1,1,1
6250,1,0,1,3,2
15781,1,0,1,3,1
7846,1,0,1,7,1
6690,1,0,1,4,1
11952,1,0,1,3,1
9036,0,1,1,7,4
1248,0,1,1,2,2
10557,1,0,1,2,1
3827,1,0,1,4,1
4261,0,1,1,8,1
9522,1,0,1,6,4
12913,1,0,1,4,1
464,1,0,1,2,1
5144,0,1,1,6,1
8262,1,0,1,4,1
1944,0,1,1,0,1
15072,1,0,1,1,1
11448,1,0,1,4,1
14379,1,0,1,1,1
14245,1,0,1,2,1
17108,0,1,1,2,1
4756,1,0,1,3,1
11574,1,0,1,3,1
11934,1,0,1,3,1
15077,0,1,1,1,2
13598,1,0,1,4,1
3745,1,0,1,2,1
181,1,0,1,0,2
13692,1,0,1,8,1
6821,1,0,1,6,1
4912,1,0,1,3,1
16023,1,0,1,3,1
13180,1,0,1,7,4
16806,0,1,1,8,1
11766,0,1,1,4,1
17265,0,1,1,2,1
7359,1,0,1,2,1
11667,0,1,1,3,1
2008,0,1,1,0,1
6417,1,0,1,7,4
10644,1,0,1,8,1
7168,1,0,1,3,1
7692,1,0,1,7,1
7153,1,0,1,3,1
3838,1,0,1,6,4
9699,1,0,1,4,1
3371,1,0,1,1,1
592,0,1,1,2,1
7499,0,1,1,4,1
2521,1,0,1,1,2
6628,1,0,1,8,1
1158,1,0,1,2,1
12068,1,0,1,3,1
13430,1,0,1,2,1
5057,1,0,1,3,1
9539,1,0,1,3,1
3779,1,0,1,2,4
10070,1,0,1,1,1
8110,1,0,1,4,1
6740,1,0,1,7,1
3205,1,0,1,0,1
1776,0,1,1,2,2
9787,1,0,1,4,1
11212,1,0,1,7,1
14006,1,0,1,6,2
6677,1,0,1,4,1
4497,1,0,1,5,4
13823,1,0,1,6,1
6447,1,0,1,2,4
9828,1,0,1,3,1
3376,1,0,1,3,1
10699,1,0,1,1,1
3138,0,1,1,4,1
11167,1,0,1,8,1
15813,0,1,1,2,2
1786,0,1,1,2,1
9043,1,0,1,6,1
13316,0,1,1,4,1
7665,1,0,1,1,1
15890,0,1,1,1,1
17206,0,1,1,3,1
4397,1,0,1,3,1
6586,0,1,1,4,1
10917,0,1,1,4,2
2869,1,0,1,4,1
7447,1,0,1,3,1
8893,1,0,1,2,1
14834,0,1,1,1,1
6907,0,1,1,1,1
13921,1,0,1,2,1
3802,1,0,1,9,1
10932,1,0,1,7,2
6386,0,1,1,3,1
9546,1,0,1,7,1
7636,0,1,1,4,1
16918,0,1,1,2,1
13885,1,0,1,3,1
317,0,1,1,2,2
7582,1,0,1,4,1
1170,1,0,1,4,1
7480,1,0,1,2,1
4991,1,0,1,4,1
10436,1,0,1,2,1
12186,1,0,1,3,1
14910,1,0,1,2,1
144,0,1,1,2,2
6106,1,0,1,4,1
12592,1,0,1,7,1
502,0,1,1,1,1
16258,0,1,1,2,1
4433,1,0,1,7,1
14919,0,1,1,8,1
2018,0,1,1,0,1
14538,0,1,1,7,2
12629,1,0,1,2,1
789,1,0,1,0,1
11724,1,0,1,1,1
9746,1,0,1,9,1
9944,1,0,1,7,1
12618,1,0,1,8,4
1969,0,1,1,0,1
7427,1,0,1,2,1
13971,1,0,1,4,1
4670,1,0,1,8,1
10131,0,1,1,4,1
15312,1,0,1,1,1
11069,1,0,1,3,2
8764,0,1,1,7,1
7633,1,0,1,8,1
15511,0,1,1,0,1
11977,1,0,1,3,1
7694,1,0,1,7,1
12121,1,0,1,3,1
2002,0,1,1,4,1
17858,0,1,1,2,1
11900,0,1,1,5,1
4440,1,0,1,8,1
16675,0,1,1,2,1
3679,1,0,1,1,2
3228,1,0,1,0,1
16055,0,1,1,7,1
12783,1,0,1,4,2
10094,1,0,1,1,1
17042,0,1,1,2,2
3616,1,0,1,8,1
10456,1,0,1,3,1
2129,1,0,1,0,1
8479,0,1,1,2,3
4352,1,0,1,7,1
8040,1,0,1,7,1
11646,1,0,1,8,1
14640,1,0,1,3,1
17826,0,1,1,1,1
3701,0,1,1,7,1
11195,1,0,1,4,1
6590,1,0,1,3,1
1634,0,1,1,0,3
13175,1,0,1,7,1
7933,1,0,1,6,1
7480,1,0,1,2,1
15036,0,1,1,0,1
4184,0,1,1,4,1
8671,1,0,1,1,1
1511,0,1,1,2,1
8026,1,0,1,7,2
6517,1,0,1,3,1
17309,0,1,1,3,1
6078,1,0,1,9,1
15731,0,1,1,0,1
1917,1,0,1,1,1
6506,1,0,1,2,1
10756,1,0,1,3,1
6098,1,0,1,8,2
14224,1,0,1,4,1
4373,1,0,1,4,1
7034,1,0,1,4,2
2000,1,0,1,0,1
8564,1,0,1,1,1
11332,0,1,1,8,2
6833,1,0,1,4,1
5021,1,0,1,7,1
15503,0,1,1,0,1
13888,1,0,1,2,2
8675,1,0,1,8,1
816,1,0,1,0,1
10740,1,0,1,9,1
7126,1,0,1,9,3
11958,1,0,1,8,2
10166,1,0,1,7,1
4821,1,0,1,1,1
13577,0,1,1,8,1
17727,0,1,1,8,1
12743,1,0,1,4,2
16785,0,1,1,6,1
3273,0,1,1,4,1
4551,1,0,1,1,1
10816,1,0,1,1,1
5346,1,0,1,6,1
5484,1,0,1,4,1
3839,1,0,1,4,1
13330,1,0,1,2,1
9306,0,1,1,3,3
5566,1,0,1,8,3
2867,1,0,1,0,1
9699,1,0,1,4,1
1213,0,1,1,4,1
7522,1,0,1,4,1
3439,1,0,1,3,1
14813,0,1,1,2,1
14838,0,1,1,4,1
14448,1,0,1,2,4
4755,1,0,1,3,2
10449,1,0,1,3,1
6679,1,0,1,2,1
5499,1,0,1,4,2
6335,1,0,1,3,1
8057,1,0,1,4,2
11554,1,0,1,3,1
8277,1,0,1,7,1
15489,0,1,1,0,1
1636,0,1,1,4,1
14370,1,0,1,7,2
17854,0,1,1,2,1
1455,0,1,1,2,1
17985,1,0,1,2,1
12199,1,0,1,3,1
2434,0,1,1,0,1
6809,1,0,1,3,1
4051,1,0,1,3,1
4970,1,0,1,3,1
14069,1,0,1,7,1
1939,0,1,1,4,1
9154,0,1,1,4,1
11868,1,0,1,7,1
3937,0,1,1,2,1
13795,1,0,1,6,1
425,0,1,1,4,1
14171,1,0,1,4,2
3499,0,1,1,7,4
2197,1,0,1,0,2
241,0,1,1,0,1
5605,1,0,1,9,2
5151,1,0,1,2,1
5202,1,0,1,6,1
3786,1,0,1,6,2
11773,1,0,1,3,1
4369,1,0,1,3,1
5377,1,0,1,9,1
3177,1,0,1,7,1
1443,1,0,1,0,1
6081,0,1,1,8,1
14427,1,0,1,6,1
10842,1,0,1,7,1
16744,0,1,1,1,1
2077,1,0,1,2,1
15157,0,1,1,2,1
13075,1,0,1,3,1
17050,0,1,1,1,1
12504,1,0,1,2,1
16308,0,1,1,7,1
17179,0,1,1,2,1
9076,1,0,1,2,3
3194,1,0,1,4,1
10491,1,0,1,7,1
11717,1,0,1,7,1
7871,1,0,1,4,1
6429,0,1,1,9,1
5167,1,0,1,7,1
9245,1,0,1,4,2
10295,1,0,1,8,1
14369,1,0,1,2,1
9990,1,0,1,4,1
8889,1,0,1,3,1
14077,1,0,1,4,1
13254,0,1,1,7,1
9505,1,0,1,7,1
3067,1,0,1,2,1
2015,1,0,1,0,1
13175,1,0,1,7,1
3596,1,0,1,3,3
10868,1,0,1,7,1
7573,1,0,1,4,1
13545,1,0,1,4,1
13252,1,0,1,2,1
10357,1,0,1,6,1
4265,1,0,1,3,4
155,0,1,1,2,1
15155,0,1,1,1,2
9511,1,0,1,7,2
10845,1,0,1,7,1
8084,1,0,1,3,1
12776,1,0,1,6,1
4250,1,0,1,4,1
7720,1,0,1,3,1
3625,1,0,1,8,1
7694,1,0,1,7,1
11368,1,0,1,3,2
3847,1,0,1,5,1
269,0,1,1,4,1
3469,1,0,1,3,1
31,0,1,1,2,1
908,0,1,1,2,1
7408,1,0,1,2,1
3517,1,0,1,3,1
13679,1,0,1,3,1
9618,1,0,1,2,1
180,1,0,1,1,1
7916,1,0,1,3,1
5032,1,0,1,1,2
5019,1,0,1,6,1
16509,1,0,1,0,1
14297,1,0,1,3,2
10486,1,0,1,2,1
9543,1,0,1,6,1
1930,1,0,1,0,1
2170,1,0,1,1,1
9866,1,0,1,2,1
11667,0,1,1,3,1
5529,1,0,1,3,1
2782,1,0,1,0,1
11084,1,0,1,4,1
7158,1,0,1,6,1
6706,0,1,1,4,2
9040,0,1,1,7,1
12582,0,1,1,2,1
7770,1,0,1,7,1
5371,1,0,1,2,1
6970,1,0,1,3,1
10156,1,0,1,7,1
16992,0,1,1,7,1
11861,1,0,1,7,1
13327,1,0,1,2,1
8099,1,0,1,2,2
8090,1,0,1,4,4
14722,0,1,1,7,1
6689,1,0,1,4,1
5196,1,0,1,1,3
7199,1,0,1,4,1
14077,1,0,1,4,1
11317,1,0,1,2,1
14331,1,0,1,3,3
6642,1,0,1,4,2
86,1,0,1,0,1
3492,1,0,1,8,3
7547,1,0,1,3,1
17015,0,1,1,7,2
14154,1,0,1,3,1
3635,1,0,1,2,2
10238,1,0,1,4,3
4606,1,0,1,4,1
1378,1,0,1,1,2
1856,0,1,1,2,1
12511,1,0,1,4,1
10268,1,0,1,3,1
5847,1,0,1,1,1
13118,1,0,1,4,1
2049,1,0,1,2,2
2615,0,1,1,0,1
13472,1,0,1,3,1
5419,1,0,1,7,2
3584,1,0,1,6,1
14281,1,0,1,3,1
16491,0,1,1,0,1
10840,1,0,1,7,1
6373,1,0,1,2,1
520,0,1,1,0,1
16787,0,1,1,2,1
3563,1,0,1,3,1
9577,1,0,1,2,1
10856,1,0,1,3,2
7770,1,0,1,7,1
17258,0,1,1,1,1
7704,1,0,1,3,1
2332,0,1,1,4,1
13630,1,0,1,3,1
18094,1,0,1,1,1
14712,0,1,1,0,1
17922,0,1,1,7,1
16487,0,1,1,3,1
8661,1,0,1,1,1
4433,1,0,1,7,1
15871,0,1,1,1,1
545,0,1,1,2,1
9615,1,0,1,3,1
7145,0,1,1,4,1
3632,1,0,1,2,1
2316,1,0,1,4,2
248,1,0,1,2,2
10198,1,0,1,3,1
4289,1,0,1,3,1
12863,1,0,1,3,1
9658,1,0,1,2,2
272,1,0,1,1,1
12941,1,0,1,4,4
11849,1,0,1,3,1
457,1,0,1,2,1
1845,0,1,1,4,1
5500,1,0,1,7,1
4021,1,0,1,2,1
8201,1,0,1,1,1
1768,0,1,1,2,2
13400,1,0,1,3,1
16939,0,1,1,1,1
5837,1,0,1,2,4
13358,0,1,1,4,1
14271,1,0,1,2,2
4729,1,0,1,8,1
11742,1,0,1,9,1
2725,1,0,1,0,1
11354,1,0,1,8,1
627,0,1,1,4,1
7673,1,0,1,3,4
8647,1,0,1,2,3
10811,1,0,1,7,1
10945,0,1,1,6,1
8971,1,0,1,3,1
14605,1,0,1,4,1
18395,0,1,1,1,1
10500,1,0,1,4,3
6793,1,0,1,4,1
14134,1,0,1,4,1
11893,1,0,1,4,1
10629,0,1,1,4,1
11690,1,0,1,6,1
25,1,0,1,2,1
361,1,0,1,2,1
4545,1,0,1,2,1
5018,1,0,1,7,1
4096,1,0,1,3,1
5251,1,0,1,4,1
12629,1,0,1,2,1
3872,1,0,1,4,2
12420,1,0,1,4,1
6532,0,1,1,2,1
8001,1,0,1,6,1
13566,1,0,1,1,1
569,0,1,1,2,1
9475,1,0,1,7,2
14178,1,0,1,4,1
2018,0,1,1,0,1
2747,1,0,1,1,1
15269,0,1,1,3,1
13726,1,0,1,4,1
4272,1,0,1,3,3
2541,0,1,1,2,1
2521,1,0,1,1,2
12199,1,0,1,3,1
13172,1,0,1,2,1
7540,1,0,1,7,1
11009,0,1,1,6,1
17745,0,1,1,2,1
9218,1,0,1,7,4
17320,0,1,1,2,1
9101,1,0,1,9,1
9920,1,0,1,3,1
9025,1,0,1,1,1
11525,1,0,1,4,1
7716,1,0,1,2,1
3596,1,0,1,3,3
