Model,Dataset,Accuracy,F1-score,L1 Ratio
Logistic Regression,Convabuse,0.3571581150937754,0.2717354806230482,0.0
Decision Tree,Convabuse MLMA,0.3604904515743153,0.2853071139066974,0.0
Logistic Regression,Dynamically Generated Hate Speech,0.834870848708487,0.8025838979045218,0.0
Random Forest,MLMA Hate Speech,0.3668478260869565,0.3503520217725706,0.0
Decision Tree,US Elections 2020 Hate Speech,0.7035984848484849,0.7026316577874102,0.0
