Dataset,Silhouette Score,Inertia,Model
Convabuse,1.0,4.843082105112139e-28,Best
Dynamically Generated Hate Speech,0.9987880867038872,21.944128018519056,Chosen
US Elections 2020 Hate Speech,0.5256828404026201,9.737501798821864e-31,Best
MLMA Hate Speech,0.1489095675099287,2286.093263702908,Chosen
Convabuse MLMA,0.9871027703721292,423.5976477091451,Chosen
