Dataset,Silhouette Score,Inertia,Model
Convabuse,0.6824183576117808,40.26328855956639,Chosen
Dynamically Generated Hate Speech,0.6568481613250476,129.4781226169749,Chosen
US Elections 2020 Hate Speech,0.5256828404026201,7.981053689540705e-31,Best
MLMA Hate Speech,0.2933872551244078,668.5472346624641,Chosen
