Model,Dataset,RMSE,R2
Linear Regression,Convabuse,1.2506692288951176,0.2173429826486719
Lasso Regularization,Online Abusive Attacks,4.008306165935147,0.9324516408772168
