Model,Dataset,Accuracy,F1-score,L1 Ratio
Logistic Regression,Convabuse,0.3323400874056416,0.2378010774143733,0.0
Logistic Regression,Dynamically Generated Hate Speech,0.834870848708487,0.8025838979045218,0.0
K-Nearest Neighbors,MLMA Hate Speech,0.470483508245877,0.4649470576132468,0.0
Decision Tree,US Elections 2020 Hate Speech,0.7035984848484849,0.7026316577874102,0.0
