Dataset,Best Model Silhouette Score,Best Model Inertia,Chosen Model Silhouette Score,Chosen Model Inertia
Convabuse,1.0,4.843082105112139e-28,1.0,2.356035244766802e-25
Dynamically Generated Hate Speech,0.8438017110296935,1681.3139311578914,0.9987880867038872,21.944128018519056
US Elections 2020 Hate Speech,0.861034097097756,2.9945010112655304,0.7272727272727273,0.4574389817603739
MLMA Hate Speech,0.1036988201982986,3999.864634008176,0.0974487728310442,2679.2388651315546
