Model,Dataset,RMSE,R2
Linear Regression,Convabuse,1.2506692288951176,0.2173429826486719
Linear Regression,Dynamically Generated Hate Speech,0.3365342736511525,0.5469775976385824
Linear Regression,Online Abusive Attacks,25.18447652673829,0.2470753986814943
Linear Regression,US Elections 2020 Hate Speech,0.4686345912207067,0.1212112575588127
Linear Regression,MLMA Hate Speech,1.439999707898464,0.0599994540241179
Linear Regression,Convabuse MLMA,1.3108349521443643,0.1345942605117757
