Dataset,Kernel,Regularization,RMSE,R2
Online Abusive Attacks,Linear,L1,26.166292635151184,0.18722559399509786
Online Abusive Attacks,linear,L1,113.71132947710224,-14.34946014659948
