Dataset,Best Model Silhouette Score,Best Model Inertia,Chosen Model Silhouette Score,Chosen Model Inertia,Best Parameters
Convabuse,1.0,4.843082105112139e-28,1.0,2.356035244766802e-25,"{'init': 'k-means++', 'max_iter': 1, 'n_init': 1}"
Dynamically Generated Hate Speech,0.8438017110296935,1681.3139311578914,0.9987880867038872,21.944128018519056,"{'init': 'k-means++', 'max_iter': 1, 'n_init': 8}"
US Elections 2020 Hate Speech,0.5256828404026201,9.737501798821864e-31,0.5256828404026201,3.342489937082936e-29,"{'init': 'k-means++', 'max_iter': 1, 'n_init': 1}"
MLMA Hate Speech,0.1405898554488694,3301.7931358120663,0.1489095675099287,2286.093263702908,"{'init': 'k-means++', 'max_iter': 13, 'n_init': 7}"
Convabuse MLMA,0.9456937870204695,1667.7452051765497,0.9871027703721291,423.5976477091451,"{'init': 'k-means++', 'max_iter': 1, 'n_init': 12}"
