Model,Dataset,RMSE,R2
Lasso Regularization,Online Abusive Attacks,25.179174757723498,0.24739237268272474
Ridge Regularization,Online Abusive Attacks,25.184472810343816,0.24707562089493762
ElasticNet Regularization,Online Abusive Attacks,25.178477793969318,0.24743403671522202
Linear Lasso Regression,Online Abusive Attacks,25.184476526738294,0.2470753986814943
Linear Ridge Regression,Online Abusive Attacks,25.07042266063495,0.253879551333844
Linear ElasticNet Regression,Online Abusive Attacks,25.07042266063495,0.253879551333844
