Dataset,Best Model Silhouette Score,Best Model Inertia,Chosen Model Silhouette Score,Chosen Model Inertia,Best Parameters
Convabuse,0.6534823780821838,167.655658254129,0.6824183576117808,40.26328855956639,"{'init': 'k-means++', 'max_iter': 2, 'n_init': 26}"
Dynamically Generated Hate Speech,0.5922348082232475,899.7484133403477,0.6568481613250476,129.4781226169749,"{'init': 'k-means++', 'max_iter': 1, 'n_init': 1}"
US Elections 2020 Hate Speech,0.5256828404026201,7.981053689540705e-31,0.5256828404026201,3.3424899370829356e-29,"{'init': 'k-means++', 'max_iter': 1, 'n_init': 1}"
MLMA Hate Speech,0.11500294491820975,1034.922427960983,0.29338725512440783,668.5472346624641,"{'init': 'k-means++', 'max_iter': 5, 'n_init': 21}"
