Model,Dataset,RMSE,R2
Linear Regression,Convabuse,0.6484222206923745,0.7920697873906051
Linear Regression,Dynamically Generated Hate Speech,0.3294062989338502,0.5659648753835721
Linear Regression,Online Abusive Attacks,25.184476526738294,0.2470753986814943
Linear Regression,US Elections 2020 Hate Speech,0.4686345912207067,0.12121125755881279
Linear Regression,MLMA Hate Speech,0.6817187684226717,0.06273980388662403
