Dataset,Kernel,Regularization,RMSE,R2
Online Abusive Attacks,Linear,L1,5.389867615187648,0.8778624436630365
Online Abusive Attacks,rbf,L1,17.499677219998848,-0.28751739875851157
