Model,Dataset,RMSE,R2
Linear Regression,Convabuse,1.2506692288951176,0.2173429826486719
Linear Regression,Dynamically Generated Hate Speech,0.3365342736511525,0.5469775976385824
Linear Regression,Online Abusive Attacks,4.1294794096422365,0.9283058632248125
Linear Regression,US Elections 2020 Hate Speech,0.4991128291565905,0.0027467384178758714
