Dataset,Kernel,Regularization,RMSE,R2
Online Abusive Attacks,Linear,L1,4.8892975239126875,0.8994953948616791
Online Abusive Attacks,Linear,L1,4.823755114657571,0.9021719190581577
