Dataset,Kernel,Regularization,RMSE,R2
Online Abusive Attacks,Linear,L1,28.303125158179686,0.0490571554671998
Online Abusive Attacks,linear,L1,110.85138508162002,-13.587063688318636
